Fitter report for riscv
Sun Jun  8 16:42:29 2025
Quartus Prime Version 24.1std.0 Build 1077 03/04/2025 SC Lite Edition


---------------------
; Table of Contents ;
---------------------
  1. Legal Notice
  2. Fitter Summary
  3. Fitter Settings
  4. Parallel Compilation
  5. Incremental Compilation Preservation Summary
  6. Incremental Compilation Partition Settings
  7. Incremental Compilation Placement Preservation
  8. Pin-Out File
  9. Fitter Resource Usage Summary
 10. Fitter Partition Statistics
 11. Input Pins
 12. Output Pins
 13. Dual Purpose and Dedicated Pins
 14. I/O Bank Usage
 15. All Package Pins
 16. I/O Assignment Warnings
 17. Fitter Resource Utilization by Entity
 18. Delay Chain Summary
 19. Pad To Core Delay Chain Fanout
 20. Control Signals
 21. Global & Other Fast Signals
 22. Fitter RAM Summary
 23. |TopDE|Uniciclo:UNI1|ramI:MemC|altsyncram:altsyncram_component|altsyncram_s9s3:auto_generated|ALTSYNCRAM
 24. Routing Usage Summary
 25. LAB Logic Elements
 26. LAB-wide Signals
 27. LAB Signals Sourced
 28. LAB Signals Sourced Out
 29. LAB Distinct Inputs
 30. I/O Rules Summary
 31. I/O Rules Details
 32. I/O Rules Matrix
 33. Fitter Device Options
 34. Operating Settings and Conditions
 35. Estimated Delay Added for Hold Timing Summary
 36. Estimated Delay Added for Hold Timing Details
 37. Fitter Messages
 38. Fitter Suppressed Messages



----------------
; Legal Notice ;
----------------
Copyright (C) 2025  Altera Corporation. All rights reserved.
Your use of Altera Corporation's design tools, logic functions 
and other software and tools, and any partner logic 
functions, and any output files from any of the foregoing 
(including device programming or simulation files), and any 
associated documentation or information are expressly subject 
to the terms and conditions of the Altera Program License 
Subscription Agreement, the Altera Quartus Prime License Agreement,
the Altera IP License Agreement, or other applicable license
agreement, including, without limitation, that your use is for
the sole purpose of programming logic devices manufactured by
Altera and sold by Altera or its authorized distributors.  Please
refer to the Altera Software License Subscription Agreements 
on the Quartus Prime software download page.



+--------------------------------------------------------------------------------------+
; Fitter Summary                                                                       ;
+------------------------------------+-------------------------------------------------+
; Fitter Status                      ; Successful - Sun Jun  8 16:42:29 2025           ;
; Quartus Prime Version              ; 24.1std.0 Build 1077 03/04/2025 SC Lite Edition ;
; Revision Name                      ; riscv                                           ;
; Top-level Entity Name              ; TopDE                                           ;
; Family                             ; Cyclone IV E                                    ;
; Device                             ; EP4CE6F17C6                                     ;
; Timing Models                      ; Final                                           ;
; Total logic elements               ; 2,892 / 6,272 ( 46 % )                          ;
;     Total combinational functions  ; 2,558 / 6,272 ( 41 % )                          ;
;     Dedicated logic registers      ; 1,025 / 6,272 ( 16 % )                          ;
; Total registers                    ; 1025                                            ;
; Total pins                         ; 108 / 180 ( 60 % )                              ;
; Total virtual pins                 ; 0                                               ;
; Total memory bits                  ; 65,536 / 276,480 ( 24 % )                       ;
; Embedded Multiplier 9-bit elements ; 0 / 30 ( 0 % )                                  ;
; Total PLLs                         ; 0 / 2 ( 0 % )                                   ;
+------------------------------------+-------------------------------------------------+


+----------------------------------------------------------------------------------------------------------------------------------------------------+
; Fitter Settings                                                                                                                                    ;
+--------------------------------------------------------------------+---------------------------------------+---------------------------------------+
; Option                                                             ; Setting                               ; Default Value                         ;
+--------------------------------------------------------------------+---------------------------------------+---------------------------------------+
; Device                                                             ; auto                                  ;                                       ;
; Fit Attempts to Skip                                               ; 0                                     ; 0.0                                   ;
; Use smart compilation                                              ; Off                                   ; Off                                   ;
; Enable parallel Assembler and Timing Analyzer during compilation   ; On                                    ; On                                    ;
; Enable compact report table                                        ; Off                                   ; Off                                   ;
; Auto Merge PLLs                                                    ; On                                    ; On                                    ;
; Router Timing Optimization Level                                   ; Normal                                ; Normal                                ;
; Perform Clocking Topology Analysis During Routing                  ; Off                                   ; Off                                   ;
; Placement Effort Multiplier                                        ; 1.0                                   ; 1.0                                   ;
; Router Effort Multiplier                                           ; 1.0                                   ; 1.0                                   ;
; Optimize Hold Timing                                               ; All Paths                             ; All Paths                             ;
; Optimize Multi-Corner Timing                                       ; On                                    ; On                                    ;
; Power Optimization During Fitting                                  ; Normal compilation                    ; Normal compilation                    ;
; SSN Optimization                                                   ; Off                                   ; Off                                   ;
; Optimize Timing                                                    ; Normal compilation                    ; Normal compilation                    ;
; Optimize Timing for ECOs                                           ; Off                                   ; Off                                   ;
; Regenerate Full Fit Report During ECO Compiles                     ; Off                                   ; Off                                   ;
; Optimize IOC Register Placement for Timing                         ; Normal                                ; Normal                                ;
; Limit to One Fitting Attempt                                       ; Off                                   ; Off                                   ;
; Final Placement Optimizations                                      ; Automatically                         ; Automatically                         ;
; Fitter Aggressive Routability Optimizations                        ; Automatically                         ; Automatically                         ;
; Fitter Initial Placement Seed                                      ; 1                                     ; 1                                     ;
; Periphery to Core Placement and Routing Optimization               ; Off                                   ; Off                                   ;
; PCI I/O                                                            ; Off                                   ; Off                                   ;
; Weak Pull-Up Resistor                                              ; Off                                   ; Off                                   ;
; Enable Bus-Hold Circuitry                                          ; Off                                   ; Off                                   ;
; Auto Packed Registers                                              ; Auto                                  ; Auto                                  ;
; Auto Delay Chains                                                  ; On                                    ; On                                    ;
; Auto Delay Chains for High Fanout Input Pins                       ; Off                                   ; Off                                   ;
; Allow Single-ended Buffer for Differential-XSTL Input              ; Off                                   ; Off                                   ;
; Treat Bidirectional Pin as Output Pin                              ; Off                                   ; Off                                   ;
; Perform Physical Synthesis for Combinational Logic for Fitting     ; Off                                   ; Off                                   ;
; Perform Physical Synthesis for Combinational Logic for Performance ; Off                                   ; Off                                   ;
; Perform Register Duplication for Performance                       ; Off                                   ; Off                                   ;
; Perform Logic to Memory Mapping for Fitting                        ; Off                                   ; Off                                   ;
; Perform Register Retiming for Performance                          ; Off                                   ; Off                                   ;
; Perform Asynchronous Signal Pipelining                             ; Off                                   ; Off                                   ;
; Fitter Effort                                                      ; Auto Fit                              ; Auto Fit                              ;
; Physical Synthesis Effort Level                                    ; Normal                                ; Normal                                ;
; Logic Cell Insertion - Logic Duplication                           ; Auto                                  ; Auto                                  ;
; Auto Register Duplication                                          ; Auto                                  ; Auto                                  ;
; Auto Global Clock                                                  ; On                                    ; On                                    ;
; Auto Global Register Control Signals                               ; On                                    ; On                                    ;
; Reserve all unused pins                                            ; As input tri-stated with weak pull-up ; As input tri-stated with weak pull-up ;
; Synchronizer Identification                                        ; Auto                                  ; Auto                                  ;
; Enable Beneficial Skew Optimization                                ; On                                    ; On                                    ;
; Optimize Design for Metastability                                  ; On                                    ; On                                    ;
; Force Fitter to Avoid Periphery Placement Warnings                 ; Off                                   ; Off                                   ;
; Enable input tri-state on active configuration pins in user mode   ; Off                                   ; Off                                   ;
+--------------------------------------------------------------------+---------------------------------------+---------------------------------------+


+------------------------------------------+
; Parallel Compilation                     ;
+----------------------------+-------------+
; Processors                 ; Number      ;
+----------------------------+-------------+
; Number detected on machine ; 12          ;
; Maximum allowed            ; 12          ;
;                            ;             ;
; Average used               ; 1.22        ;
; Maximum used               ; 12          ;
;                            ;             ;
; Usage by Processor         ; % Time Used ;
;     Processor 1            ; 100.0%      ;
;     Processor 2            ;   2.7%      ;
;     Processor 3            ;   2.4%      ;
;     Processor 4            ;   2.2%      ;
;     Processor 5            ;   2.1%      ;
;     Processor 6            ;   2.0%      ;
;     Processor 7            ;   2.0%      ;
;     Processor 8            ;   2.0%      ;
;     Processors 9-12        ;   1.7%      ;
+----------------------------+-------------+


+---------------------------------------------------------------------------------------------------+
; Incremental Compilation Preservation Summary                                                      ;
+---------------------+---------------------+----------------------------+--------------------------+
; Type                ; Total [A + B]       ; From Design Partitions [A] ; From Rapid Recompile [B] ;
+---------------------+---------------------+----------------------------+--------------------------+
; Placement (by node) ;                     ;                            ;                          ;
;     -- Requested    ; 0.00 % ( 0 / 3876 ) ; 0.00 % ( 0 / 3876 )        ; 0.00 % ( 0 / 3876 )      ;
;     -- Achieved     ; 0.00 % ( 0 / 3876 ) ; 0.00 % ( 0 / 3876 )        ; 0.00 % ( 0 / 3876 )      ;
;                     ;                     ;                            ;                          ;
; Routing (by net)    ;                     ;                            ;                          ;
;     -- Requested    ; 0.00 % ( 0 / 0 )    ; 0.00 % ( 0 / 0 )           ; 0.00 % ( 0 / 0 )         ;
;     -- Achieved     ; 0.00 % ( 0 / 0 )    ; 0.00 % ( 0 / 0 )           ; 0.00 % ( 0 / 0 )         ;
+---------------------+---------------------+----------------------------+--------------------------+


+----------------------------------------------------------------------------------------------------------------------------------------------------------------------------------------+
; Incremental Compilation Partition Settings                                                                                                                                             ;
+--------------------------------+----------------+-------------------+-------------------------+------------------------+------------------------------+--------------------------------+
; Partition Name                 ; Partition Type ; Netlist Type Used ; Preservation Level Used ; Netlist Type Requested ; Preservation Level Requested ; Contents                       ;
+--------------------------------+----------------+-------------------+-------------------------+------------------------+------------------------------+--------------------------------+
; Top                            ; User-created   ; Source File       ; N/A                     ; Source File            ; N/A                          ;                                ;
; hard_block:auto_generated_inst ; Auto-generated ; Source File       ; N/A                     ; Source File            ; N/A                          ; hard_block:auto_generated_inst ;
+--------------------------------+----------------+-------------------+-------------------------+------------------------+------------------------------+--------------------------------+


+------------------------------------------------------------------------------------------------------------------------------------+
; Incremental Compilation Placement Preservation                                                                                     ;
+--------------------------------+-----------------------+-------------------------+-------------------+---------------------+-------+
; Partition Name                 ; Preservation Achieved ; Preservation Level Used ; Netlist Type Used ; Preservation Method ; Notes ;
+--------------------------------+-----------------------+-------------------------+-------------------+---------------------+-------+
; Top                            ; 0.00 % ( 0 / 3866 )   ; N/A                     ; Source File       ; N/A                 ;       ;
; hard_block:auto_generated_inst ; 0.00 % ( 0 / 10 )     ; N/A                     ; Source File       ; N/A                 ;       ;
+--------------------------------+-----------------------+-------------------------+-------------------+---------------------+-------+


+--------------+
; Pin-Out File ;
+--------------+
The pin-out file can be found in C:/tempOAC/riscv_restored/output_files/riscv.pin.


+-------------------------------------------------------------------------+
; Fitter Resource Usage Summary                                           ;
+---------------------------------------------+---------------------------+
; Resource                                    ; Usage                     ;
+---------------------------------------------+---------------------------+
; Total logic elements                        ; 2,892 / 6,272 ( 46 % )    ;
;     -- Combinational with no register       ; 1867                      ;
;     -- Register only                        ; 334                       ;
;     -- Combinational with a register        ; 691                       ;
;                                             ;                           ;
; Logic element usage by number of LUT inputs ;                           ;
;     -- 4 input functions                    ; 2215                      ;
;     -- 3 input functions                    ; 283                       ;
;     -- <=2 input functions                  ; 60                        ;
;     -- Register only                        ; 334                       ;
;                                             ;                           ;
; Logic elements by mode                      ;                           ;
;     -- normal mode                          ; 2374                      ;
;     -- arithmetic mode                      ; 184                       ;
;                                             ;                           ;
; Total registers*                            ; 1,025 / 7,124 ( 14 % )    ;
;     -- Dedicated logic registers            ; 1,025 / 6,272 ( 16 % )    ;
;     -- I/O registers                        ; 0 / 852 ( 0 % )           ;
;                                             ;                           ;
; Total LABs:  partially or completely used   ; 222 / 392 ( 57 % )        ;
; Virtual pins                                ; 0                         ;
; I/O pins                                    ; 108 / 180 ( 60 % )        ;
;     -- Clock pins                           ; 3 / 3 ( 100 % )           ;
;     -- Dedicated input pins                 ; 0 / 9 ( 0 % )             ;
;                                             ;                           ;
; M9Ks                                        ; 8 / 30 ( 27 % )           ;
; Total block memory bits                     ; 65,536 / 276,480 ( 24 % ) ;
; Total block memory implementation bits      ; 73,728 / 276,480 ( 27 % ) ;
; Embedded Multiplier 9-bit elements          ; 0 / 30 ( 0 % )            ;
; PLLs                                        ; 0 / 2 ( 0 % )             ;
; Global signals                              ; 3                         ;
;     -- Global clocks                        ; 3 / 10 ( 30 % )           ;
; JTAGs                                       ; 0 / 1 ( 0 % )             ;
; CRC blocks                                  ; 0 / 1 ( 0 % )             ;
; ASMI blocks                                 ; 0 / 1 ( 0 % )             ;
; Oscillator blocks                           ; 0 / 1 ( 0 % )             ;
; Impedance control blocks                    ; 0 / 4 ( 0 % )             ;
; Average interconnect usage (total/H/V)      ; 22.2% / 22.1% / 22.4%     ;
; Peak interconnect usage (total/H/V)         ; 46.2% / 44.8% / 48.2%     ;
; Maximum fan-out                             ; 1327                      ;
; Highest non-global fan-out                  ; 259                       ;
; Total fan-out                               ; 13979                     ;
; Average fan-out                             ; 3.37                      ;
+---------------------------------------------+---------------------------+
*  Register count does not include registers inside RAM blocks or DSP blocks.



+-----------------------------------------------------------------------------------------------------+
; Fitter Partition Statistics                                                                         ;
+---------------------------------------------+----------------------+--------------------------------+
; Statistic                                   ; Top                  ; hard_block:auto_generated_inst ;
+---------------------------------------------+----------------------+--------------------------------+
; Difficulty Clustering Region                ; Low                  ; Low                            ;
;                                             ;                      ;                                ;
; Total logic elements                        ; 2892 / 6272 ( 46 % ) ; 0 / 6272 ( 0 % )               ;
;     -- Combinational with no register       ; 1867                 ; 0                              ;
;     -- Register only                        ; 334                  ; 0                              ;
;     -- Combinational with a register        ; 691                  ; 0                              ;
;                                             ;                      ;                                ;
; Logic element usage by number of LUT inputs ;                      ;                                ;
;     -- 4 input functions                    ; 2215                 ; 0                              ;
;     -- 3 input functions                    ; 283                  ; 0                              ;
;     -- <=2 input functions                  ; 60                   ; 0                              ;
;     -- Register only                        ; 334                  ; 0                              ;
;                                             ;                      ;                                ;
; Logic elements by mode                      ;                      ;                                ;
;     -- normal mode                          ; 2374                 ; 0                              ;
;     -- arithmetic mode                      ; 184                  ; 0                              ;
;                                             ;                      ;                                ;
; Total registers                             ; 1025                 ; 0                              ;
;     -- Dedicated logic registers            ; 1025 / 6272 ( 16 % ) ; 0 / 6272 ( 0 % )               ;
;     -- I/O registers                        ; 0                    ; 0                              ;
;                                             ;                      ;                                ;
; Total LABs:  partially or completely used   ; 222 / 392 ( 57 % )   ; 0 / 392 ( 0 % )                ;
;                                             ;                      ;                                ;
; Virtual pins                                ; 0                    ; 0                              ;
; I/O pins                                    ; 108                  ; 0                              ;
; Embedded Multiplier 9-bit elements          ; 0 / 30 ( 0 % )       ; 0 / 30 ( 0 % )                 ;
; Total memory bits                           ; 65536                ; 0                              ;
; Total RAM block bits                        ; 73728                ; 0                              ;
; M9K                                         ; 8 / 30 ( 26 % )      ; 0 / 30 ( 0 % )                 ;
; Clock control block                         ; 3 / 12 ( 25 % )      ; 0 / 12 ( 0 % )                 ;
;                                             ;                      ;                                ;
; Connections                                 ;                      ;                                ;
;     -- Input Connections                    ; 0                    ; 0                              ;
;     -- Registered Input Connections         ; 0                    ; 0                              ;
;     -- Output Connections                   ; 0                    ; 0                              ;
;     -- Registered Output Connections        ; 0                    ; 0                              ;
;                                             ;                      ;                                ;
; Internal Connections                        ;                      ;                                ;
;     -- Total Connections                    ; 14637                ; 5                              ;
;     -- Registered Connections               ; 3117                 ; 0                              ;
;                                             ;                      ;                                ;
; External Connections                        ;                      ;                                ;
;     -- Top                                  ; 0                    ; 0                              ;
;     -- hard_block:auto_generated_inst       ; 0                    ; 0                              ;
;                                             ;                      ;                                ;
; Partition Interface                         ;                      ;                                ;
;     -- Input Ports                          ; 7                    ; 0                              ;
;     -- Output Ports                         ; 101                  ; 0                              ;
;     -- Bidir Ports                          ; 0                    ; 0                              ;
;                                             ;                      ;                                ;
; Registered Ports                            ;                      ;                                ;
;     -- Registered Input Ports               ; 0                    ; 0                              ;
;     -- Registered Output Ports              ; 0                    ; 0                              ;
;                                             ;                      ;                                ;
; Port Connectivity                           ;                      ;                                ;
;     -- Input Ports driven by GND            ; 0                    ; 0                              ;
;     -- Output Ports driven by GND           ; 0                    ; 0                              ;
;     -- Input Ports driven by VCC            ; 0                    ; 0                              ;
;     -- Output Ports driven by VCC           ; 0                    ; 0                              ;
;     -- Input Ports with no Source           ; 0                    ; 0                              ;
;     -- Output Ports with no Source          ; 0                    ; 0                              ;
;     -- Input Ports with no Fanout           ; 0                    ; 0                              ;
;     -- Output Ports with no Fanout          ; 0                    ; 0                              ;
+---------------------------------------------+----------------------+--------------------------------+


+-------------------------------------------------------------------------------------------------------------------------------------------------------------------------------------------------------------------------------------------------------------------------------------------+
; Input Pins                                                                                                                                                                                                                                                                                ;
+----------+-------+----------+--------------+--------------+--------------+-----------------------+--------------------+--------+----------------+---------------+-----------------+----------+--------------+--------------+---------------------------+----------------------+-----------+
; Name     ; Pin # ; I/O Bank ; X coordinate ; Y coordinate ; Z coordinate ; Combinational Fan-Out ; Registered Fan-Out ; Global ; Input Register ; Power Up High ; PCI I/O Enabled ; Bus Hold ; Weak Pull Up ; I/O Standard ; Termination Control Block ; Location assigned by ; Slew Rate ;
+----------+-------+----------+--------------+--------------+--------------+-----------------------+--------------------+--------+----------------+---------------+-----------------+----------+--------------+--------------+---------------------------+----------------------+-----------+
; CLOCK    ; E1    ; 1        ; 0            ; 11           ; 7            ; 9                     ; 0                  ; yes    ; no             ; no            ; yes             ; no       ; Off          ; 2.5 V        ; --                        ; Fitter               ; no        ;
; Regin[0] ; R1    ; 2        ; 0            ; 5            ; 21           ; 257                   ; 0                  ; no     ; no             ; no            ; yes             ; no       ; Off          ; 2.5 V        ; --                        ; Fitter               ; no        ;
; Regin[1] ; C16   ; 6        ; 34           ; 20           ; 7            ; 257                   ; 0                  ; no     ; no             ; no            ; yes             ; no       ; Off          ; 2.5 V        ; --                        ; Fitter               ; no        ;
; Regin[2] ; E15   ; 6        ; 34           ; 12           ; 0            ; 241                   ; 0                  ; no     ; no             ; no            ; yes             ; no       ; Off          ; 2.5 V        ; --                        ; Fitter               ; no        ;
; Regin[3] ; E16   ; 6        ; 34           ; 12           ; 7            ; 241                   ; 0                  ; no     ; no             ; no            ; yes             ; no       ; Off          ; 2.5 V        ; --                        ; Fitter               ; no        ;
; Regin[4] ; B12   ; 7        ; 25           ; 24           ; 7            ; 32                    ; 0                  ; no     ; no             ; no            ; yes             ; no       ; Off          ; 2.5 V        ; --                        ; Fitter               ; no        ;
; Reset    ; M2    ; 2        ; 0            ; 11           ; 14           ; 1024                  ; 0                  ; yes    ; no             ; no            ; yes             ; no       ; Off          ; 2.5 V        ; --                        ; Fitter               ; no        ;
+----------+-------+----------+--------------+--------------+--------------+-----------------------+--------------------+--------+----------------+---------------+-----------------+----------+--------------+--------------+---------------------------+----------------------+-----------+


+-------------------------------------------------------------------------------------------------------------------------------------------------------------------------------------------------------------------------------------------------------------------------------------------------------------------------------------------------------------------------------------------------------------------------------------------------------------+
; Output Pins                                                                                                                                                                                                                                                                                                                                                                                                                                                 ;
+------------+-------+----------+--------------+--------------+--------------+-----------------+------------------------+---------------+-----------+-----------------+------------+---------------+----------+--------------+--------------+------------------+-----------------------------------+---------------------------+----------------------------+-----------------------------+----------------------+----------------------+---------------------+
; Name       ; Pin # ; I/O Bank ; X coordinate ; Y coordinate ; Z coordinate ; Output Register ; Output Enable Register ; Power Up High ; Slew Rate ; PCI I/O Enabled ; Open Drain ; TRI Primitive ; Bus Hold ; Weak Pull Up ; I/O Standard ; Current Strength ; Termination                       ; Termination Control Block ; Output Buffer Pre-emphasis ; Voltage Output Differential ; Location assigned by ; Output Enable Source ; Output Enable Group ;
+------------+-------+----------+--------------+--------------+--------------+-----------------+------------------------+---------------+-----------+-----------------+------------+---------------+----------+--------------+--------------+------------------+-----------------------------------+---------------------------+----------------------------+-----------------------------+----------------------+----------------------+---------------------+
; ClockDIV   ; J6    ; 2        ; 0            ; 10           ; 21           ; no              ; no                     ; no            ; 2         ; no              ; no         ; no            ; no       ; Off          ; 2.5 V        ; Default          ; Series 50 Ohm without Calibration ; --                        ; no                         ; no                          ; Fitter               ; -                    ; -                   ;
; Estado[0]  ; E9    ; 7        ; 18           ; 24           ; 21           ; no              ; no                     ; no            ; 2         ; no              ; no         ; no            ; no       ; Off          ; 2.5 V        ; Default          ; Series 50 Ohm without Calibration ; --                        ; no                         ; no                          ; Fitter               ; -                    ; -                   ;
; Estado[1]  ; J1    ; 2        ; 0            ; 10           ; 14           ; no              ; no                     ; no            ; 2         ; no              ; no         ; no            ; no       ; Off          ; 2.5 V        ; Default          ; Series 50 Ohm without Calibration ; --                        ; no                         ; no                          ; Fitter               ; -                    ; -                   ;
; Estado[2]  ; E7    ; 8        ; 7            ; 24           ; 0            ; no              ; no                     ; no            ; 2         ; no              ; no         ; no            ; no       ; Off          ; 2.5 V        ; Default          ; Series 50 Ohm without Calibration ; --                        ; no                         ; no                          ; Fitter               ; -                    ; -                   ;
; Estado[3]  ; B4    ; 8        ; 5            ; 24           ; 21           ; no              ; no                     ; no            ; 2         ; no              ; no         ; no            ; no       ; Off          ; 2.5 V        ; Default          ; Series 50 Ohm without Calibration ; --                        ; no                         ; no                          ; Fitter               ; -                    ; -                   ;
; Instr[0]   ; B11   ; 7        ; 25           ; 24           ; 21           ; no              ; no                     ; no            ; 2         ; no              ; no         ; no            ; no       ; Off          ; 2.5 V        ; Default          ; Series 50 Ohm without Calibration ; --                        ; no                         ; no                          ; Fitter               ; -                    ; -                   ;
; Instr[10]  ; T13   ; 4        ; 28           ; 0            ; 7            ; no              ; no                     ; no            ; 2         ; no              ; no         ; no            ; no       ; Off          ; 2.5 V        ; Default          ; Series 50 Ohm without Calibration ; --                        ; no                         ; no                          ; Fitter               ; -                    ; -                   ;
; Instr[11]  ; R13   ; 4        ; 28           ; 0            ; 14           ; no              ; no                     ; no            ; 2         ; no              ; no         ; no            ; no       ; Off          ; 2.5 V        ; Default          ; Series 50 Ohm without Calibration ; --                        ; no                         ; no                          ; Fitter               ; -                    ; -                   ;
; Instr[12]  ; A11   ; 7        ; 25           ; 24           ; 14           ; no              ; no                     ; no            ; 2         ; no              ; no         ; no            ; no       ; Off          ; 2.5 V        ; Default          ; Series 50 Ohm without Calibration ; --                        ; no                         ; no                          ; Fitter               ; -                    ; -                   ;
; Instr[13]  ; P8    ; 3        ; 16           ; 0            ; 14           ; no              ; no                     ; no            ; 2         ; no              ; no         ; no            ; no       ; Off          ; 2.5 V        ; Default          ; Series 50 Ohm without Calibration ; --                        ; no                         ; no                          ; Fitter               ; -                    ; -                   ;
; Instr[14]  ; A14   ; 7        ; 28           ; 24           ; 0            ; no              ; no                     ; no            ; 2         ; no              ; no         ; no            ; no       ; Off          ; 2.5 V        ; Default          ; Series 50 Ohm without Calibration ; --                        ; no                         ; no                          ; Fitter               ; -                    ; -                   ;
; Instr[15]  ; G2    ; 1        ; 0            ; 18           ; 14           ; no              ; no                     ; no            ; 2         ; no              ; no         ; no            ; no       ; Off          ; 2.5 V        ; Default          ; Series 50 Ohm without Calibration ; --                        ; no                         ; no                          ; Fitter               ; -                    ; -                   ;
; Instr[16]  ; L3    ; 2        ; 0            ; 7            ; 0            ; no              ; no                     ; no            ; 2         ; no              ; no         ; no            ; no       ; Off          ; 2.5 V        ; Default          ; Series 50 Ohm without Calibration ; --                        ; no                         ; no                          ; Fitter               ; -                    ; -                   ;
; Instr[17]  ; P1    ; 2        ; 0            ; 4            ; 21           ; no              ; no                     ; no            ; 2         ; no              ; no         ; no            ; no       ; Off          ; 2.5 V        ; Default          ; Series 50 Ohm without Calibration ; --                        ; no                         ; no                          ; Fitter               ; -                    ; -                   ;
; Instr[18]  ; P6    ; 3        ; 7            ; 0            ; 0            ; no              ; no                     ; no            ; 2         ; no              ; no         ; no            ; no       ; Off          ; 2.5 V        ; Default          ; Series 50 Ohm without Calibration ; --                        ; no                         ; no                          ; Fitter               ; -                    ; -                   ;
; Instr[19]  ; N1    ; 2        ; 0            ; 7            ; 21           ; no              ; no                     ; no            ; 2         ; no              ; no         ; no            ; no       ; Off          ; 2.5 V        ; Default          ; Series 50 Ohm without Calibration ; --                        ; no                         ; no                          ; Fitter               ; -                    ; -                   ;
; Instr[1]   ; F10   ; 7        ; 23           ; 24           ; 7            ; no              ; no                     ; no            ; 2         ; no              ; no         ; no            ; no       ; Off          ; 2.5 V        ; Default          ; Series 50 Ohm without Calibration ; --                        ; no                         ; no                          ; Fitter               ; -                    ; -                   ;
; Instr[20]  ; N2    ; 2        ; 0            ; 7            ; 14           ; no              ; no                     ; no            ; 2         ; no              ; no         ; no            ; no       ; Off          ; 2.5 V        ; Default          ; Series 50 Ohm without Calibration ; --                        ; no                         ; no                          ; Fitter               ; -                    ; -                   ;
; Instr[21]  ; C9    ; 7        ; 18           ; 24           ; 7            ; no              ; no                     ; no            ; 2         ; no              ; no         ; no            ; no       ; Off          ; 2.5 V        ; Default          ; Series 50 Ohm without Calibration ; --                        ; no                         ; no                          ; Fitter               ; -                    ; -                   ;
; Instr[22]  ; N11   ; 4        ; 30           ; 0            ; 21           ; no              ; no                     ; no            ; 2         ; no              ; no         ; no            ; no       ; Off          ; 2.5 V        ; Default          ; Series 50 Ohm without Calibration ; --                        ; no                         ; no                          ; Fitter               ; -                    ; -                   ;
; Instr[23]  ; F3    ; 1        ; 0            ; 21           ; 7            ; no              ; no                     ; no            ; 2         ; no              ; no         ; no            ; no       ; Off          ; 2.5 V        ; Default          ; Series 50 Ohm without Calibration ; --                        ; no                         ; no                          ; Fitter               ; -                    ; -                   ;
; Instr[24]  ; R12   ; 4        ; 23           ; 0            ; 0            ; no              ; no                     ; no            ; 2         ; no              ; no         ; no            ; no       ; Off          ; 2.5 V        ; Default          ; Series 50 Ohm without Calibration ; --                        ; no                         ; no                          ; Fitter               ; -                    ; -                   ;
; Instr[25]  ; A10   ; 7        ; 21           ; 24           ; 7            ; no              ; no                     ; no            ; 2         ; no              ; no         ; no            ; no       ; Off          ; 2.5 V        ; Default          ; Series 50 Ohm without Calibration ; --                        ; no                         ; no                          ; Fitter               ; -                    ; -                   ;
; Instr[26]  ; C8    ; 8        ; 13           ; 24           ; 0            ; no              ; no                     ; no            ; 2         ; no              ; no         ; no            ; no       ; Off          ; 2.5 V        ; Default          ; Series 50 Ohm without Calibration ; --                        ; no                         ; no                          ; Fitter               ; -                    ; -                   ;
; Instr[27]  ; D16   ; 6        ; 34           ; 19           ; 7            ; no              ; no                     ; no            ; 2         ; no              ; no         ; no            ; no       ; Off          ; 2.5 V        ; Default          ; Series 50 Ohm without Calibration ; --                        ; no                         ; no                          ; Fitter               ; -                    ; -                   ;
; Instr[28]  ; B16   ; 6        ; 34           ; 18           ; 0            ; no              ; no                     ; no            ; 2         ; no              ; no         ; no            ; no       ; Off          ; 2.5 V        ; Default          ; Series 50 Ohm without Calibration ; --                        ; no                         ; no                          ; Fitter               ; -                    ; -                   ;
; Instr[29]  ; K12   ; 5        ; 34           ; 3            ; 14           ; no              ; no                     ; no            ; 2         ; no              ; no         ; no            ; no       ; Off          ; 2.5 V        ; Default          ; Series 50 Ohm without Calibration ; --                        ; no                         ; no                          ; Fitter               ; -                    ; -                   ;
; Instr[2]   ; A13   ; 7        ; 30           ; 24           ; 7            ; no              ; no                     ; no            ; 2         ; no              ; no         ; no            ; no       ; Off          ; 2.5 V        ; Default          ; Series 50 Ohm without Calibration ; --                        ; no                         ; no                          ; Fitter               ; -                    ; -                   ;
; Instr[30]  ; F13   ; 6        ; 34           ; 17           ; 0            ; no              ; no                     ; no            ; 2         ; no              ; no         ; no            ; no       ; Off          ; 2.5 V        ; Default          ; Series 50 Ohm without Calibration ; --                        ; no                         ; no                          ; Fitter               ; -                    ; -                   ;
; Instr[31]  ; L12   ; 5        ; 34           ; 3            ; 21           ; no              ; no                     ; no            ; 2         ; no              ; no         ; no            ; no       ; Off          ; 2.5 V        ; Default          ; Series 50 Ohm without Calibration ; --                        ; no                         ; no                          ; Fitter               ; -                    ; -                   ;
; Instr[3]   ; G16   ; 6        ; 34           ; 17           ; 21           ; no              ; no                     ; no            ; 2         ; no              ; no         ; no            ; no       ; Off          ; 2.5 V        ; Default          ; Series 50 Ohm without Calibration ; --                        ; no                         ; no                          ; Fitter               ; -                    ; -                   ;
; Instr[4]   ; G11   ; 6        ; 34           ; 20           ; 14           ; no              ; no                     ; no            ; 2         ; no              ; no         ; no            ; no       ; Off          ; 2.5 V        ; Default          ; Series 50 Ohm without Calibration ; --                        ; no                         ; no                          ; Fitter               ; -                    ; -                   ;
; Instr[5]   ; G15   ; 6        ; 34           ; 17           ; 14           ; no              ; no                     ; no            ; 2         ; no              ; no         ; no            ; no       ; Off          ; 2.5 V        ; Default          ; Series 50 Ohm without Calibration ; --                        ; no                         ; no                          ; Fitter               ; -                    ; -                   ;
; Instr[6]   ; E10   ; 7        ; 28           ; 24           ; 21           ; no              ; no                     ; no            ; 2         ; no              ; no         ; no            ; no       ; Off          ; 2.5 V        ; Default          ; Series 50 Ohm without Calibration ; --                        ; no                         ; no                          ; Fitter               ; -                    ; -                   ;
; Instr[7]   ; A12   ; 7        ; 25           ; 24           ; 0            ; no              ; no                     ; no            ; 2         ; no              ; no         ; no            ; no       ; Off          ; 2.5 V        ; Default          ; Series 50 Ohm without Calibration ; --                        ; no                         ; no                          ; Fitter               ; -                    ; -                   ;
; Instr[8]   ; B14   ; 7        ; 28           ; 24           ; 7            ; no              ; no                     ; no            ; 2         ; no              ; no         ; no            ; no       ; Off          ; 2.5 V        ; Default          ; Series 50 Ohm without Calibration ; --                        ; no                         ; no                          ; Fitter               ; -                    ; -                   ;
; Instr[9]   ; N8    ; 3        ; 16           ; 0            ; 21           ; no              ; no                     ; no            ; 2         ; no              ; no         ; no            ; no       ; Off          ; 2.5 V        ; Default          ; Series 50 Ohm without Calibration ; --                        ; no                         ; no                          ; Fitter               ; -                    ; -                   ;
; PC[0]      ; R16   ; 5        ; 34           ; 5            ; 14           ; no              ; no                     ; no            ; 2         ; no              ; no         ; no            ; no       ; Off          ; 2.5 V        ; Default          ; Series 50 Ohm without Calibration ; --                        ; no                         ; no                          ; Fitter               ; -                    ; -                   ;
; PC[10]     ; P11   ; 4        ; 28           ; 0            ; 21           ; no              ; no                     ; no            ; 2         ; no              ; no         ; no            ; no       ; Off          ; 2.5 V        ; Default          ; Series 50 Ohm without Calibration ; --                        ; no                         ; no                          ; Fitter               ; -                    ; -                   ;
; PC[11]     ; K11   ; 5        ; 34           ; 6            ; 14           ; no              ; no                     ; no            ; 2         ; no              ; no         ; no            ; no       ; Off          ; 2.5 V        ; Default          ; Series 50 Ohm without Calibration ; --                        ; no                         ; no                          ; Fitter               ; -                    ; -                   ;
; PC[12]     ; C15   ; 6        ; 34           ; 20           ; 0            ; no              ; no                     ; no            ; 2         ; no              ; no         ; no            ; no       ; Off          ; 2.5 V        ; Default          ; Series 50 Ohm without Calibration ; --                        ; no                         ; no                          ; Fitter               ; -                    ; -                   ;
; PC[13]     ; K15   ; 5        ; 34           ; 9            ; 7            ; no              ; no                     ; no            ; 2         ; no              ; no         ; no            ; no       ; Off          ; 2.5 V        ; Default          ; Series 50 Ohm without Calibration ; --                        ; no                         ; no                          ; Fitter               ; -                    ; -                   ;
; PC[14]     ; D15   ; 6        ; 34           ; 19           ; 0            ; no              ; no                     ; no            ; 2         ; no              ; no         ; no            ; no       ; Off          ; 2.5 V        ; Default          ; Series 50 Ohm without Calibration ; --                        ; no                         ; no                          ; Fitter               ; -                    ; -                   ;
; PC[15]     ; F14   ; 6        ; 34           ; 19           ; 14           ; no              ; no                     ; no            ; 2         ; no              ; no         ; no            ; no       ; Off          ; 2.5 V        ; Default          ; Series 50 Ohm without Calibration ; --                        ; no                         ; no                          ; Fitter               ; -                    ; -                   ;
; PC[16]     ; K16   ; 5        ; 34           ; 9            ; 14           ; no              ; no                     ; no            ; 2         ; no              ; no         ; no            ; no       ; Off          ; 2.5 V        ; Default          ; Series 50 Ohm without Calibration ; --                        ; no                         ; no                          ; Fitter               ; -                    ; -                   ;
; PC[17]     ; L15   ; 5        ; 34           ; 8            ; 7            ; no              ; no                     ; no            ; 2         ; no              ; no         ; no            ; no       ; Off          ; 2.5 V        ; Default          ; Series 50 Ohm without Calibration ; --                        ; no                         ; no                          ; Fitter               ; -                    ; -                   ;
; PC[18]     ; J11   ; 5        ; 34           ; 9            ; 21           ; no              ; no                     ; no            ; 2         ; no              ; no         ; no            ; no       ; Off          ; 2.5 V        ; Default          ; Series 50 Ohm without Calibration ; --                        ; no                         ; no                          ; Fitter               ; -                    ; -                   ;
; PC[19]     ; J12   ; 5        ; 34           ; 11           ; 7            ; no              ; no                     ; no            ; 2         ; no              ; no         ; no            ; no       ; Off          ; 2.5 V        ; Default          ; Series 50 Ohm without Calibration ; --                        ; no                         ; no                          ; Fitter               ; -                    ; -                   ;
; PC[1]      ; P16   ; 5        ; 34           ; 5            ; 21           ; no              ; no                     ; no            ; 2         ; no              ; no         ; no            ; no       ; Off          ; 2.5 V        ; Default          ; Series 50 Ohm without Calibration ; --                        ; no                         ; no                          ; Fitter               ; -                    ; -                   ;
; PC[20]     ; N16   ; 5        ; 34           ; 7            ; 21           ; no              ; no                     ; no            ; 2         ; no              ; no         ; no            ; no       ; Off          ; 2.5 V        ; Default          ; Series 50 Ohm without Calibration ; --                        ; no                         ; no                          ; Fitter               ; -                    ; -                   ;
; PC[21]     ; J13   ; 5        ; 34           ; 11           ; 0            ; no              ; no                     ; no            ; 2         ; no              ; no         ; no            ; no       ; Off          ; 2.5 V        ; Default          ; Series 50 Ohm without Calibration ; --                        ; no                         ; no                          ; Fitter               ; -                    ; -                   ;
; PC[22]     ; M11   ; 4        ; 32           ; 0            ; 7            ; no              ; no                     ; no            ; 2         ; no              ; no         ; no            ; no       ; Off          ; 2.5 V        ; Default          ; Series 50 Ohm without Calibration ; --                        ; no                         ; no                          ; Fitter               ; -                    ; -                   ;
; PC[23]     ; J15   ; 5        ; 34           ; 10           ; 7            ; no              ; no                     ; no            ; 2         ; no              ; no         ; no            ; no       ; Off          ; 2.5 V        ; Default          ; Series 50 Ohm without Calibration ; --                        ; no                         ; no                          ; Fitter               ; -                    ; -                   ;
; PC[24]     ; L16   ; 5        ; 34           ; 8            ; 14           ; no              ; no                     ; no            ; 2         ; no              ; no         ; no            ; no       ; Off          ; 2.5 V        ; Default          ; Series 50 Ohm without Calibration ; --                        ; no                         ; no                          ; Fitter               ; -                    ; -                   ;
; PC[25]     ; J14   ; 5        ; 34           ; 10           ; 0            ; no              ; no                     ; no            ; 2         ; no              ; no         ; no            ; no       ; Off          ; 2.5 V        ; Default          ; Series 50 Ohm without Calibration ; --                        ; no                         ; no                          ; Fitter               ; -                    ; -                   ;
; PC[26]     ; L14   ; 5        ; 34           ; 7            ; 7            ; no              ; no                     ; no            ; 2         ; no              ; no         ; no            ; no       ; Off          ; 2.5 V        ; Default          ; Series 50 Ohm without Calibration ; --                        ; no                         ; no                          ; Fitter               ; -                    ; -                   ;
; PC[27]     ; P15   ; 5        ; 34           ; 4            ; 14           ; no              ; no                     ; no            ; 2         ; no              ; no         ; no            ; no       ; Off          ; 2.5 V        ; Default          ; Series 50 Ohm without Calibration ; --                        ; no                         ; no                          ; Fitter               ; -                    ; -                   ;
; PC[28]     ; N15   ; 5        ; 34           ; 7            ; 14           ; no              ; no                     ; no            ; 2         ; no              ; no         ; no            ; no       ; Off          ; 2.5 V        ; Default          ; Series 50 Ohm without Calibration ; --                        ; no                         ; no                          ; Fitter               ; -                    ; -                   ;
; PC[29]     ; F15   ; 6        ; 34           ; 18           ; 14           ; no              ; no                     ; no            ; 2         ; no              ; no         ; no            ; no       ; Off          ; 2.5 V        ; Default          ; Series 50 Ohm without Calibration ; --                        ; no                         ; no                          ; Fitter               ; -                    ; -                   ;
; PC[2]      ; T14   ; 4        ; 30           ; 0            ; 14           ; no              ; no                     ; no            ; 2         ; no              ; no         ; no            ; no       ; Off          ; 2.5 V        ; Default          ; Series 50 Ohm without Calibration ; --                        ; no                         ; no                          ; Fitter               ; -                    ; -                   ;
; PC[30]     ; L13   ; 5        ; 34           ; 8            ; 21           ; no              ; no                     ; no            ; 2         ; no              ; no         ; no            ; no       ; Off          ; 2.5 V        ; Default          ; Series 50 Ohm without Calibration ; --                        ; no                         ; no                          ; Fitter               ; -                    ; -                   ;
; PC[31]     ; J16   ; 5        ; 34           ; 9            ; 0            ; no              ; no                     ; no            ; 2         ; no              ; no         ; no            ; no       ; Off          ; 2.5 V        ; Default          ; Series 50 Ohm without Calibration ; --                        ; no                         ; no                          ; Fitter               ; -                    ; -                   ;
; PC[3]      ; N14   ; 5        ; 34           ; 4            ; 21           ; no              ; no                     ; no            ; 2         ; no              ; no         ; no            ; no       ; Off          ; 2.5 V        ; Default          ; Series 50 Ohm without Calibration ; --                        ; no                         ; no                          ; Fitter               ; -                    ; -                   ;
; PC[4]      ; N12   ; 4        ; 32           ; 0            ; 0            ; no              ; no                     ; no            ; 2         ; no              ; no         ; no            ; no       ; Off          ; 2.5 V        ; Default          ; Series 50 Ohm without Calibration ; --                        ; no                         ; no                          ; Fitter               ; -                    ; -                   ;
; PC[5]      ; M12   ; 5        ; 34           ; 2            ; 14           ; no              ; no                     ; no            ; 2         ; no              ; no         ; no            ; no       ; Off          ; 2.5 V        ; Default          ; Series 50 Ohm without Calibration ; --                        ; no                         ; no                          ; Fitter               ; -                    ; -                   ;
; PC[6]      ; M10   ; 4        ; 28           ; 0            ; 0            ; no              ; no                     ; no            ; 2         ; no              ; no         ; no            ; no       ; Off          ; 2.5 V        ; Default          ; Series 50 Ohm without Calibration ; --                        ; no                         ; no                          ; Fitter               ; -                    ; -                   ;
; PC[7]      ; N13   ; 5        ; 34           ; 2            ; 21           ; no              ; no                     ; no            ; 2         ; no              ; no         ; no            ; no       ; Off          ; 2.5 V        ; Default          ; Series 50 Ohm without Calibration ; --                        ; no                         ; no                          ; Fitter               ; -                    ; -                   ;
; PC[8]      ; T15   ; 4        ; 30           ; 0            ; 7            ; no              ; no                     ; no            ; 2         ; no              ; no         ; no            ; no       ; Off          ; 2.5 V        ; Default          ; Series 50 Ohm without Calibration ; --                        ; no                         ; no                          ; Fitter               ; -                    ; -                   ;
; PC[9]      ; R14   ; 4        ; 30           ; 0            ; 0            ; no              ; no                     ; no            ; 2         ; no              ; no         ; no            ; no       ; Off          ; 2.5 V        ; Default          ; Series 50 Ohm without Calibration ; --                        ; no                         ; no                          ; Fitter               ; -                    ; -                   ;
; Regout[0]  ; D3    ; 8        ; 1            ; 24           ; 7            ; no              ; no                     ; no            ; 2         ; no              ; no         ; no            ; no       ; Off          ; 2.5 V        ; Default          ; Series 50 Ohm without Calibration ; --                        ; no                         ; no                          ; Fitter               ; -                    ; -                   ;
; Regout[10] ; D12   ; 7        ; 30           ; 24           ; 0            ; no              ; no                     ; no            ; 2         ; no              ; no         ; no            ; no       ; Off          ; 2.5 V        ; Default          ; Series 50 Ohm without Calibration ; --                        ; no                         ; no                          ; Fitter               ; -                    ; -                   ;
; Regout[11] ; B8    ; 8        ; 16           ; 24           ; 21           ; no              ; no                     ; no            ; 2         ; no              ; no         ; no            ; no       ; Off          ; 2.5 V        ; Default          ; Series 50 Ohm without Calibration ; --                        ; no                         ; no                          ; Fitter               ; -                    ; -                   ;
; Regout[12] ; A8    ; 8        ; 16           ; 24           ; 14           ; no              ; no                     ; no            ; 2         ; no              ; no         ; no            ; no       ; Off          ; 2.5 V        ; Default          ; Series 50 Ohm without Calibration ; --                        ; no                         ; no                          ; Fitter               ; -                    ; -                   ;
; Regout[13] ; A2    ; 8        ; 5            ; 24           ; 0            ; no              ; no                     ; no            ; 2         ; no              ; no         ; no            ; no       ; Off          ; 2.5 V        ; Default          ; Series 50 Ohm without Calibration ; --                        ; no                         ; no                          ; Fitter               ; -                    ; -                   ;
; Regout[14] ; A6    ; 8        ; 9            ; 24           ; 14           ; no              ; no                     ; no            ; 2         ; no              ; no         ; no            ; no       ; Off          ; 2.5 V        ; Default          ; Series 50 Ohm without Calibration ; --                        ; no                         ; no                          ; Fitter               ; -                    ; -                   ;
; Regout[15] ; B7    ; 8        ; 11           ; 24           ; 7            ; no              ; no                     ; no            ; 2         ; no              ; no         ; no            ; no       ; Off          ; 2.5 V        ; Default          ; Series 50 Ohm without Calibration ; --                        ; no                         ; no                          ; Fitter               ; -                    ; -                   ;
; Regout[16] ; B13   ; 7        ; 30           ; 24           ; 21           ; no              ; no                     ; no            ; 2         ; no              ; no         ; no            ; no       ; Off          ; 2.5 V        ; Default          ; Series 50 Ohm without Calibration ; --                        ; no                         ; no                          ; Fitter               ; -                    ; -                   ;
; Regout[17] ; T11   ; 4        ; 23           ; 0            ; 7            ; no              ; no                     ; no            ; 2         ; no              ; no         ; no            ; no       ; Off          ; 2.5 V        ; Default          ; Series 50 Ohm without Calibration ; --                        ; no                         ; no                          ; Fitter               ; -                    ; -                   ;
; Regout[18] ; G1    ; 1        ; 0            ; 18           ; 21           ; no              ; no                     ; no            ; 2         ; no              ; no         ; no            ; no       ; Off          ; 2.5 V        ; Default          ; Series 50 Ohm without Calibration ; --                        ; no                         ; no                          ; Fitter               ; -                    ; -                   ;
; Regout[19] ; R6    ; 3        ; 11           ; 0            ; 21           ; no              ; no                     ; no            ; 2         ; no              ; no         ; no            ; no       ; Off          ; 2.5 V        ; Default          ; Series 50 Ohm without Calibration ; --                        ; no                         ; no                          ; Fitter               ; -                    ; -                   ;
; Regout[1]  ; D8    ; 8        ; 13           ; 24           ; 7            ; no              ; no                     ; no            ; 2         ; no              ; no         ; no            ; no       ; Off          ; 2.5 V        ; Default          ; Series 50 Ohm without Calibration ; --                        ; no                         ; no                          ; Fitter               ; -                    ; -                   ;
; Regout[20] ; T7    ; 3        ; 13           ; 0            ; 21           ; no              ; no                     ; no            ; 2         ; no              ; no         ; no            ; no       ; Off          ; 2.5 V        ; Default          ; Series 50 Ohm without Calibration ; --                        ; no                         ; no                          ; Fitter               ; -                    ; -                   ;
; Regout[21] ; R8    ; 3        ; 16           ; 0            ; 7            ; no              ; no                     ; no            ; 2         ; no              ; no         ; no            ; no       ; Off          ; 2.5 V        ; Default          ; Series 50 Ohm without Calibration ; --                        ; no                         ; no                          ; Fitter               ; -                    ; -                   ;
; Regout[22] ; B6    ; 8        ; 9            ; 24           ; 21           ; no              ; no                     ; no            ; 2         ; no              ; no         ; no            ; no       ; Off          ; 2.5 V        ; Default          ; Series 50 Ohm without Calibration ; --                        ; no                         ; no                          ; Fitter               ; -                    ; -                   ;
; Regout[23] ; F7    ; 8        ; 11           ; 24           ; 21           ; no              ; no                     ; no            ; 2         ; no              ; no         ; no            ; no       ; Off          ; 2.5 V        ; Default          ; Series 50 Ohm without Calibration ; --                        ; no                         ; no                          ; Fitter               ; -                    ; -                   ;
; Regout[24] ; A5    ; 8        ; 7            ; 24           ; 14           ; no              ; no                     ; no            ; 2         ; no              ; no         ; no            ; no       ; Off          ; 2.5 V        ; Default          ; Series 50 Ohm without Calibration ; --                        ; no                         ; no                          ; Fitter               ; -                    ; -                   ;
; Regout[25] ; A15   ; 7        ; 21           ; 24           ; 0            ; no              ; no                     ; no            ; 2         ; no              ; no         ; no            ; no       ; Off          ; 2.5 V        ; Default          ; Series 50 Ohm without Calibration ; --                        ; no                         ; no                          ; Fitter               ; -                    ; -                   ;
; Regout[26] ; B5    ; 8        ; 5            ; 24           ; 7            ; no              ; no                     ; no            ; 2         ; no              ; no         ; no            ; no       ; Off          ; 2.5 V        ; Default          ; Series 50 Ohm without Calibration ; --                        ; no                         ; no                          ; Fitter               ; -                    ; -                   ;
; Regout[27] ; T8    ; 3        ; 16           ; 0            ; 0            ; no              ; no                     ; no            ; 2         ; no              ; no         ; no            ; no       ; Off          ; 2.5 V        ; Default          ; Series 50 Ohm without Calibration ; --                        ; no                         ; no                          ; Fitter               ; -                    ; -                   ;
; Regout[28] ; N9    ; 4        ; 21           ; 0            ; 14           ; no              ; no                     ; no            ; 2         ; no              ; no         ; no            ; no       ; Off          ; 2.5 V        ; Default          ; Series 50 Ohm without Calibration ; --                        ; no                         ; no                          ; Fitter               ; -                    ; -                   ;
; Regout[29] ; E6    ; 8        ; 7            ; 24           ; 7            ; no              ; no                     ; no            ; 2         ; no              ; no         ; no            ; no       ; Off          ; 2.5 V        ; Default          ; Series 50 Ohm without Calibration ; --                        ; no                         ; no                          ; Fitter               ; -                    ; -                   ;
; Regout[2]  ; A9    ; 7        ; 16           ; 24           ; 0            ; no              ; no                     ; no            ; 2         ; no              ; no         ; no            ; no       ; Off          ; 2.5 V        ; Default          ; Series 50 Ohm without Calibration ; --                        ; no                         ; no                          ; Fitter               ; -                    ; -                   ;
; Regout[30] ; P2    ; 2        ; 0            ; 4            ; 14           ; no              ; no                     ; no            ; 2         ; no              ; no         ; no            ; no       ; Off          ; 2.5 V        ; Default          ; Series 50 Ohm without Calibration ; --                        ; no                         ; no                          ; Fitter               ; -                    ; -                   ;
; Regout[31] ; A4    ; 8        ; 5            ; 24           ; 14           ; no              ; no                     ; no            ; 2         ; no              ; no         ; no            ; no       ; Off          ; 2.5 V        ; Default          ; Series 50 Ohm without Calibration ; --                        ; no                         ; no                          ; Fitter               ; -                    ; -                   ;
; Regout[3]  ; E8    ; 8        ; 13           ; 24           ; 14           ; no              ; no                     ; no            ; 2         ; no              ; no         ; no            ; no       ; Off          ; 2.5 V        ; Default          ; Series 50 Ohm without Calibration ; --                        ; no                         ; no                          ; Fitter               ; -                    ; -                   ;
; Regout[4]  ; F8    ; 8        ; 13           ; 24           ; 21           ; no              ; no                     ; no            ; 2         ; no              ; no         ; no            ; no       ; Off          ; 2.5 V        ; Default          ; Series 50 Ohm without Calibration ; --                        ; no                         ; no                          ; Fitter               ; -                    ; -                   ;
; Regout[5]  ; B10   ; 7        ; 21           ; 24           ; 14           ; no              ; no                     ; no            ; 2         ; no              ; no         ; no            ; no       ; Off          ; 2.5 V        ; Default          ; Series 50 Ohm without Calibration ; --                        ; no                         ; no                          ; Fitter               ; -                    ; -                   ;
; Regout[6]  ; A7    ; 8        ; 11           ; 24           ; 0            ; no              ; no                     ; no            ; 2         ; no              ; no         ; no            ; no       ; Off          ; 2.5 V        ; Default          ; Series 50 Ohm without Calibration ; --                        ; no                         ; no                          ; Fitter               ; -                    ; -                   ;
; Regout[7]  ; C6    ; 8        ; 9            ; 24           ; 7            ; no              ; no                     ; no            ; 2         ; no              ; no         ; no            ; no       ; Off          ; 2.5 V        ; Default          ; Series 50 Ohm without Calibration ; --                        ; no                         ; no                          ; Fitter               ; -                    ; -                   ;
; Regout[8]  ; E11   ; 7        ; 28           ; 24           ; 14           ; no              ; no                     ; no            ; 2         ; no              ; no         ; no            ; no       ; Off          ; 2.5 V        ; Default          ; Series 50 Ohm without Calibration ; --                        ; no                         ; no                          ; Fitter               ; -                    ; -                   ;
; Regout[9]  ; B9    ; 7        ; 16           ; 24           ; 7            ; no              ; no                     ; no            ; 2         ; no              ; no         ; no            ; no       ; Off          ; 2.5 V        ; Default          ; Series 50 Ohm without Calibration ; --                        ; no                         ; no                          ; Fitter               ; -                    ; -                   ;
+------------+-------+----------+--------------+--------------+--------------+-----------------+------------------------+---------------+-----------+-----------------+------------+---------------+----------+--------------+--------------+------------------+-----------------------------------+---------------------------+----------------------------+-----------------------------+----------------------+----------------------+---------------------+


+-------------------------------------------------------------------------------------------------------------------------+
; Dual Purpose and Dedicated Pins                                                                                         ;
+----------+-----------------------------+--------------------------+-------------------------+---------------------------+
; Location ; Pin Name                    ; Reserved As              ; User Signal Name        ; Pin Type                  ;
+----------+-----------------------------+--------------------------+-------------------------+---------------------------+
; C1       ; DIFFIO_L1n, DATA1, ASDO     ; As input tri-stated      ; ~ALTERA_ASDO_DATA1~     ; Dual Purpose Pin          ;
; D2       ; DIFFIO_L2p, FLASH_nCE, nCSO ; As input tri-stated      ; ~ALTERA_FLASH_nCE_nCSO~ ; Dual Purpose Pin          ;
; F4       ; nSTATUS                     ; -                        ; -                       ; Dedicated Programming Pin ;
; H1       ; DCLK                        ; As output driving ground ; ~ALTERA_DCLK~           ; Dual Purpose Pin          ;
; H2       ; DATA0                       ; As input tri-stated      ; ~ALTERA_DATA0~          ; Dual Purpose Pin          ;
; H5       ; nCONFIG                     ; -                        ; -                       ; Dedicated Programming Pin ;
; J3       ; nCE                         ; -                        ; -                       ; Dedicated Programming Pin ;
; J16      ; DIFFIO_R7n, DEV_OE          ; Use as regular IO        ; PC[31]                  ; Dual Purpose Pin          ;
; J15      ; DIFFIO_R7p, DEV_CLRn        ; Use as regular IO        ; PC[23]                  ; Dual Purpose Pin          ;
; H14      ; CONF_DONE                   ; -                        ; -                       ; Dedicated Programming Pin ;
; H13      ; MSEL0                       ; -                        ; -                       ; Dedicated Programming Pin ;
; H12      ; MSEL1                       ; -                        ; -                       ; Dedicated Programming Pin ;
; G12      ; MSEL2                       ; -                        ; -                       ; Dedicated Programming Pin ;
; G12      ; MSEL3                       ; -                        ; -                       ; Dedicated Programming Pin ;
; G16      ; DIFFIO_R4n, INIT_DONE       ; Use as regular IO        ; Instr[3]                ; Dual Purpose Pin          ;
; G15      ; DIFFIO_R4p, CRC_ERROR       ; Use as regular IO        ; Instr[5]                ; Dual Purpose Pin          ;
; F16      ; DIFFIO_R3n, nCEO            ; Use as programming pin   ; ~ALTERA_nCEO~           ; Dual Purpose Pin          ;
; F15      ; DIFFIO_R3p, CLKUSR          ; Use as regular IO        ; PC[29]                  ; Dual Purpose Pin          ;
; E8       ; DIFFIO_T10n, DATA2          ; Use as regular IO        ; Regout[3]               ; Dual Purpose Pin          ;
; F8       ; DIFFIO_T10p, DATA3          ; Use as regular IO        ; Regout[4]               ; Dual Purpose Pin          ;
; B7       ; DIFFIO_T9p, DATA4           ; Use as regular IO        ; Regout[15]              ; Dual Purpose Pin          ;
; E7       ; DATA5                       ; Use as regular IO        ; Estado[2]               ; Dual Purpose Pin          ;
; E6       ; DATA6                       ; Use as regular IO        ; Regout[29]              ; Dual Purpose Pin          ;
; A5       ; DIFFIO_T6n, DATA7           ; Use as regular IO        ; Regout[24]              ; Dual Purpose Pin          ;
+----------+-----------------------------+--------------------------+-------------------------+---------------------------+


+-------------------------------------------------------------+
; I/O Bank Usage                                              ;
+----------+-------------------+---------------+--------------+
; I/O Bank ; Usage             ; VCCIO Voltage ; VREF Voltage ;
+----------+-------------------+---------------+--------------+
; 1        ; 8 / 17 ( 47 % )   ; 2.5V          ; --           ;
; 2        ; 9 / 19 ( 47 % )   ; 2.5V          ; --           ;
; 3        ; 7 / 26 ( 27 % )   ; 2.5V          ; --           ;
; 4        ; 13 / 27 ( 48 % )  ; 2.5V          ; --           ;
; 5        ; 23 / 25 ( 92 % )  ; 2.5V          ; --           ;
; 6        ; 14 / 14 ( 100 % ) ; 2.5V          ; --           ;
; 7        ; 19 / 26 ( 73 % )  ; 2.5V          ; --           ;
; 8        ; 20 / 26 ( 77 % )  ; 2.5V          ; --           ;
+----------+-------------------+---------------+--------------+


+-----------------------------------------------------------------------------------------------------------------------------------------------------------------------------------------+
; All Package Pins                                                                                                                                                                        ;
+----------+------------+----------+-----------------------------------------------------------+--------+--------------+---------+------------+-----------------+----------+--------------+
; Location ; Pad Number ; I/O Bank ; Pin Name/Usage                                            ; Dir.   ; I/O Standard ; Voltage ; I/O Type   ; User Assignment ; Bus Hold ; Weak Pull Up ;
+----------+------------+----------+-----------------------------------------------------------+--------+--------------+---------+------------+-----------------+----------+--------------+
; A1       ;            ; 8        ; VCCIO8                                                    ; power  ;              ; 2.5V    ; --         ;                 ; --       ; --           ;
; A2       ; 194        ; 8        ; Regout[13]                                                ; output ; 2.5 V        ;         ; Column I/O ; N               ; no       ; Off          ;
; A3       ; 200        ; 8        ; RESERVED_INPUT_WITH_WEAK_PULLUP                           ;        ;              ;         ; Column I/O ;                 ; no       ; On           ;
; A4       ; 196        ; 8        ; Regout[31]                                                ; output ; 2.5 V        ;         ; Column I/O ; N               ; no       ; Off          ;
; A5       ; 192        ; 8        ; Regout[24]                                                ; output ; 2.5 V        ;         ; Column I/O ; N               ; no       ; Off          ;
; A6       ; 188        ; 8        ; Regout[14]                                                ; output ; 2.5 V        ;         ; Column I/O ; N               ; no       ; Off          ;
; A7       ; 183        ; 8        ; Regout[6]                                                 ; output ; 2.5 V        ;         ; Column I/O ; N               ; no       ; Off          ;
; A8       ; 177        ; 8        ; Regout[12]                                                ; output ; 2.5 V        ;         ; Column I/O ; N               ; no       ; Off          ;
; A9       ; 175        ; 7        ; Regout[2]                                                 ; output ; 2.5 V        ;         ; Column I/O ; N               ; no       ; Off          ;
; A10      ; 168        ; 7        ; Instr[25]                                                 ; output ; 2.5 V        ;         ; Column I/O ; N               ; no       ; Off          ;
; A11      ; 161        ; 7        ; Instr[12]                                                 ; output ; 2.5 V        ;         ; Column I/O ; N               ; no       ; Off          ;
; A12      ; 159        ; 7        ; Instr[7]                                                  ; output ; 2.5 V        ;         ; Column I/O ; N               ; no       ; Off          ;
; A13      ; 153        ; 7        ; Instr[2]                                                  ; output ; 2.5 V        ;         ; Column I/O ; N               ; no       ; Off          ;
; A14      ; 155        ; 7        ; Instr[14]                                                 ; output ; 2.5 V        ;         ; Column I/O ; N               ; no       ; Off          ;
; A15      ; 167        ; 7        ; Regout[25]                                                ; output ; 2.5 V        ;         ; Column I/O ; N               ; no       ; Off          ;
; A16      ;            ; 7        ; VCCIO7                                                    ; power  ;              ; 2.5V    ; --         ;                 ; --       ; --           ;
; B1       ; 3          ; 1        ; RESERVED_INPUT_WITH_WEAK_PULLUP                           ;        ;              ;         ; Row I/O    ;                 ; no       ; On           ;
; B2       ;            ;          ; GND                                                       ; gnd    ;              ;         ; --         ;                 ; --       ; --           ;
; B3       ; 201        ; 8        ; RESERVED_INPUT_WITH_WEAK_PULLUP                           ;        ;              ;         ; Column I/O ;                 ; no       ; On           ;
; B4       ; 197        ; 8        ; Estado[3]                                                 ; output ; 2.5 V        ;         ; Column I/O ; N               ; no       ; Off          ;
; B5       ; 195        ; 8        ; Regout[26]                                                ; output ; 2.5 V        ;         ; Column I/O ; N               ; no       ; Off          ;
; B6       ; 189        ; 8        ; Regout[22]                                                ; output ; 2.5 V        ;         ; Column I/O ; N               ; no       ; Off          ;
; B7       ; 184        ; 8        ; Regout[15]                                                ; output ; 2.5 V        ;         ; Column I/O ; N               ; no       ; Off          ;
; B8       ; 178        ; 8        ; Regout[11]                                                ; output ; 2.5 V        ;         ; Column I/O ; N               ; no       ; Off          ;
; B9       ; 176        ; 7        ; Regout[9]                                                 ; output ; 2.5 V        ;         ; Column I/O ; N               ; no       ; Off          ;
; B10      ; 169        ; 7        ; Regout[5]                                                 ; output ; 2.5 V        ;         ; Column I/O ; N               ; no       ; Off          ;
; B11      ; 162        ; 7        ; Instr[0]                                                  ; output ; 2.5 V        ;         ; Column I/O ; N               ; no       ; Off          ;
; B12      ; 160        ; 7        ; Regin[4]                                                  ; input  ; 2.5 V        ;         ; Column I/O ; N               ; no       ; Off          ;
; B13      ; 154        ; 7        ; Regout[16]                                                ; output ; 2.5 V        ;         ; Column I/O ; N               ; no       ; Off          ;
; B14      ; 156        ; 7        ; Instr[8]                                                  ; output ; 2.5 V        ;         ; Column I/O ; N               ; no       ; Off          ;
; B15      ;            ;          ; GND                                                       ; gnd    ;              ;         ; --         ;                 ; --       ; --           ;
; B16      ; 141        ; 6        ; Instr[28]                                                 ; output ; 2.5 V        ;         ; Row I/O    ; N               ; no       ; Off          ;
; C1       ; 5          ; 1        ; ~ALTERA_ASDO_DATA1~ / RESERVED_INPUT_WITH_WEAK_PULLUP     ; input  ; 2.5 V        ;         ; Row I/O    ; N               ; no       ; On           ;
; C2       ; 4          ; 1        ; RESERVED_INPUT_WITH_WEAK_PULLUP                           ;        ;              ;         ; Row I/O    ;                 ; no       ; On           ;
; C3       ; 202        ; 8        ; RESERVED_INPUT_WITH_WEAK_PULLUP                           ;        ;              ;         ; Column I/O ;                 ; no       ; On           ;
; C4       ;            ; 8        ; VCCIO8                                                    ; power  ;              ; 2.5V    ; --         ;                 ; --       ; --           ;
; C5       ;            ;          ; GND                                                       ; gnd    ;              ;         ; --         ;                 ; --       ; --           ;
; C6       ; 187        ; 8        ; Regout[7]                                                 ; output ; 2.5 V        ;         ; Column I/O ; N               ; no       ; Off          ;
; C7       ;            ; 8        ; VCCIO8                                                    ; power  ;              ; 2.5V    ; --         ;                 ; --       ; --           ;
; C8       ; 179        ; 8        ; Instr[26]                                                 ; output ; 2.5 V        ;         ; Column I/O ; N               ; no       ; Off          ;
; C9       ; 172        ; 7        ; Instr[21]                                                 ; output ; 2.5 V        ;         ; Column I/O ; N               ; no       ; Off          ;
; C10      ;            ; 7        ; VCCIO7                                                    ; power  ;              ; 2.5V    ; --         ;                 ; --       ; --           ;
; C11      ; 163        ; 7        ; RESERVED_INPUT_WITH_WEAK_PULLUP                           ;        ;              ;         ; Column I/O ;                 ; --       ; --           ;
; C12      ;            ;          ; GND                                                       ; gnd    ;              ;         ; --         ;                 ; --       ; --           ;
; C13      ;            ; 7        ; VCCIO7                                                    ; power  ;              ; 2.5V    ; --         ;                 ; --       ; --           ;
; C14      ; 149        ; 7        ; RESERVED_INPUT_WITH_WEAK_PULLUP                           ;        ;              ;         ; Column I/O ;                 ; no       ; On           ;
; C15      ; 147        ; 6        ; PC[12]                                                    ; output ; 2.5 V        ;         ; Row I/O    ; N               ; no       ; Off          ;
; C16      ; 146        ; 6        ; Regin[1]                                                  ; input  ; 2.5 V        ;         ; Row I/O    ; N               ; no       ; Off          ;
; D1       ; 8          ; 1        ; RESERVED_INPUT_WITH_WEAK_PULLUP                           ;        ;              ;         ; Row I/O    ;                 ; no       ; On           ;
; D2       ; 7          ; 1        ; ~ALTERA_FLASH_nCE_nCSO~ / RESERVED_INPUT_WITH_WEAK_PULLUP ; input  ; 2.5 V        ;         ; Row I/O    ; N               ; no       ; On           ;
; D3       ; 203        ; 8        ; Regout[0]                                                 ; output ; 2.5 V        ;         ; Column I/O ; N               ; no       ; Off          ;
; D4       ; 0          ; 1        ; RESERVED_INPUT_WITH_WEAK_PULLUP                           ;        ;              ;         ; Row I/O    ;                 ; no       ; On           ;
; D5       ; 198        ; 8        ; RESERVED_INPUT_WITH_WEAK_PULLUP                           ;        ;              ;         ; Column I/O ;                 ; no       ; On           ;
; D6       ; 199        ; 8        ; RESERVED_INPUT_WITH_WEAK_PULLUP                           ;        ;              ;         ; Column I/O ;                 ; no       ; On           ;
; D7       ;            ;          ; GND                                                       ; gnd    ;              ;         ; --         ;                 ; --       ; --           ;
; D8       ; 180        ; 8        ; Regout[1]                                                 ; output ; 2.5 V        ;         ; Column I/O ; N               ; no       ; Off          ;
; D9       ; 173        ; 7        ; RESERVED_INPUT_WITH_WEAK_PULLUP                           ;        ;              ;         ; Column I/O ;                 ; no       ; On           ;
; D10      ;            ;          ; GND                                                       ; gnd    ;              ;         ; --         ;                 ; --       ; --           ;
; D11      ; 151        ; 7        ; RESERVED_INPUT_WITH_WEAK_PULLUP                           ;        ;              ;         ; Column I/O ;                 ; no       ; On           ;
; D12      ; 152        ; 7        ; Regout[10]                                                ; output ; 2.5 V        ;         ; Column I/O ; N               ; no       ; Off          ;
; D13      ;            ;          ; VCCD_PLL2                                                 ; power  ;              ; 1.2V    ; --         ;                 ; --       ; --           ;
; D14      ; 150        ; 7        ; RESERVED_INPUT_WITH_WEAK_PULLUP                           ;        ;              ;         ; Column I/O ;                 ; no       ; On           ;
; D15      ; 144        ; 6        ; PC[14]                                                    ; output ; 2.5 V        ;         ; Row I/O    ; N               ; no       ; Off          ;
; D16      ; 143        ; 6        ; Instr[27]                                                 ; output ; 2.5 V        ;         ; Row I/O    ; N               ; no       ; Off          ;
; E1       ; 24         ; 1        ; CLOCK                                                     ; input  ; 2.5 V        ;         ; Row I/O    ; N               ; no       ; Off          ;
; E2       ;            ;          ; GND                                                       ; gnd    ;              ;         ; --         ;                 ; --       ; --           ;
; E3       ;            ; 1        ; VCCIO1                                                    ; power  ;              ; 2.5V    ; --         ;                 ; --       ; --           ;
; E4       ;            ;          ; GND                                                       ; gnd    ;              ;         ; --         ;                 ; --       ; --           ;
; E5       ; 1          ; 1        ; RESERVED_INPUT_WITH_WEAK_PULLUP                           ;        ;              ;         ; Row I/O    ;                 ; no       ; On           ;
; E6       ; 191        ; 8        ; Regout[29]                                                ; output ; 2.5 V        ;         ; Column I/O ; N               ; no       ; Off          ;
; E7       ; 190        ; 8        ; Estado[2]                                                 ; output ; 2.5 V        ;         ; Column I/O ; N               ; no       ; Off          ;
; E8       ; 181        ; 8        ; Regout[3]                                                 ; output ; 2.5 V        ;         ; Column I/O ; N               ; no       ; Off          ;
; E9       ; 174        ; 7        ; Estado[0]                                                 ; output ; 2.5 V        ;         ; Column I/O ; N               ; no       ; Off          ;
; E10      ; 158        ; 7        ; Instr[6]                                                  ; output ; 2.5 V        ;         ; Column I/O ; N               ; no       ; Off          ;
; E11      ; 157        ; 7        ; Regout[8]                                                 ; output ; 2.5 V        ;         ; Column I/O ; N               ; no       ; Off          ;
; E12      ;            ;          ; GNDA2                                                     ; gnd    ;              ;         ; --         ;                 ; --       ; --           ;
; E13      ;            ;          ; GND                                                       ; gnd    ;              ;         ; --         ;                 ; --       ; --           ;
; E14      ;            ; 6        ; VCCIO6                                                    ; power  ;              ; 2.5V    ; --         ;                 ; --       ; --           ;
; E15      ; 128        ; 6        ; Regin[2]                                                  ; input  ; 2.5 V        ;         ; Row I/O    ; N               ; no       ; Off          ;
; E16      ; 127        ; 6        ; Regin[3]                                                  ; input  ; 2.5 V        ;         ; Row I/O    ; N               ; no       ; Off          ;
; F1       ; 12         ; 1        ; RESERVED_INPUT_WITH_WEAK_PULLUP                           ;        ;              ;         ; Row I/O    ;                 ; no       ; On           ;
; F2       ; 11         ; 1        ; RESERVED_INPUT_WITH_WEAK_PULLUP                           ;        ;              ;         ; Row I/O    ;                 ; no       ; On           ;
; F3       ; 6          ; 1        ; Instr[23]                                                 ; output ; 2.5 V        ;         ; Row I/O    ; N               ; no       ; Off          ;
; F4       ; 9          ; 1        ; ^nSTATUS                                                  ;        ;              ;         ; --         ;                 ; --       ; --           ;
; F5       ; 2          ; 1        ; RESERVED_INPUT_WITH_WEAK_PULLUP                           ;        ;              ;         ; Row I/O    ;                 ; no       ; On           ;
; F6       ; 185        ; 8        ; RESERVED_INPUT_WITH_WEAK_PULLUP                           ;        ;              ;         ; Column I/O ;                 ; no       ; On           ;
; F7       ; 186        ; 8        ; Regout[23]                                                ; output ; 2.5 V        ;         ; Column I/O ; N               ; no       ; Off          ;
; F8       ; 182        ; 8        ; Regout[4]                                                 ; output ; 2.5 V        ;         ; Column I/O ; N               ; no       ; Off          ;
; F9       ; 165        ; 7        ; RESERVED_INPUT_WITH_WEAK_PULLUP                           ;        ;              ;         ; Column I/O ;                 ; no       ; On           ;
; F10      ; 164        ; 7        ; Instr[1]                                                  ; output ; 2.5 V        ;         ; Column I/O ; N               ; no       ; Off          ;
; F11      ; 166        ; 7        ; RESERVED_INPUT_WITH_WEAK_PULLUP                           ;        ;              ;         ; Column I/O ;                 ; no       ; On           ;
; F12      ;            ; --       ; VCCA2                                                     ; power  ;              ; 2.5V    ; --         ;                 ; --       ; --           ;
; F13      ; 138        ; 6        ; Instr[30]                                                 ; output ; 2.5 V        ;         ; Row I/O    ; N               ; no       ; Off          ;
; F14      ; 142        ; 6        ; PC[15]                                                    ; output ; 2.5 V        ;         ; Row I/O    ; N               ; no       ; Off          ;
; F15      ; 140        ; 6        ; PC[29]                                                    ; output ; 2.5 V        ;         ; Row I/O    ; N               ; no       ; Off          ;
; F16      ; 139        ; 6        ; ~ALTERA_nCEO~ / RESERVED_OUTPUT_OPEN_DRAIN                ; output ; 2.5 V        ;         ; Row I/O    ; N               ; no       ; Off          ;
; G1       ; 14         ; 1        ; Regout[18]                                                ; output ; 2.5 V        ;         ; Row I/O    ; N               ; no       ; Off          ;
; G2       ; 13         ; 1        ; Instr[15]                                                 ; output ; 2.5 V        ;         ; Row I/O    ; N               ; no       ; Off          ;
; G3       ;            ; 1        ; VCCIO1                                                    ; power  ;              ; 2.5V    ; --         ;                 ; --       ; --           ;
; G4       ;            ;          ; GND                                                       ; gnd    ;              ;         ; --         ;                 ; --       ; --           ;
; G5       ; 10         ; 1        ; RESERVED_INPUT_WITH_WEAK_PULLUP                           ;        ;              ;         ; Row I/O    ;                 ; no       ; On           ;
; G6       ;            ;          ; VCCINT                                                    ; power  ;              ; 1.2V    ; --         ;                 ; --       ; --           ;
; G7       ;            ;          ; VCCINT                                                    ; power  ;              ; 1.2V    ; --         ;                 ; --       ; --           ;
; G8       ;            ;          ; VCCINT                                                    ; power  ;              ; 1.2V    ; --         ;                 ; --       ; --           ;
; G9       ;            ;          ; VCCINT                                                    ; power  ;              ; 1.2V    ; --         ;                 ; --       ; --           ;
; G10      ;            ;          ; VCCINT                                                    ; power  ;              ; 1.2V    ; --         ;                 ; --       ; --           ;
; G11      ; 145        ; 6        ; Instr[4]                                                  ; output ; 2.5 V        ;         ; Row I/O    ; N               ; no       ; Off          ;
; G12      ; 132        ; 6        ; ^MSEL2                                                    ;        ;              ;         ; --         ;                 ; --       ; --           ;
; G12      ; 133        ; 6        ; ^MSEL3                                                    ;        ;              ;         ; --         ;                 ; --       ; --           ;
; G13      ;            ;          ; GND                                                       ; gnd    ;              ;         ; --         ;                 ; --       ; --           ;
; G14      ;            ; 6        ; VCCIO6                                                    ; power  ;              ; 2.5V    ; --         ;                 ; --       ; --           ;
; G15      ; 137        ; 6        ; Instr[5]                                                  ; output ; 2.5 V        ;         ; Row I/O    ; N               ; no       ; Off          ;
; G16      ; 136        ; 6        ; Instr[3]                                                  ; output ; 2.5 V        ;         ; Row I/O    ; N               ; no       ; Off          ;
; H1       ; 15         ; 1        ; ~ALTERA_DCLK~                                             ; output ; 2.5 V        ;         ; Row I/O    ; N               ; no       ; On           ;
; H2       ; 16         ; 1        ; ~ALTERA_DATA0~ / RESERVED_INPUT_WITH_WEAK_PULLUP          ; input  ; 2.5 V        ;         ; Row I/O    ; N               ; no       ; On           ;
; H3       ; 19         ; 1        ; #TCK                                                      ; input  ;              ;         ; --         ;                 ; --       ; --           ;
; H4       ; 18         ; 1        ; #TDI                                                      ; input  ;              ;         ; --         ;                 ; --       ; --           ;
; H5       ; 17         ; 1        ; ^nCONFIG                                                  ;        ;              ;         ; --         ;                 ; --       ; --           ;
; H6       ;            ;          ; VCCINT                                                    ; power  ;              ; 1.2V    ; --         ;                 ; --       ; --           ;
; H7       ;            ;          ; GND                                                       ; gnd    ;              ;         ; --         ;                 ; --       ; --           ;
; H8       ;            ;          ; GND                                                       ; gnd    ;              ;         ; --         ;                 ; --       ; --           ;
; H9       ;            ;          ; GND                                                       ; gnd    ;              ;         ; --         ;                 ; --       ; --           ;
; H10      ;            ;          ; GND                                                       ; gnd    ;              ;         ; --         ;                 ; --       ; --           ;
; H11      ;            ;          ; VCCINT                                                    ; power  ;              ; 1.2V    ; --         ;                 ; --       ; --           ;
; H12      ; 131        ; 6        ; ^MSEL1                                                    ;        ;              ;         ; --         ;                 ; --       ; --           ;
; H13      ; 130        ; 6        ; ^MSEL0                                                    ;        ;              ;         ; --         ;                 ; --       ; --           ;
; H14      ; 129        ; 6        ; ^CONF_DONE                                                ;        ;              ;         ; --         ;                 ; --       ; --           ;
; H15      ;            ;          ; GND                                                       ; gnd    ;              ;         ; --         ;                 ; --       ; --           ;
; H16      ;            ;          ; GND                                                       ; gnd    ;              ;         ; --         ;                 ; --       ; --           ;
; J1       ; 28         ; 2        ; Estado[1]                                                 ; output ; 2.5 V        ;         ; Row I/O    ; N               ; no       ; Off          ;
; J2       ; 27         ; 2        ; RESERVED_INPUT_WITH_WEAK_PULLUP                           ;        ;              ;         ; Row I/O    ;                 ; no       ; On           ;
; J3       ; 22         ; 1        ; ^nCE                                                      ;        ;              ;         ; --         ;                 ; --       ; --           ;
; J4       ; 21         ; 1        ; #TDO                                                      ; output ;              ;         ; --         ;                 ; --       ; --           ;
; J5       ; 20         ; 1        ; #TMS                                                      ; input  ;              ;         ; --         ;                 ; --       ; --           ;
; J6       ; 29         ; 2        ; ClockDIV                                                  ; output ; 2.5 V        ;         ; Row I/O    ; N               ; no       ; Off          ;
; J7       ;            ;          ; GND                                                       ; gnd    ;              ;         ; --         ;                 ; --       ; --           ;
; J8       ;            ;          ; GND                                                       ; gnd    ;              ;         ; --         ;                 ; --       ; --           ;
; J9       ;            ;          ; GND                                                       ; gnd    ;              ;         ; --         ;                 ; --       ; --           ;
; J10      ;            ;          ; GND                                                       ; gnd    ;              ;         ; --         ;                 ; --       ; --           ;
; J11      ; 117        ; 5        ; PC[18]                                                    ; output ; 2.5 V        ;         ; Row I/O    ; N               ; no       ; Off          ;
; J12      ; 123        ; 5        ; PC[19]                                                    ; output ; 2.5 V        ;         ; Row I/O    ; N               ; no       ; Off          ;
; J13      ; 124        ; 5        ; PC[21]                                                    ; output ; 2.5 V        ;         ; Row I/O    ; N               ; no       ; Off          ;
; J14      ; 122        ; 5        ; PC[25]                                                    ; output ; 2.5 V        ;         ; Row I/O    ; N               ; no       ; Off          ;
; J15      ; 121        ; 5        ; PC[23]                                                    ; output ; 2.5 V        ;         ; Row I/O    ; N               ; no       ; Off          ;
; J16      ; 120        ; 5        ; PC[31]                                                    ; output ; 2.5 V        ;         ; Row I/O    ; N               ; no       ; Off          ;
; K1       ; 33         ; 2        ; RESERVED_INPUT_WITH_WEAK_PULLUP                           ;        ;              ;         ; Row I/O    ;                 ; no       ; On           ;
; K2       ; 32         ; 2        ; RESERVED_INPUT_WITH_WEAK_PULLUP                           ;        ;              ;         ; Row I/O    ;                 ; no       ; On           ;
; K3       ;            ; 2        ; VCCIO2                                                    ; power  ;              ; 2.5V    ; --         ;                 ; --       ; --           ;
; K4       ;            ;          ; GND                                                       ; gnd    ;              ;         ; --         ;                 ; --       ; --           ;
; K5       ; 39         ; 2        ; RESERVED_INPUT_WITH_WEAK_PULLUP                           ;        ;              ;         ; Row I/O    ;                 ; no       ; On           ;
; K6       ; 30         ; 2        ; RESERVED_INPUT_WITH_WEAK_PULLUP                           ;        ;              ;         ; Row I/O    ;                 ; no       ; On           ;
; K7       ;            ;          ; VCCINT                                                    ; power  ;              ; 1.2V    ; --         ;                 ; --       ; --           ;
; K8       ; 60         ; 3        ; RESERVED_INPUT_WITH_WEAK_PULLUP                           ;        ;              ;         ; Column I/O ;                 ; no       ; On           ;
; K9       ; 76         ; 4        ; RESERVED_INPUT_WITH_WEAK_PULLUP                           ;        ;              ;         ; Column I/O ;                 ; no       ; On           ;
; K10      ; 87         ; 4        ; RESERVED_INPUT_WITH_WEAK_PULLUP                           ;        ;              ;         ; Column I/O ;                 ; no       ; On           ;
; K11      ; 110        ; 5        ; PC[11]                                                    ; output ; 2.5 V        ;         ; Row I/O    ; N               ; no       ; Off          ;
; K12      ; 105        ; 5        ; Instr[29]                                                 ; output ; 2.5 V        ;         ; Row I/O    ; N               ; no       ; Off          ;
; K13      ;            ;          ; GND                                                       ; gnd    ;              ;         ; --         ;                 ; --       ; --           ;
; K14      ;            ; 5        ; VCCIO5                                                    ; power  ;              ; 2.5V    ; --         ;                 ; --       ; --           ;
; K15      ; 119        ; 5        ; PC[13]                                                    ; output ; 2.5 V        ;         ; Row I/O    ; N               ; no       ; Off          ;
; K16      ; 118        ; 5        ; PC[16]                                                    ; output ; 2.5 V        ;         ; Row I/O    ; N               ; no       ; Off          ;
; L1       ; 35         ; 2        ; RESERVED_INPUT_WITH_WEAK_PULLUP                           ;        ;              ;         ; Row I/O    ;                 ; no       ; On           ;
; L2       ; 34         ; 2        ; RESERVED_INPUT_WITH_WEAK_PULLUP                           ;        ;              ;         ; Row I/O    ;                 ; no       ; On           ;
; L3       ; 36         ; 2        ; Instr[16]                                                 ; output ; 2.5 V        ;         ; Row I/O    ; N               ; no       ; Off          ;
; L4       ; 40         ; 2        ; RESERVED_INPUT_WITH_WEAK_PULLUP                           ;        ;              ;         ; Row I/O    ;                 ; no       ; On           ;
; L5       ;            ; --       ; VCCA1                                                     ; power  ;              ; 2.5V    ; --         ;                 ; --       ; --           ;
; L6       ; 31         ; 2        ; RESERVED_INPUT_WITH_WEAK_PULLUP                           ;        ;              ;         ; Row I/O    ;                 ; no       ; On           ;
; L7       ; 65         ; 3        ; RESERVED_INPUT_WITH_WEAK_PULLUP                           ;        ;              ;         ; Column I/O ;                 ; no       ; On           ;
; L8       ; 68         ; 3        ; RESERVED_INPUT_WITH_WEAK_PULLUP                           ;        ;              ;         ; Column I/O ;                 ; no       ; On           ;
; L9       ; 77         ; 4        ; RESERVED_INPUT_WITH_WEAK_PULLUP                           ;        ;              ;         ; Column I/O ;                 ; no       ; On           ;
; L10      ; 88         ; 4        ; RESERVED_INPUT_WITH_WEAK_PULLUP                           ;        ;              ;         ; Column I/O ;                 ; no       ; On           ;
; L11      ; 99         ; 4        ; RESERVED_INPUT_WITH_WEAK_PULLUP                           ;        ;              ;         ; Column I/O ;                 ; no       ; On           ;
; L12      ; 104        ; 5        ; Instr[31]                                                 ; output ; 2.5 V        ;         ; Row I/O    ; N               ; no       ; Off          ;
; L13      ; 114        ; 5        ; PC[30]                                                    ; output ; 2.5 V        ;         ; Row I/O    ; N               ; no       ; Off          ;
; L14      ; 113        ; 5        ; PC[26]                                                    ; output ; 2.5 V        ;         ; Row I/O    ; N               ; no       ; Off          ;
; L15      ; 116        ; 5        ; PC[17]                                                    ; output ; 2.5 V        ;         ; Row I/O    ; N               ; no       ; Off          ;
; L16      ; 115        ; 5        ; PC[24]                                                    ; output ; 2.5 V        ;         ; Row I/O    ; N               ; no       ; Off          ;
; M1       ; 26         ; 2        ; GND+                                                      ;        ;              ;         ; Row I/O    ;                 ; --       ; --           ;
; M2       ; 25         ; 2        ; Reset                                                     ; input  ; 2.5 V        ;         ; Row I/O    ; N               ; no       ; Off          ;
; M3       ;            ; 2        ; VCCIO2                                                    ; power  ;              ; 2.5V    ; --         ;                 ; --       ; --           ;
; M4       ;            ;          ; GND                                                       ; gnd    ;              ;         ; --         ;                 ; --       ; --           ;
; M5       ;            ;          ; GNDA1                                                     ; gnd    ;              ;         ; --         ;                 ; --       ; --           ;
; M6       ; 57         ; 3        ; RESERVED_INPUT_WITH_WEAK_PULLUP                           ;        ;              ;         ; Column I/O ;                 ; no       ; On           ;
; M7       ; 59         ; 3        ; RESERVED_INPUT_WITH_WEAK_PULLUP                           ;        ;              ;         ; Column I/O ;                 ; no       ; On           ;
; M8       ; 69         ; 3        ; RESERVED_INPUT_WITH_WEAK_PULLUP                           ;        ;              ;         ; Column I/O ;                 ; no       ; On           ;
; M9       ; 78         ; 4        ; RESERVED_INPUT_WITH_WEAK_PULLUP                           ;        ;              ;         ; Column I/O ;                 ; no       ; On           ;
; M10      ; 93         ; 4        ; PC[6]                                                     ; output ; 2.5 V        ;         ; Column I/O ; N               ; no       ; Off          ;
; M11      ; 100        ; 4        ; PC[22]                                                    ; output ; 2.5 V        ;         ; Column I/O ; N               ; no       ; Off          ;
; M12      ; 103        ; 5        ; PC[5]                                                     ; output ; 2.5 V        ;         ; Row I/O    ; N               ; no       ; Off          ;
; M13      ;            ;          ; GND                                                       ; gnd    ;              ;         ; --         ;                 ; --       ; --           ;
; M14      ;            ; 5        ; VCCIO5                                                    ; power  ;              ; 2.5V    ; --         ;                 ; --       ; --           ;
; M15      ; 126        ; 5        ; GND+                                                      ;        ;              ;         ; Row I/O    ;                 ; --       ; --           ;
; M16      ; 125        ; 5        ; GND+                                                      ;        ;              ;         ; Row I/O    ;                 ; --       ; --           ;
; N1       ; 38         ; 2        ; Instr[19]                                                 ; output ; 2.5 V        ;         ; Row I/O    ; N               ; no       ; Off          ;
; N2       ; 37         ; 2        ; Instr[20]                                                 ; output ; 2.5 V        ;         ; Row I/O    ; N               ; no       ; Off          ;
; N3       ; 45         ; 3        ; RESERVED_INPUT_WITH_WEAK_PULLUP                           ;        ;              ;         ; Column I/O ;                 ; no       ; On           ;
; N4       ;            ;          ; VCCD_PLL1                                                 ; power  ;              ; 1.2V    ; --         ;                 ; --       ; --           ;
; N5       ; 55         ; 3        ; RESERVED_INPUT_WITH_WEAK_PULLUP                           ;        ;              ;         ; Column I/O ;                 ; no       ; On           ;
; N6       ; 56         ; 3        ; RESERVED_INPUT_WITH_WEAK_PULLUP                           ;        ;              ;         ; Column I/O ;                 ; no       ; On           ;
; N7       ;            ;          ; GND                                                       ; gnd    ;              ;         ; --         ;                 ; --       ; --           ;
; N8       ; 70         ; 3        ; Instr[9]                                                  ; output ; 2.5 V        ;         ; Column I/O ; N               ; no       ; Off          ;
; N9       ; 79         ; 4        ; Regout[28]                                                ; output ; 2.5 V        ;         ; Column I/O ; N               ; no       ; Off          ;
; N10      ;            ;          ; GND                                                       ; gnd    ;              ;         ; --         ;                 ; --       ; --           ;
; N11      ; 94         ; 4        ; Instr[22]                                                 ; output ; 2.5 V        ;         ; Column I/O ; N               ; no       ; Off          ;
; N12      ; 101        ; 4        ; PC[4]                                                     ; output ; 2.5 V        ;         ; Column I/O ; N               ; no       ; Off          ;
; N13      ; 102        ; 5        ; PC[7]                                                     ; output ; 2.5 V        ;         ; Row I/O    ; N               ; no       ; Off          ;
; N14      ; 106        ; 5        ; PC[3]                                                     ; output ; 2.5 V        ;         ; Row I/O    ; N               ; no       ; Off          ;
; N15      ; 112        ; 5        ; PC[28]                                                    ; output ; 2.5 V        ;         ; Row I/O    ; N               ; no       ; Off          ;
; N16      ; 111        ; 5        ; PC[20]                                                    ; output ; 2.5 V        ;         ; Row I/O    ; N               ; no       ; Off          ;
; P1       ; 44         ; 2        ; Instr[17]                                                 ; output ; 2.5 V        ;         ; Row I/O    ; N               ; no       ; Off          ;
; P2       ; 43         ; 2        ; Regout[30]                                                ; output ; 2.5 V        ;         ; Row I/O    ; N               ; no       ; Off          ;
; P3       ; 46         ; 3        ; RESERVED_INPUT_WITH_WEAK_PULLUP                           ;        ;              ;         ; Column I/O ;                 ; no       ; On           ;
; P4       ;            ; 3        ; VCCIO3                                                    ; power  ;              ; 2.5V    ; --         ;                 ; --       ; --           ;
; P5       ;            ;          ; GND                                                       ; gnd    ;              ;         ; --         ;                 ; --       ; --           ;
; P6       ; 58         ; 3        ; Instr[18]                                                 ; output ; 2.5 V        ;         ; Column I/O ; N               ; no       ; Off          ;
; P7       ;            ; 3        ; VCCIO3                                                    ; power  ;              ; 2.5V    ; --         ;                 ; --       ; --           ;
; P8       ; 71         ; 3        ; Instr[13]                                                 ; output ; 2.5 V        ;         ; Column I/O ; N               ; no       ; Off          ;
; P9       ; 89         ; 4        ; RESERVED_INPUT_WITH_WEAK_PULLUP                           ;        ;              ;         ; Column I/O ;                 ; no       ; On           ;
; P10      ;            ; 4        ; VCCIO4                                                    ; power  ;              ; 2.5V    ; --         ;                 ; --       ; --           ;
; P11      ; 90         ; 4        ; PC[10]                                                    ; output ; 2.5 V        ;         ; Column I/O ; N               ; no       ; Off          ;
; P12      ;            ;          ; GND                                                       ; gnd    ;              ;         ; --         ;                 ; --       ; --           ;
; P13      ;            ; 4        ; VCCIO4                                                    ; power  ;              ; 2.5V    ; --         ;                 ; --       ; --           ;
; P14      ; 98         ; 4        ; RESERVED_INPUT_WITH_WEAK_PULLUP                           ;        ;              ;         ; Column I/O ;                 ; no       ; On           ;
; P15      ; 107        ; 5        ; PC[27]                                                    ; output ; 2.5 V        ;         ; Row I/O    ; N               ; no       ; Off          ;
; P16      ; 108        ; 5        ; PC[1]                                                     ; output ; 2.5 V        ;         ; Row I/O    ; N               ; no       ; Off          ;
; R1       ; 42         ; 2        ; Regin[0]                                                  ; input  ; 2.5 V        ;         ; Row I/O    ; N               ; no       ; Off          ;
; R2       ;            ;          ; GND                                                       ; gnd    ;              ;         ; --         ;                 ; --       ; --           ;
; R3       ; 47         ; 3        ; RESERVED_INPUT_WITH_WEAK_PULLUP                           ;        ;              ;         ; Column I/O ;                 ; no       ; On           ;
; R4       ; 53         ; 3        ; RESERVED_INPUT_WITH_WEAK_PULLUP                           ;        ;              ;         ; Column I/O ;                 ; no       ; On           ;
; R5       ; 61         ; 3        ; RESERVED_INPUT_WITH_WEAK_PULLUP                           ;        ;              ;         ; Column I/O ;                 ; no       ; On           ;
; R6       ; 63         ; 3        ; Regout[19]                                                ; output ; 2.5 V        ;         ; Column I/O ; N               ; no       ; Off          ;
; R7       ; 66         ; 3        ; RESERVED_INPUT_WITH_WEAK_PULLUP                           ;        ;              ;         ; Column I/O ;                 ; no       ; On           ;
; R8       ; 72         ; 3        ; Regout[21]                                                ; output ; 2.5 V        ;         ; Column I/O ; N               ; no       ; Off          ;
; R9       ; 74         ; 4        ; RESERVED_INPUT_WITH_WEAK_PULLUP                           ;        ;              ;         ; Column I/O ;                 ; no       ; On           ;
; R10      ; 80         ; 4        ; RESERVED_INPUT_WITH_WEAK_PULLUP                           ;        ;              ;         ; Column I/O ;                 ; no       ; On           ;
; R11      ; 83         ; 4        ; RESERVED_INPUT_WITH_WEAK_PULLUP                           ;        ;              ;         ; Column I/O ;                 ; no       ; On           ;
; R12      ; 85         ; 4        ; Instr[24]                                                 ; output ; 2.5 V        ;         ; Column I/O ; N               ; no       ; Off          ;
; R13      ; 91         ; 4        ; Instr[11]                                                 ; output ; 2.5 V        ;         ; Column I/O ; N               ; no       ; Off          ;
; R14      ; 97         ; 4        ; PC[9]                                                     ; output ; 2.5 V        ;         ; Column I/O ; N               ; no       ; Off          ;
; R15      ;            ;          ; GND                                                       ; gnd    ;              ;         ; --         ;                 ; --       ; --           ;
; R16      ; 109        ; 5        ; PC[0]                                                     ; output ; 2.5 V        ;         ; Row I/O    ; N               ; no       ; Off          ;
; T1       ;            ; 3        ; VCCIO3                                                    ; power  ;              ; 2.5V    ; --         ;                 ; --       ; --           ;
; T2       ; 52         ; 3        ; RESERVED_INPUT_WITH_WEAK_PULLUP                           ;        ;              ;         ; Column I/O ;                 ; no       ; On           ;
; T3       ; 48         ; 3        ; RESERVED_INPUT_WITH_WEAK_PULLUP                           ;        ;              ;         ; Column I/O ;                 ; no       ; On           ;
; T4       ; 54         ; 3        ; RESERVED_INPUT_WITH_WEAK_PULLUP                           ;        ;              ;         ; Column I/O ;                 ; no       ; On           ;
; T5       ; 62         ; 3        ; RESERVED_INPUT_WITH_WEAK_PULLUP                           ;        ;              ;         ; Column I/O ;                 ; no       ; On           ;
; T6       ; 64         ; 3        ; RESERVED_INPUT_WITH_WEAK_PULLUP                           ;        ;              ;         ; Column I/O ;                 ; no       ; On           ;
; T7       ; 67         ; 3        ; Regout[20]                                                ; output ; 2.5 V        ;         ; Column I/O ; N               ; no       ; Off          ;
; T8       ; 73         ; 3        ; Regout[27]                                                ; output ; 2.5 V        ;         ; Column I/O ; N               ; no       ; Off          ;
; T9       ; 75         ; 4        ; RESERVED_INPUT_WITH_WEAK_PULLUP                           ;        ;              ;         ; Column I/O ;                 ; no       ; On           ;
; T10      ; 81         ; 4        ; RESERVED_INPUT_WITH_WEAK_PULLUP                           ;        ;              ;         ; Column I/O ;                 ; no       ; On           ;
; T11      ; 84         ; 4        ; Regout[17]                                                ; output ; 2.5 V        ;         ; Column I/O ; N               ; no       ; Off          ;
; T12      ; 86         ; 4        ; RESERVED_INPUT_WITH_WEAK_PULLUP                           ;        ;              ;         ; Column I/O ;                 ; no       ; On           ;
; T13      ; 92         ; 4        ; Instr[10]                                                 ; output ; 2.5 V        ;         ; Column I/O ; N               ; no       ; Off          ;
; T14      ; 95         ; 4        ; PC[2]                                                     ; output ; 2.5 V        ;         ; Column I/O ; N               ; no       ; Off          ;
; T15      ; 96         ; 4        ; PC[8]                                                     ; output ; 2.5 V        ;         ; Column I/O ; N               ; no       ; Off          ;
; T16      ;            ; 4        ; VCCIO4                                                    ; power  ;              ; 2.5V    ; --         ;                 ; --       ; --           ;
+----------+------------+----------+-----------------------------------------------------------+--------+--------------+---------+------------+-----------------+----------+--------------+
Note: Pin directions (input, output or bidir) are based on device operating in user mode.


+--------------------------------------------+
; I/O Assignment Warnings                    ;
+------------+-------------------------------+
; Pin Name   ; Reason                        ;
+------------+-------------------------------+
; ClockDIV   ; Incomplete set of assignments ;
; PC[0]      ; Incomplete set of assignments ;
; PC[1]      ; Incomplete set of assignments ;
; PC[2]      ; Incomplete set of assignments ;
; PC[3]      ; Incomplete set of assignments ;
; PC[4]      ; Incomplete set of assignments ;
; PC[5]      ; Incomplete set of assignments ;
; PC[6]      ; Incomplete set of assignments ;
; PC[7]      ; Incomplete set of assignments ;
; PC[8]      ; Incomplete set of assignments ;
; PC[9]      ; Incomplete set of assignments ;
; PC[10]     ; Incomplete set of assignments ;
; PC[11]     ; Incomplete set of assignments ;
; PC[12]     ; Incomplete set of assignments ;
; PC[13]     ; Incomplete set of assignments ;
; PC[14]     ; Incomplete set of assignments ;
; PC[15]     ; Incomplete set of assignments ;
; PC[16]     ; Incomplete set of assignments ;
; PC[17]     ; Incomplete set of assignments ;
; PC[18]     ; Incomplete set of assignments ;
; PC[19]     ; Incomplete set of assignments ;
; PC[20]     ; Incomplete set of assignments ;
; PC[21]     ; Incomplete set of assignments ;
; PC[22]     ; Incomplete set of assignments ;
; PC[23]     ; Incomplete set of assignments ;
; PC[24]     ; Incomplete set of assignments ;
; PC[25]     ; Incomplete set of assignments ;
; PC[26]     ; Incomplete set of assignments ;
; PC[27]     ; Incomplete set of assignments ;
; PC[28]     ; Incomplete set of assignments ;
; PC[29]     ; Incomplete set of assignments ;
; PC[30]     ; Incomplete set of assignments ;
; PC[31]     ; Incomplete set of assignments ;
; Instr[0]   ; Incomplete set of assignments ;
; Instr[1]   ; Incomplete set of assignments ;
; Instr[2]   ; Incomplete set of assignments ;
; Instr[3]   ; Incomplete set of assignments ;
; Instr[4]   ; Incomplete set of assignments ;
; Instr[5]   ; Incomplete set of assignments ;
; Instr[6]   ; Incomplete set of assignments ;
; Instr[7]   ; Incomplete set of assignments ;
; Instr[8]   ; Incomplete set of assignments ;
; Instr[9]   ; Incomplete set of assignments ;
; Instr[10]  ; Incomplete set of assignments ;
; Instr[11]  ; Incomplete set of assignments ;
; Instr[12]  ; Incomplete set of assignments ;
; Instr[13]  ; Incomplete set of assignments ;
; Instr[14]  ; Incomplete set of assignments ;
; Instr[15]  ; Incomplete set of assignments ;
; Instr[16]  ; Incomplete set of assignments ;
; Instr[17]  ; Incomplete set of assignments ;
; Instr[18]  ; Incomplete set of assignments ;
; Instr[19]  ; Incomplete set of assignments ;
; Instr[20]  ; Incomplete set of assignments ;
; Instr[21]  ; Incomplete set of assignments ;
; Instr[22]  ; Incomplete set of assignments ;
; Instr[23]  ; Incomplete set of assignments ;
; Instr[24]  ; Incomplete set of assignments ;
; Instr[25]  ; Incomplete set of assignments ;
; Instr[26]  ; Incomplete set of assignments ;
; Instr[27]  ; Incomplete set of assignments ;
; Instr[28]  ; Incomplete set of assignments ;
; Instr[29]  ; Incomplete set of assignments ;
; Instr[30]  ; Incomplete set of assignments ;
; Instr[31]  ; Incomplete set of assignments ;
; Regout[0]  ; Incomplete set of assignments ;
; Regout[1]  ; Incomplete set of assignments ;
; Regout[2]  ; Incomplete set of assignments ;
; Regout[3]  ; Incomplete set of assignments ;
; Regout[4]  ; Incomplete set of assignments ;
; Regout[5]  ; Incomplete set of assignments ;
; Regout[6]  ; Incomplete set of assignments ;
; Regout[7]  ; Incomplete set of assignments ;
; Regout[8]  ; Incomplete set of assignments ;
; Regout[9]  ; Incomplete set of assignments ;
; Regout[10] ; Incomplete set of assignments ;
; Regout[11] ; Incomplete set of assignments ;
; Regout[12] ; Incomplete set of assignments ;
; Regout[13] ; Incomplete set of assignments ;
; Regout[14] ; Incomplete set of assignments ;
; Regout[15] ; Incomplete set of assignments ;
; Regout[16] ; Incomplete set of assignments ;
; Regout[17] ; Incomplete set of assignments ;
; Regout[18] ; Incomplete set of assignments ;
; Regout[19] ; Incomplete set of assignments ;
; Regout[20] ; Incomplete set of assignments ;
; Regout[21] ; Incomplete set of assignments ;
; Regout[22] ; Incomplete set of assignments ;
; Regout[23] ; Incomplete set of assignments ;
; Regout[24] ; Incomplete set of assignments ;
; Regout[25] ; Incomplete set of assignments ;
; Regout[26] ; Incomplete set of assignments ;
; Regout[27] ; Incomplete set of assignments ;
; Regout[28] ; Incomplete set of assignments ;
; Regout[29] ; Incomplete set of assignments ;
; Regout[30] ; Incomplete set of assignments ;
; Regout[31] ; Incomplete set of assignments ;
; Estado[0]  ; Incomplete set of assignments ;
; Estado[1]  ; Incomplete set of assignments ;
; Estado[2]  ; Incomplete set of assignments ;
; Estado[3]  ; Incomplete set of assignments ;
; Regin[3]   ; Incomplete set of assignments ;
; Regin[2]   ; Incomplete set of assignments ;
; Regin[0]   ; Incomplete set of assignments ;
; Regin[1]   ; Incomplete set of assignments ;
; Regin[4]   ; Incomplete set of assignments ;
; CLOCK      ; Incomplete set of assignments ;
; Reset      ; Incomplete set of assignments ;
; ClockDIV   ; Missing location assignment   ;
; PC[0]      ; Missing location assignment   ;
; PC[1]      ; Missing location assignment   ;
; PC[2]      ; Missing location assignment   ;
; PC[3]      ; Missing location assignment   ;
; PC[4]      ; Missing location assignment   ;
; PC[5]      ; Missing location assignment   ;
; PC[6]      ; Missing location assignment   ;
; PC[7]      ; Missing location assignment   ;
; PC[8]      ; Missing location assignment   ;
; PC[9]      ; Missing location assignment   ;
; PC[10]     ; Missing location assignment   ;
; PC[11]     ; Missing location assignment   ;
; PC[12]     ; Missing location assignment   ;
; PC[13]     ; Missing location assignment   ;
; PC[14]     ; Missing location assignment   ;
; PC[15]     ; Missing location assignment   ;
; PC[16]     ; Missing location assignment   ;
; PC[17]     ; Missing location assignment   ;
; PC[18]     ; Missing location assignment   ;
; PC[19]     ; Missing location assignment   ;
; PC[20]     ; Missing location assignment   ;
; PC[21]     ; Missing location assignment   ;
; PC[22]     ; Missing location assignment   ;
; PC[23]     ; Missing location assignment   ;
; PC[24]     ; Missing location assignment   ;
; PC[25]     ; Missing location assignment   ;
; PC[26]     ; Missing location assignment   ;
; PC[27]     ; Missing location assignment   ;
; PC[28]     ; Missing location assignment   ;
; PC[29]     ; Missing location assignment   ;
; PC[30]     ; Missing location assignment   ;
; PC[31]     ; Missing location assignment   ;
; Instr[0]   ; Missing location assignment   ;
; Instr[1]   ; Missing location assignment   ;
; Instr[2]   ; Missing location assignment   ;
; Instr[3]   ; Missing location assignment   ;
; Instr[4]   ; Missing location assignment   ;
; Instr[5]   ; Missing location assignment   ;
; Instr[6]   ; Missing location assignment   ;
; Instr[7]   ; Missing location assignment   ;
; Instr[8]   ; Missing location assignment   ;
; Instr[9]   ; Missing location assignment   ;
; Instr[10]  ; Missing location assignment   ;
; Instr[11]  ; Missing location assignment   ;
; Instr[12]  ; Missing location assignment   ;
; Instr[13]  ; Missing location assignment   ;
; Instr[14]  ; Missing location assignment   ;
; Instr[15]  ; Missing location assignment   ;
; Instr[16]  ; Missing location assignment   ;
; Instr[17]  ; Missing location assignment   ;
; Instr[18]  ; Missing location assignment   ;
; Instr[19]  ; Missing location assignment   ;
; Instr[20]  ; Missing location assignment   ;
; Instr[21]  ; Missing location assignment   ;
; Instr[22]  ; Missing location assignment   ;
; Instr[23]  ; Missing location assignment   ;
; Instr[24]  ; Missing location assignment   ;
; Instr[25]  ; Missing location assignment   ;
; Instr[26]  ; Missing location assignment   ;
; Instr[27]  ; Missing location assignment   ;
; Instr[28]  ; Missing location assignment   ;
; Instr[29]  ; Missing location assignment   ;
; Instr[30]  ; Missing location assignment   ;
; Instr[31]  ; Missing location assignment   ;
; Regout[0]  ; Missing location assignment   ;
; Regout[1]  ; Missing location assignment   ;
; Regout[2]  ; Missing location assignment   ;
; Regout[3]  ; Missing location assignment   ;
; Regout[4]  ; Missing location assignment   ;
; Regout[5]  ; Missing location assignment   ;
; Regout[6]  ; Missing location assignment   ;
; Regout[7]  ; Missing location assignment   ;
; Regout[8]  ; Missing location assignment   ;
; Regout[9]  ; Missing location assignment   ;
; Regout[10] ; Missing location assignment   ;
; Regout[11] ; Missing location assignment   ;
; Regout[12] ; Missing location assignment   ;
; Regout[13] ; Missing location assignment   ;
; Regout[14] ; Missing location assignment   ;
; Regout[15] ; Missing location assignment   ;
; Regout[16] ; Missing location assignment   ;
; Regout[17] ; Missing location assignment   ;
; Regout[18] ; Missing location assignment   ;
; Regout[19] ; Missing location assignment   ;
; Regout[20] ; Missing location assignment   ;
; Regout[21] ; Missing location assignment   ;
; Regout[22] ; Missing location assignment   ;
; Regout[23] ; Missing location assignment   ;
; Regout[24] ; Missing location assignment   ;
; Regout[25] ; Missing location assignment   ;
; Regout[26] ; Missing location assignment   ;
; Regout[27] ; Missing location assignment   ;
; Regout[28] ; Missing location assignment   ;
; Regout[29] ; Missing location assignment   ;
; Regout[30] ; Missing location assignment   ;
; Regout[31] ; Missing location assignment   ;
; Estado[0]  ; Missing location assignment   ;
; Estado[1]  ; Missing location assignment   ;
; Estado[2]  ; Missing location assignment   ;
; Estado[3]  ; Missing location assignment   ;
; Regin[3]   ; Missing location assignment   ;
; Regin[2]   ; Missing location assignment   ;
; Regin[0]   ; Missing location assignment   ;
; Regin[1]   ; Missing location assignment   ;
; Regin[4]   ; Missing location assignment   ;
; CLOCK      ; Missing location assignment   ;
; Reset      ; Missing location assignment   ;
+------------+-------------------------------+


+-------------------------------------------------------------------------------------------------------------------------------------------------------------------------------------------------------------------------------------------------------------------------------------------------------------------------------------------------------------------------------+
; Fitter Resource Utilization by Entity                                                                                                                                                                                                                                                                                                                                         ;
+----------------------------------------------+-------------+---------------------------+---------------+-------------+------+--------------+---------+-----------+------+--------------+--------------+-------------------+------------------+-----------------------------------------------------------------------------------------------+-----------------+--------------+
; Compilation Hierarchy Node                   ; Logic Cells ; Dedicated Logic Registers ; I/O Registers ; Memory Bits ; M9Ks ; DSP Elements ; DSP 9x9 ; DSP 18x18 ; Pins ; Virtual Pins ; LUT-Only LCs ; Register-Only LCs ; LUT/Register LCs ; Full Hierarchy Name                                                                           ; Entity Name     ; Library Name ;
+----------------------------------------------+-------------+---------------------------+---------------+-------------+------+--------------+---------+-----------+------+--------------+--------------+-------------------+------------------+-----------------------------------------------------------------------------------------------+-----------------+--------------+
; |TopDE                                       ; 2892 (3)    ; 1025 (1)                  ; 0 (0)         ; 65536       ; 8    ; 0            ; 0       ; 0         ; 108  ; 0            ; 1867 (2)     ; 334 (1)           ; 691 (0)          ; |TopDE                                                                                        ; TopDE           ; work         ;
;    |Uniciclo:UNI1|                           ; 2889 (283)  ; 1024 (32)                 ; 0 (0)         ; 65536       ; 8    ; 0            ; 0       ; 0         ; 0    ; 0            ; 1865 (251)   ; 333 (0)           ; 691 (49)         ; |TopDE|Uniciclo:UNI1                                                                          ; Uniciclo        ; work         ;
;       |ALU:ALU1|                             ; 126 (126)   ; 0 (0)                     ; 0 (0)         ; 0           ; 0    ; 0            ; 0       ; 0         ; 0    ; 0            ; 123 (123)    ; 0 (0)             ; 3 (3)            ; |TopDE|Uniciclo:UNI1|ALU:ALU1                                                                 ; ALU             ; work         ;
;       |ALUControl:ALUCtrl1|                  ; 8 (8)       ; 0 (0)                     ; 0 (0)         ; 0           ; 0    ; 0            ; 0       ; 0         ; 0    ; 0            ; 8 (8)        ; 0 (0)             ; 0 (0)            ; |TopDE|Uniciclo:UNI1|ALUControl:ALUCtrl1                                                      ; ALUControl      ; work         ;
;       |ControlUnit:CU1|                      ; 15 (15)     ; 0 (0)                     ; 0 (0)         ; 0           ; 0    ; 0            ; 0       ; 0         ; 0    ; 0            ; 14 (14)      ; 0 (0)             ; 1 (1)            ; |TopDE|Uniciclo:UNI1|ControlUnit:CU1                                                          ; ControlUnit     ; work         ;
;       |genImm32:ImmGen1|                     ; 35 (35)     ; 0 (0)                     ; 0 (0)         ; 0           ; 0    ; 0            ; 0       ; 0         ; 0    ; 0            ; 33 (33)      ; 0 (0)             ; 2 (2)            ; |TopDE|Uniciclo:UNI1|genImm32:ImmGen1                                                         ; genImm32        ; work         ;
;       |ramD:MemD|                            ; 0 (0)       ; 0 (0)                     ; 0 (0)         ; 32768       ; 4    ; 0            ; 0       ; 0         ; 0    ; 0            ; 0 (0)        ; 0 (0)             ; 0 (0)            ; |TopDE|Uniciclo:UNI1|ramD:MemD                                                                ; ramD            ; work         ;
;          |altsyncram:altsyncram_component|   ; 0 (0)       ; 0 (0)                     ; 0 (0)         ; 32768       ; 4    ; 0            ; 0       ; 0         ; 0    ; 0            ; 0 (0)        ; 0 (0)             ; 0 (0)            ; |TopDE|Uniciclo:UNI1|ramD:MemD|altsyncram:altsyncram_component                                ; altsyncram      ; work         ;
;             |altsyncram_aos3:auto_generated| ; 0 (0)       ; 0 (0)                     ; 0 (0)         ; 32768       ; 4    ; 0            ; 0       ; 0         ; 0    ; 0            ; 0 (0)        ; 0 (0)             ; 0 (0)            ; |TopDE|Uniciclo:UNI1|ramD:MemD|altsyncram:altsyncram_component|altsyncram_aos3:auto_generated ; altsyncram_aos3 ; work         ;
;       |ramI:MemC|                            ; 0 (0)       ; 0 (0)                     ; 0 (0)         ; 32768       ; 4    ; 0            ; 0       ; 0         ; 0    ; 0            ; 0 (0)        ; 0 (0)             ; 0 (0)            ; |TopDE|Uniciclo:UNI1|ramI:MemC                                                                ; ramI            ; work         ;
;          |altsyncram:altsyncram_component|   ; 0 (0)       ; 0 (0)                     ; 0 (0)         ; 32768       ; 4    ; 0            ; 0       ; 0         ; 0    ; 0            ; 0 (0)        ; 0 (0)             ; 0 (0)            ; |TopDE|Uniciclo:UNI1|ramI:MemC|altsyncram:altsyncram_component                                ; altsyncram      ; work         ;
;             |altsyncram_s9s3:auto_generated| ; 0 (0)       ; 0 (0)                     ; 0 (0)         ; 32768       ; 4    ; 0            ; 0       ; 0         ; 0    ; 0            ; 0 (0)        ; 0 (0)             ; 0 (0)            ; |TopDE|Uniciclo:UNI1|ramI:MemC|altsyncram:altsyncram_component|altsyncram_s9s3:auto_generated ; altsyncram_s9s3 ; work         ;
;       |xregs:Regs1|                          ; 2428 (2428) ; 992 (992)                 ; 0 (0)         ; 0           ; 0    ; 0            ; 0       ; 0         ; 0    ; 0            ; 1436 (1436)  ; 333 (333)         ; 659 (659)        ; |TopDE|Uniciclo:UNI1|xregs:Regs1                                                              ; xregs           ; work         ;
+----------------------------------------------+-------------+---------------------------+---------------+-------------+------+--------------+---------+-----------+------+--------------+--------------+-------------------+------------------+-----------------------------------------------------------------------------------------------+-----------------+--------------+
Note: For table entries with two numbers listed, the numbers in parentheses indicate the number of resources of the given type used by the specific entity alone. The numbers listed outside of parentheses indicate the total resources of the given type used by the specific entity and all of its sub-entities in the hierarchy.


+--------------------------------------------------------------------------------------------+
; Delay Chain Summary                                                                        ;
+------------+----------+---------------+---------------+-----------------------+-----+------+
; Name       ; Pin Type ; Pad to Core 0 ; Pad to Core 1 ; Pad to Input Register ; TCO ; TCOE ;
+------------+----------+---------------+---------------+-----------------------+-----+------+
; ClockDIV   ; Output   ; --            ; --            ; --                    ; --  ; --   ;
; PC[0]      ; Output   ; --            ; --            ; --                    ; --  ; --   ;
; PC[1]      ; Output   ; --            ; --            ; --                    ; --  ; --   ;
; PC[2]      ; Output   ; --            ; --            ; --                    ; --  ; --   ;
; PC[3]      ; Output   ; --            ; --            ; --                    ; --  ; --   ;
; PC[4]      ; Output   ; --            ; --            ; --                    ; --  ; --   ;
; PC[5]      ; Output   ; --            ; --            ; --                    ; --  ; --   ;
; PC[6]      ; Output   ; --            ; --            ; --                    ; --  ; --   ;
; PC[7]      ; Output   ; --            ; --            ; --                    ; --  ; --   ;
; PC[8]      ; Output   ; --            ; --            ; --                    ; --  ; --   ;
; PC[9]      ; Output   ; --            ; --            ; --                    ; --  ; --   ;
; PC[10]     ; Output   ; --            ; --            ; --                    ; --  ; --   ;
; PC[11]     ; Output   ; --            ; --            ; --                    ; --  ; --   ;
; PC[12]     ; Output   ; --            ; --            ; --                    ; --  ; --   ;
; PC[13]     ; Output   ; --            ; --            ; --                    ; --  ; --   ;
; PC[14]     ; Output   ; --            ; --            ; --                    ; --  ; --   ;
; PC[15]     ; Output   ; --            ; --            ; --                    ; --  ; --   ;
; PC[16]     ; Output   ; --            ; --            ; --                    ; --  ; --   ;
; PC[17]     ; Output   ; --            ; --            ; --                    ; --  ; --   ;
; PC[18]     ; Output   ; --            ; --            ; --                    ; --  ; --   ;
; PC[19]     ; Output   ; --            ; --            ; --                    ; --  ; --   ;
; PC[20]     ; Output   ; --            ; --            ; --                    ; --  ; --   ;
; PC[21]     ; Output   ; --            ; --            ; --                    ; --  ; --   ;
; PC[22]     ; Output   ; --            ; --            ; --                    ; --  ; --   ;
; PC[23]     ; Output   ; --            ; --            ; --                    ; --  ; --   ;
; PC[24]     ; Output   ; --            ; --            ; --                    ; --  ; --   ;
; PC[25]     ; Output   ; --            ; --            ; --                    ; --  ; --   ;
; PC[26]     ; Output   ; --            ; --            ; --                    ; --  ; --   ;
; PC[27]     ; Output   ; --            ; --            ; --                    ; --  ; --   ;
; PC[28]     ; Output   ; --            ; --            ; --                    ; --  ; --   ;
; PC[29]     ; Output   ; --            ; --            ; --                    ; --  ; --   ;
; PC[30]     ; Output   ; --            ; --            ; --                    ; --  ; --   ;
; PC[31]     ; Output   ; --            ; --            ; --                    ; --  ; --   ;
; Instr[0]   ; Output   ; --            ; --            ; --                    ; --  ; --   ;
; Instr[1]   ; Output   ; --            ; --            ; --                    ; --  ; --   ;
; Instr[2]   ; Output   ; --            ; --            ; --                    ; --  ; --   ;
; Instr[3]   ; Output   ; --            ; --            ; --                    ; --  ; --   ;
; Instr[4]   ; Output   ; --            ; --            ; --                    ; --  ; --   ;
; Instr[5]   ; Output   ; --            ; --            ; --                    ; --  ; --   ;
; Instr[6]   ; Output   ; --            ; --            ; --                    ; --  ; --   ;
; Instr[7]   ; Output   ; --            ; --            ; --                    ; --  ; --   ;
; Instr[8]   ; Output   ; --            ; --            ; --                    ; --  ; --   ;
; Instr[9]   ; Output   ; --            ; --            ; --                    ; --  ; --   ;
; Instr[10]  ; Output   ; --            ; --            ; --                    ; --  ; --   ;
; Instr[11]  ; Output   ; --            ; --            ; --                    ; --  ; --   ;
; Instr[12]  ; Output   ; --            ; --            ; --                    ; --  ; --   ;
; Instr[13]  ; Output   ; --            ; --            ; --                    ; --  ; --   ;
; Instr[14]  ; Output   ; --            ; --            ; --                    ; --  ; --   ;
; Instr[15]  ; Output   ; --            ; --            ; --                    ; --  ; --   ;
; Instr[16]  ; Output   ; --            ; --            ; --                    ; --  ; --   ;
; Instr[17]  ; Output   ; --            ; --            ; --                    ; --  ; --   ;
; Instr[18]  ; Output   ; --            ; --            ; --                    ; --  ; --   ;
; Instr[19]  ; Output   ; --            ; --            ; --                    ; --  ; --   ;
; Instr[20]  ; Output   ; --            ; --            ; --                    ; --  ; --   ;
; Instr[21]  ; Output   ; --            ; --            ; --                    ; --  ; --   ;
; Instr[22]  ; Output   ; --            ; --            ; --                    ; --  ; --   ;
; Instr[23]  ; Output   ; --            ; --            ; --                    ; --  ; --   ;
; Instr[24]  ; Output   ; --            ; --            ; --                    ; --  ; --   ;
; Instr[25]  ; Output   ; --            ; --            ; --                    ; --  ; --   ;
; Instr[26]  ; Output   ; --            ; --            ; --                    ; --  ; --   ;
; Instr[27]  ; Output   ; --            ; --            ; --                    ; --  ; --   ;
; Instr[28]  ; Output   ; --            ; --            ; --                    ; --  ; --   ;
; Instr[29]  ; Output   ; --            ; --            ; --                    ; --  ; --   ;
; Instr[30]  ; Output   ; --            ; --            ; --                    ; --  ; --   ;
; Instr[31]  ; Output   ; --            ; --            ; --                    ; --  ; --   ;
; Regout[0]  ; Output   ; --            ; --            ; --                    ; --  ; --   ;
; Regout[1]  ; Output   ; --            ; --            ; --                    ; --  ; --   ;
; Regout[2]  ; Output   ; --            ; --            ; --                    ; --  ; --   ;
; Regout[3]  ; Output   ; --            ; --            ; --                    ; --  ; --   ;
; Regout[4]  ; Output   ; --            ; --            ; --                    ; --  ; --   ;
; Regout[5]  ; Output   ; --            ; --            ; --                    ; --  ; --   ;
; Regout[6]  ; Output   ; --            ; --            ; --                    ; --  ; --   ;
; Regout[7]  ; Output   ; --            ; --            ; --                    ; --  ; --   ;
; Regout[8]  ; Output   ; --            ; --            ; --                    ; --  ; --   ;
; Regout[9]  ; Output   ; --            ; --            ; --                    ; --  ; --   ;
; Regout[10] ; Output   ; --            ; --            ; --                    ; --  ; --   ;
; Regout[11] ; Output   ; --            ; --            ; --                    ; --  ; --   ;
; Regout[12] ; Output   ; --            ; --            ; --                    ; --  ; --   ;
; Regout[13] ; Output   ; --            ; --            ; --                    ; --  ; --   ;
; Regout[14] ; Output   ; --            ; --            ; --                    ; --  ; --   ;
; Regout[15] ; Output   ; --            ; --            ; --                    ; --  ; --   ;
; Regout[16] ; Output   ; --            ; --            ; --                    ; --  ; --   ;
; Regout[17] ; Output   ; --            ; --            ; --                    ; --  ; --   ;
; Regout[18] ; Output   ; --            ; --            ; --                    ; --  ; --   ;
; Regout[19] ; Output   ; --            ; --            ; --                    ; --  ; --   ;
; Regout[20] ; Output   ; --            ; --            ; --                    ; --  ; --   ;
; Regout[21] ; Output   ; --            ; --            ; --                    ; --  ; --   ;
; Regout[22] ; Output   ; --            ; --            ; --                    ; --  ; --   ;
; Regout[23] ; Output   ; --            ; --            ; --                    ; --  ; --   ;
; Regout[24] ; Output   ; --            ; --            ; --                    ; --  ; --   ;
; Regout[25] ; Output   ; --            ; --            ; --                    ; --  ; --   ;
; Regout[26] ; Output   ; --            ; --            ; --                    ; --  ; --   ;
; Regout[27] ; Output   ; --            ; --            ; --                    ; --  ; --   ;
; Regout[28] ; Output   ; --            ; --            ; --                    ; --  ; --   ;
; Regout[29] ; Output   ; --            ; --            ; --                    ; --  ; --   ;
; Regout[30] ; Output   ; --            ; --            ; --                    ; --  ; --   ;
; Regout[31] ; Output   ; --            ; --            ; --                    ; --  ; --   ;
; Estado[0]  ; Output   ; --            ; --            ; --                    ; --  ; --   ;
; Estado[1]  ; Output   ; --            ; --            ; --                    ; --  ; --   ;
; Estado[2]  ; Output   ; --            ; --            ; --                    ; --  ; --   ;
; Estado[3]  ; Output   ; --            ; --            ; --                    ; --  ; --   ;
; Regin[3]   ; Input    ; (0) 0 ps      ; --            ; --                    ; --  ; --   ;
; Regin[2]   ; Input    ; (0) 0 ps      ; --            ; --                    ; --  ; --   ;
; Regin[0]   ; Input    ; (6) 1314 ps   ; --            ; --                    ; --  ; --   ;
; Regin[1]   ; Input    ; --            ; (6) 1314 ps   ; --                    ; --  ; --   ;
; Regin[4]   ; Input    ; (6) 1314 ps   ; --            ; --                    ; --  ; --   ;
; CLOCK      ; Input    ; (0) 0 ps      ; --            ; --                    ; --  ; --   ;
; Reset      ; Input    ; (0) 0 ps      ; --            ; --                    ; --  ; --   ;
+------------+----------+---------------+---------------+-----------------------+-----+------+


+------------------------------------------------------------------------------+
; Pad To Core Delay Chain Fanout                                               ;
+------------------------------------------------+-------------------+---------+
; Source Pin / Fanout                            ; Pad To Core Index ; Setting ;
+------------------------------------------------+-------------------+---------+
; Regin[3]                                       ;                   ;         ;
; Regin[2]                                       ;                   ;         ;
; Regin[0]                                       ;                   ;         ;
;      - Uniciclo:UNI1|xregs:Regs1|oREGD[0]~6    ; 0                 ; 6       ;
;      - Uniciclo:UNI1|xregs:Regs1|oREGD[0]~9    ; 0                 ; 6       ;
;      - Uniciclo:UNI1|xregs:Regs1|oREGD[0]~10   ; 0                 ; 6       ;
;      - Uniciclo:UNI1|xregs:Regs1|oREGD[0]~11   ; 0                 ; 6       ;
;      - Uniciclo:UNI1|xregs:Regs1|oREGD[0]~12   ; 0                 ; 6       ;
;      - Uniciclo:UNI1|xregs:Regs1|oREGD[0]~14   ; 0                 ; 6       ;
;      - Uniciclo:UNI1|xregs:Regs1|oREGD[0]~15   ; 0                 ; 6       ;
;      - Uniciclo:UNI1|xregs:Regs1|oREGD[0]~17   ; 0                 ; 6       ;
;      - Uniciclo:UNI1|xregs:Regs1|Equal2~0      ; 0                 ; 6       ;
;      - Uniciclo:UNI1|xregs:Regs1|oREGD[1]~27   ; 0                 ; 6       ;
;      - Uniciclo:UNI1|xregs:Regs1|oREGD[1]~30   ; 0                 ; 6       ;
;      - Uniciclo:UNI1|xregs:Regs1|oREGD[1]~31   ; 0                 ; 6       ;
;      - Uniciclo:UNI1|xregs:Regs1|oREGD[1]~33   ; 0                 ; 6       ;
;      - Uniciclo:UNI1|xregs:Regs1|oREGD[1]~34   ; 0                 ; 6       ;
;      - Uniciclo:UNI1|xregs:Regs1|oREGD[1]~35   ; 0                 ; 6       ;
;      - Uniciclo:UNI1|xregs:Regs1|oREGD[1]~36   ; 0                 ; 6       ;
;      - Uniciclo:UNI1|xregs:Regs1|oREGD[1]~38   ; 0                 ; 6       ;
;      - Uniciclo:UNI1|xregs:Regs1|oREGD[2]~48   ; 0                 ; 6       ;
;      - Uniciclo:UNI1|xregs:Regs1|oREGD[2]~51   ; 0                 ; 6       ;
;      - Uniciclo:UNI1|xregs:Regs1|oREGD[2]~52   ; 0                 ; 6       ;
;      - Uniciclo:UNI1|xregs:Regs1|oREGD[2]~53   ; 0                 ; 6       ;
;      - Uniciclo:UNI1|xregs:Regs1|oREGD[2]~54   ; 0                 ; 6       ;
;      - Uniciclo:UNI1|xregs:Regs1|oREGD[2]~56   ; 0                 ; 6       ;
;      - Uniciclo:UNI1|xregs:Regs1|oREGD[2]~57   ; 0                 ; 6       ;
;      - Uniciclo:UNI1|xregs:Regs1|oREGD[2]~59   ; 0                 ; 6       ;
;      - Uniciclo:UNI1|xregs:Regs1|oREGD[3]~69   ; 0                 ; 6       ;
;      - Uniciclo:UNI1|xregs:Regs1|oREGD[3]~72   ; 0                 ; 6       ;
;      - Uniciclo:UNI1|xregs:Regs1|oREGD[3]~73   ; 0                 ; 6       ;
;      - Uniciclo:UNI1|xregs:Regs1|oREGD[3]~75   ; 0                 ; 6       ;
;      - Uniciclo:UNI1|xregs:Regs1|oREGD[3]~76   ; 0                 ; 6       ;
;      - Uniciclo:UNI1|xregs:Regs1|oREGD[3]~77   ; 0                 ; 6       ;
;      - Uniciclo:UNI1|xregs:Regs1|oREGD[3]~78   ; 0                 ; 6       ;
;      - Uniciclo:UNI1|xregs:Regs1|oREGD[3]~80   ; 0                 ; 6       ;
;      - Uniciclo:UNI1|xregs:Regs1|oREGD[4]~90   ; 0                 ; 6       ;
;      - Uniciclo:UNI1|xregs:Regs1|oREGD[4]~93   ; 0                 ; 6       ;
;      - Uniciclo:UNI1|xregs:Regs1|oREGD[4]~94   ; 0                 ; 6       ;
;      - Uniciclo:UNI1|xregs:Regs1|oREGD[4]~95   ; 0                 ; 6       ;
;      - Uniciclo:UNI1|xregs:Regs1|oREGD[4]~96   ; 0                 ; 6       ;
;      - Uniciclo:UNI1|xregs:Regs1|oREGD[4]~98   ; 0                 ; 6       ;
;      - Uniciclo:UNI1|xregs:Regs1|oREGD[4]~99   ; 0                 ; 6       ;
;      - Uniciclo:UNI1|xregs:Regs1|oREGD[4]~101  ; 0                 ; 6       ;
;      - Uniciclo:UNI1|xregs:Regs1|oREGD[5]~111  ; 0                 ; 6       ;
;      - Uniciclo:UNI1|xregs:Regs1|oREGD[5]~114  ; 0                 ; 6       ;
;      - Uniciclo:UNI1|xregs:Regs1|oREGD[5]~115  ; 0                 ; 6       ;
;      - Uniciclo:UNI1|xregs:Regs1|oREGD[5]~117  ; 0                 ; 6       ;
;      - Uniciclo:UNI1|xregs:Regs1|oREGD[5]~118  ; 0                 ; 6       ;
;      - Uniciclo:UNI1|xregs:Regs1|oREGD[5]~119  ; 0                 ; 6       ;
;      - Uniciclo:UNI1|xregs:Regs1|oREGD[5]~120  ; 0                 ; 6       ;
;      - Uniciclo:UNI1|xregs:Regs1|oREGD[5]~122  ; 0                 ; 6       ;
;      - Uniciclo:UNI1|xregs:Regs1|oREGD[6]~132  ; 0                 ; 6       ;
;      - Uniciclo:UNI1|xregs:Regs1|oREGD[6]~135  ; 0                 ; 6       ;
;      - Uniciclo:UNI1|xregs:Regs1|oREGD[6]~136  ; 0                 ; 6       ;
;      - Uniciclo:UNI1|xregs:Regs1|oREGD[6]~137  ; 0                 ; 6       ;
;      - Uniciclo:UNI1|xregs:Regs1|oREGD[6]~138  ; 0                 ; 6       ;
;      - Uniciclo:UNI1|xregs:Regs1|oREGD[6]~140  ; 0                 ; 6       ;
;      - Uniciclo:UNI1|xregs:Regs1|oREGD[6]~141  ; 0                 ; 6       ;
;      - Uniciclo:UNI1|xregs:Regs1|oREGD[6]~143  ; 0                 ; 6       ;
;      - Uniciclo:UNI1|xregs:Regs1|oREGD[7]~153  ; 0                 ; 6       ;
;      - Uniciclo:UNI1|xregs:Regs1|oREGD[7]~156  ; 0                 ; 6       ;
;      - Uniciclo:UNI1|xregs:Regs1|oREGD[7]~157  ; 0                 ; 6       ;
;      - Uniciclo:UNI1|xregs:Regs1|oREGD[7]~159  ; 0                 ; 6       ;
;      - Uniciclo:UNI1|xregs:Regs1|oREGD[7]~160  ; 0                 ; 6       ;
;      - Uniciclo:UNI1|xregs:Regs1|oREGD[7]~161  ; 0                 ; 6       ;
;      - Uniciclo:UNI1|xregs:Regs1|oREGD[7]~162  ; 0                 ; 6       ;
;      - Uniciclo:UNI1|xregs:Regs1|oREGD[7]~164  ; 0                 ; 6       ;
;      - Uniciclo:UNI1|xregs:Regs1|oREGD[8]~174  ; 0                 ; 6       ;
;      - Uniciclo:UNI1|xregs:Regs1|oREGD[8]~177  ; 0                 ; 6       ;
;      - Uniciclo:UNI1|xregs:Regs1|oREGD[8]~178  ; 0                 ; 6       ;
;      - Uniciclo:UNI1|xregs:Regs1|oREGD[8]~179  ; 0                 ; 6       ;
;      - Uniciclo:UNI1|xregs:Regs1|oREGD[8]~180  ; 0                 ; 6       ;
;      - Uniciclo:UNI1|xregs:Regs1|oREGD[8]~182  ; 0                 ; 6       ;
;      - Uniciclo:UNI1|xregs:Regs1|oREGD[8]~183  ; 0                 ; 6       ;
;      - Uniciclo:UNI1|xregs:Regs1|oREGD[8]~185  ; 0                 ; 6       ;
;      - Uniciclo:UNI1|xregs:Regs1|oREGD[9]~195  ; 0                 ; 6       ;
;      - Uniciclo:UNI1|xregs:Regs1|oREGD[9]~198  ; 0                 ; 6       ;
;      - Uniciclo:UNI1|xregs:Regs1|oREGD[9]~199  ; 0                 ; 6       ;
;      - Uniciclo:UNI1|xregs:Regs1|oREGD[9]~201  ; 0                 ; 6       ;
;      - Uniciclo:UNI1|xregs:Regs1|oREGD[9]~202  ; 0                 ; 6       ;
;      - Uniciclo:UNI1|xregs:Regs1|oREGD[9]~203  ; 0                 ; 6       ;
;      - Uniciclo:UNI1|xregs:Regs1|oREGD[9]~204  ; 0                 ; 6       ;
;      - Uniciclo:UNI1|xregs:Regs1|oREGD[9]~206  ; 0                 ; 6       ;
;      - Uniciclo:UNI1|xregs:Regs1|oREGD[10]~216 ; 0                 ; 6       ;
;      - Uniciclo:UNI1|xregs:Regs1|oREGD[10]~219 ; 0                 ; 6       ;
;      - Uniciclo:UNI1|xregs:Regs1|oREGD[10]~220 ; 0                 ; 6       ;
;      - Uniciclo:UNI1|xregs:Regs1|oREGD[10]~221 ; 0                 ; 6       ;
;      - Uniciclo:UNI1|xregs:Regs1|oREGD[10]~222 ; 0                 ; 6       ;
;      - Uniciclo:UNI1|xregs:Regs1|oREGD[10]~224 ; 0                 ; 6       ;
;      - Uniciclo:UNI1|xregs:Regs1|oREGD[10]~225 ; 0                 ; 6       ;
;      - Uniciclo:UNI1|xregs:Regs1|oREGD[10]~227 ; 0                 ; 6       ;
;      - Uniciclo:UNI1|xregs:Regs1|oREGD[11]~237 ; 0                 ; 6       ;
;      - Uniciclo:UNI1|xregs:Regs1|oREGD[11]~240 ; 0                 ; 6       ;
;      - Uniciclo:UNI1|xregs:Regs1|oREGD[11]~241 ; 0                 ; 6       ;
;      - Uniciclo:UNI1|xregs:Regs1|oREGD[11]~243 ; 0                 ; 6       ;
;      - Uniciclo:UNI1|xregs:Regs1|oREGD[11]~244 ; 0                 ; 6       ;
;      - Uniciclo:UNI1|xregs:Regs1|oREGD[11]~245 ; 0                 ; 6       ;
;      - Uniciclo:UNI1|xregs:Regs1|oREGD[11]~246 ; 0                 ; 6       ;
;      - Uniciclo:UNI1|xregs:Regs1|oREGD[11]~248 ; 0                 ; 6       ;
;      - Uniciclo:UNI1|xregs:Regs1|oREGD[12]~258 ; 0                 ; 6       ;
;      - Uniciclo:UNI1|xregs:Regs1|oREGD[12]~261 ; 0                 ; 6       ;
;      - Uniciclo:UNI1|xregs:Regs1|oREGD[12]~262 ; 0                 ; 6       ;
;      - Uniciclo:UNI1|xregs:Regs1|oREGD[12]~263 ; 0                 ; 6       ;
;      - Uniciclo:UNI1|xregs:Regs1|oREGD[12]~264 ; 0                 ; 6       ;
;      - Uniciclo:UNI1|xregs:Regs1|oREGD[12]~266 ; 0                 ; 6       ;
;      - Uniciclo:UNI1|xregs:Regs1|oREGD[12]~267 ; 0                 ; 6       ;
;      - Uniciclo:UNI1|xregs:Regs1|oREGD[12]~269 ; 0                 ; 6       ;
;      - Uniciclo:UNI1|xregs:Regs1|oREGD[13]~279 ; 0                 ; 6       ;
;      - Uniciclo:UNI1|xregs:Regs1|oREGD[13]~282 ; 0                 ; 6       ;
;      - Uniciclo:UNI1|xregs:Regs1|oREGD[13]~283 ; 0                 ; 6       ;
;      - Uniciclo:UNI1|xregs:Regs1|oREGD[13]~285 ; 0                 ; 6       ;
;      - Uniciclo:UNI1|xregs:Regs1|oREGD[13]~286 ; 0                 ; 6       ;
;      - Uniciclo:UNI1|xregs:Regs1|oREGD[13]~287 ; 0                 ; 6       ;
;      - Uniciclo:UNI1|xregs:Regs1|oREGD[13]~288 ; 0                 ; 6       ;
;      - Uniciclo:UNI1|xregs:Regs1|oREGD[13]~290 ; 0                 ; 6       ;
;      - Uniciclo:UNI1|xregs:Regs1|oREGD[14]~300 ; 0                 ; 6       ;
;      - Uniciclo:UNI1|xregs:Regs1|oREGD[14]~303 ; 0                 ; 6       ;
;      - Uniciclo:UNI1|xregs:Regs1|oREGD[14]~304 ; 0                 ; 6       ;
;      - Uniciclo:UNI1|xregs:Regs1|oREGD[14]~305 ; 0                 ; 6       ;
;      - Uniciclo:UNI1|xregs:Regs1|oREGD[14]~306 ; 0                 ; 6       ;
;      - Uniciclo:UNI1|xregs:Regs1|oREGD[14]~308 ; 0                 ; 6       ;
;      - Uniciclo:UNI1|xregs:Regs1|oREGD[14]~309 ; 0                 ; 6       ;
;      - Uniciclo:UNI1|xregs:Regs1|oREGD[14]~311 ; 0                 ; 6       ;
;      - Uniciclo:UNI1|xregs:Regs1|oREGD[15]~321 ; 0                 ; 6       ;
;      - Uniciclo:UNI1|xregs:Regs1|oREGD[15]~324 ; 0                 ; 6       ;
;      - Uniciclo:UNI1|xregs:Regs1|oREGD[15]~325 ; 0                 ; 6       ;
;      - Uniciclo:UNI1|xregs:Regs1|oREGD[15]~327 ; 0                 ; 6       ;
;      - Uniciclo:UNI1|xregs:Regs1|oREGD[15]~328 ; 0                 ; 6       ;
;      - Uniciclo:UNI1|xregs:Regs1|oREGD[15]~329 ; 0                 ; 6       ;
;      - Uniciclo:UNI1|xregs:Regs1|oREGD[15]~330 ; 0                 ; 6       ;
;      - Uniciclo:UNI1|xregs:Regs1|oREGD[15]~332 ; 0                 ; 6       ;
;      - Uniciclo:UNI1|xregs:Regs1|oREGD[16]~342 ; 0                 ; 6       ;
;      - Uniciclo:UNI1|xregs:Regs1|oREGD[16]~345 ; 0                 ; 6       ;
;      - Uniciclo:UNI1|xregs:Regs1|oREGD[16]~346 ; 0                 ; 6       ;
;      - Uniciclo:UNI1|xregs:Regs1|oREGD[16]~347 ; 0                 ; 6       ;
;      - Uniciclo:UNI1|xregs:Regs1|oREGD[16]~348 ; 0                 ; 6       ;
;      - Uniciclo:UNI1|xregs:Regs1|oREGD[16]~350 ; 0                 ; 6       ;
;      - Uniciclo:UNI1|xregs:Regs1|oREGD[16]~351 ; 0                 ; 6       ;
;      - Uniciclo:UNI1|xregs:Regs1|oREGD[16]~353 ; 0                 ; 6       ;
;      - Uniciclo:UNI1|xregs:Regs1|oREGD[17]~363 ; 0                 ; 6       ;
;      - Uniciclo:UNI1|xregs:Regs1|oREGD[17]~366 ; 0                 ; 6       ;
;      - Uniciclo:UNI1|xregs:Regs1|oREGD[17]~367 ; 0                 ; 6       ;
;      - Uniciclo:UNI1|xregs:Regs1|oREGD[17]~369 ; 0                 ; 6       ;
;      - Uniciclo:UNI1|xregs:Regs1|oREGD[17]~370 ; 0                 ; 6       ;
;      - Uniciclo:UNI1|xregs:Regs1|oREGD[17]~371 ; 0                 ; 6       ;
;      - Uniciclo:UNI1|xregs:Regs1|oREGD[17]~372 ; 0                 ; 6       ;
;      - Uniciclo:UNI1|xregs:Regs1|oREGD[17]~374 ; 0                 ; 6       ;
;      - Uniciclo:UNI1|xregs:Regs1|oREGD[18]~384 ; 0                 ; 6       ;
;      - Uniciclo:UNI1|xregs:Regs1|oREGD[18]~387 ; 0                 ; 6       ;
;      - Uniciclo:UNI1|xregs:Regs1|oREGD[18]~388 ; 0                 ; 6       ;
;      - Uniciclo:UNI1|xregs:Regs1|oREGD[18]~389 ; 0                 ; 6       ;
;      - Uniciclo:UNI1|xregs:Regs1|oREGD[18]~390 ; 0                 ; 6       ;
;      - Uniciclo:UNI1|xregs:Regs1|oREGD[18]~392 ; 0                 ; 6       ;
;      - Uniciclo:UNI1|xregs:Regs1|oREGD[18]~393 ; 0                 ; 6       ;
;      - Uniciclo:UNI1|xregs:Regs1|oREGD[18]~395 ; 0                 ; 6       ;
;      - Uniciclo:UNI1|xregs:Regs1|oREGD[19]~405 ; 0                 ; 6       ;
;      - Uniciclo:UNI1|xregs:Regs1|oREGD[19]~408 ; 0                 ; 6       ;
;      - Uniciclo:UNI1|xregs:Regs1|oREGD[19]~409 ; 0                 ; 6       ;
;      - Uniciclo:UNI1|xregs:Regs1|oREGD[19]~411 ; 0                 ; 6       ;
;      - Uniciclo:UNI1|xregs:Regs1|oREGD[19]~412 ; 0                 ; 6       ;
;      - Uniciclo:UNI1|xregs:Regs1|oREGD[19]~413 ; 0                 ; 6       ;
;      - Uniciclo:UNI1|xregs:Regs1|oREGD[19]~414 ; 0                 ; 6       ;
;      - Uniciclo:UNI1|xregs:Regs1|oREGD[19]~416 ; 0                 ; 6       ;
;      - Uniciclo:UNI1|xregs:Regs1|oREGD[20]~426 ; 0                 ; 6       ;
;      - Uniciclo:UNI1|xregs:Regs1|oREGD[20]~429 ; 0                 ; 6       ;
;      - Uniciclo:UNI1|xregs:Regs1|oREGD[20]~430 ; 0                 ; 6       ;
;      - Uniciclo:UNI1|xregs:Regs1|oREGD[20]~431 ; 0                 ; 6       ;
;      - Uniciclo:UNI1|xregs:Regs1|oREGD[20]~432 ; 0                 ; 6       ;
;      - Uniciclo:UNI1|xregs:Regs1|oREGD[20]~434 ; 0                 ; 6       ;
;      - Uniciclo:UNI1|xregs:Regs1|oREGD[20]~435 ; 0                 ; 6       ;
;      - Uniciclo:UNI1|xregs:Regs1|oREGD[20]~437 ; 0                 ; 6       ;
;      - Uniciclo:UNI1|xregs:Regs1|oREGD[21]~447 ; 0                 ; 6       ;
;      - Uniciclo:UNI1|xregs:Regs1|oREGD[21]~450 ; 0                 ; 6       ;
;      - Uniciclo:UNI1|xregs:Regs1|oREGD[21]~451 ; 0                 ; 6       ;
;      - Uniciclo:UNI1|xregs:Regs1|oREGD[21]~453 ; 0                 ; 6       ;
;      - Uniciclo:UNI1|xregs:Regs1|oREGD[21]~454 ; 0                 ; 6       ;
;      - Uniciclo:UNI1|xregs:Regs1|oREGD[21]~455 ; 0                 ; 6       ;
;      - Uniciclo:UNI1|xregs:Regs1|oREGD[21]~456 ; 0                 ; 6       ;
;      - Uniciclo:UNI1|xregs:Regs1|oREGD[21]~458 ; 0                 ; 6       ;
;      - Uniciclo:UNI1|xregs:Regs1|oREGD[22]~468 ; 0                 ; 6       ;
;      - Uniciclo:UNI1|xregs:Regs1|oREGD[22]~471 ; 0                 ; 6       ;
;      - Uniciclo:UNI1|xregs:Regs1|oREGD[22]~472 ; 0                 ; 6       ;
;      - Uniciclo:UNI1|xregs:Regs1|oREGD[22]~473 ; 0                 ; 6       ;
;      - Uniciclo:UNI1|xregs:Regs1|oREGD[22]~474 ; 0                 ; 6       ;
;      - Uniciclo:UNI1|xregs:Regs1|oREGD[22]~476 ; 0                 ; 6       ;
;      - Uniciclo:UNI1|xregs:Regs1|oREGD[22]~477 ; 0                 ; 6       ;
;      - Uniciclo:UNI1|xregs:Regs1|oREGD[22]~479 ; 0                 ; 6       ;
;      - Uniciclo:UNI1|xregs:Regs1|oREGD[23]~489 ; 0                 ; 6       ;
;      - Uniciclo:UNI1|xregs:Regs1|oREGD[23]~492 ; 0                 ; 6       ;
;      - Uniciclo:UNI1|xregs:Regs1|oREGD[23]~493 ; 0                 ; 6       ;
;      - Uniciclo:UNI1|xregs:Regs1|oREGD[23]~495 ; 0                 ; 6       ;
;      - Uniciclo:UNI1|xregs:Regs1|oREGD[23]~496 ; 0                 ; 6       ;
;      - Uniciclo:UNI1|xregs:Regs1|oREGD[23]~497 ; 0                 ; 6       ;
;      - Uniciclo:UNI1|xregs:Regs1|oREGD[23]~498 ; 0                 ; 6       ;
;      - Uniciclo:UNI1|xregs:Regs1|oREGD[23]~500 ; 0                 ; 6       ;
;      - Uniciclo:UNI1|xregs:Regs1|oREGD[24]~510 ; 0                 ; 6       ;
;      - Uniciclo:UNI1|xregs:Regs1|oREGD[24]~513 ; 0                 ; 6       ;
;      - Uniciclo:UNI1|xregs:Regs1|oREGD[24]~514 ; 0                 ; 6       ;
;      - Uniciclo:UNI1|xregs:Regs1|oREGD[24]~515 ; 0                 ; 6       ;
;      - Uniciclo:UNI1|xregs:Regs1|oREGD[24]~516 ; 0                 ; 6       ;
;      - Uniciclo:UNI1|xregs:Regs1|oREGD[24]~518 ; 0                 ; 6       ;
;      - Uniciclo:UNI1|xregs:Regs1|oREGD[24]~519 ; 0                 ; 6       ;
;      - Uniciclo:UNI1|xregs:Regs1|oREGD[24]~521 ; 0                 ; 6       ;
;      - Uniciclo:UNI1|xregs:Regs1|oREGD[25]~531 ; 0                 ; 6       ;
;      - Uniciclo:UNI1|xregs:Regs1|oREGD[25]~534 ; 0                 ; 6       ;
;      - Uniciclo:UNI1|xregs:Regs1|oREGD[25]~535 ; 0                 ; 6       ;
;      - Uniciclo:UNI1|xregs:Regs1|oREGD[25]~537 ; 0                 ; 6       ;
;      - Uniciclo:UNI1|xregs:Regs1|oREGD[25]~538 ; 0                 ; 6       ;
;      - Uniciclo:UNI1|xregs:Regs1|oREGD[25]~539 ; 0                 ; 6       ;
;      - Uniciclo:UNI1|xregs:Regs1|oREGD[25]~540 ; 0                 ; 6       ;
;      - Uniciclo:UNI1|xregs:Regs1|oREGD[25]~542 ; 0                 ; 6       ;
;      - Uniciclo:UNI1|xregs:Regs1|oREGD[26]~552 ; 0                 ; 6       ;
;      - Uniciclo:UNI1|xregs:Regs1|oREGD[26]~555 ; 0                 ; 6       ;
;      - Uniciclo:UNI1|xregs:Regs1|oREGD[26]~556 ; 0                 ; 6       ;
;      - Uniciclo:UNI1|xregs:Regs1|oREGD[26]~557 ; 0                 ; 6       ;
;      - Uniciclo:UNI1|xregs:Regs1|oREGD[26]~558 ; 0                 ; 6       ;
;      - Uniciclo:UNI1|xregs:Regs1|oREGD[26]~560 ; 0                 ; 6       ;
;      - Uniciclo:UNI1|xregs:Regs1|oREGD[26]~561 ; 0                 ; 6       ;
;      - Uniciclo:UNI1|xregs:Regs1|oREGD[26]~563 ; 0                 ; 6       ;
;      - Uniciclo:UNI1|xregs:Regs1|oREGD[27]~573 ; 0                 ; 6       ;
;      - Uniciclo:UNI1|xregs:Regs1|oREGD[27]~576 ; 0                 ; 6       ;
;      - Uniciclo:UNI1|xregs:Regs1|oREGD[27]~577 ; 0                 ; 6       ;
;      - Uniciclo:UNI1|xregs:Regs1|oREGD[27]~579 ; 0                 ; 6       ;
;      - Uniciclo:UNI1|xregs:Regs1|oREGD[27]~580 ; 0                 ; 6       ;
;      - Uniciclo:UNI1|xregs:Regs1|oREGD[27]~581 ; 0                 ; 6       ;
;      - Uniciclo:UNI1|xregs:Regs1|oREGD[27]~582 ; 0                 ; 6       ;
;      - Uniciclo:UNI1|xregs:Regs1|oREGD[27]~584 ; 0                 ; 6       ;
;      - Uniciclo:UNI1|xregs:Regs1|oREGD[28]~594 ; 0                 ; 6       ;
;      - Uniciclo:UNI1|xregs:Regs1|oREGD[28]~597 ; 0                 ; 6       ;
;      - Uniciclo:UNI1|xregs:Regs1|oREGD[28]~598 ; 0                 ; 6       ;
;      - Uniciclo:UNI1|xregs:Regs1|oREGD[28]~599 ; 0                 ; 6       ;
;      - Uniciclo:UNI1|xregs:Regs1|oREGD[28]~600 ; 0                 ; 6       ;
;      - Uniciclo:UNI1|xregs:Regs1|oREGD[28]~602 ; 0                 ; 6       ;
;      - Uniciclo:UNI1|xregs:Regs1|oREGD[28]~603 ; 0                 ; 6       ;
;      - Uniciclo:UNI1|xregs:Regs1|oREGD[28]~605 ; 0                 ; 6       ;
;      - Uniciclo:UNI1|xregs:Regs1|oREGD[29]~615 ; 0                 ; 6       ;
;      - Uniciclo:UNI1|xregs:Regs1|oREGD[29]~618 ; 0                 ; 6       ;
;      - Uniciclo:UNI1|xregs:Regs1|oREGD[29]~619 ; 0                 ; 6       ;
;      - Uniciclo:UNI1|xregs:Regs1|oREGD[29]~621 ; 0                 ; 6       ;
;      - Uniciclo:UNI1|xregs:Regs1|oREGD[29]~622 ; 0                 ; 6       ;
;      - Uniciclo:UNI1|xregs:Regs1|oREGD[29]~623 ; 0                 ; 6       ;
;      - Uniciclo:UNI1|xregs:Regs1|oREGD[29]~624 ; 0                 ; 6       ;
;      - Uniciclo:UNI1|xregs:Regs1|oREGD[29]~626 ; 0                 ; 6       ;
;      - Uniciclo:UNI1|xregs:Regs1|oREGD[30]~636 ; 0                 ; 6       ;
;      - Uniciclo:UNI1|xregs:Regs1|oREGD[30]~639 ; 0                 ; 6       ;
;      - Uniciclo:UNI1|xregs:Regs1|oREGD[30]~640 ; 0                 ; 6       ;
;      - Uniciclo:UNI1|xregs:Regs1|oREGD[30]~641 ; 0                 ; 6       ;
;      - Uniciclo:UNI1|xregs:Regs1|oREGD[30]~642 ; 0                 ; 6       ;
;      - Uniciclo:UNI1|xregs:Regs1|oREGD[30]~644 ; 0                 ; 6       ;
;      - Uniciclo:UNI1|xregs:Regs1|oREGD[30]~645 ; 0                 ; 6       ;
;      - Uniciclo:UNI1|xregs:Regs1|oREGD[30]~647 ; 0                 ; 6       ;
;      - Uniciclo:UNI1|xregs:Regs1|oREGD[31]~657 ; 0                 ; 6       ;
;      - Uniciclo:UNI1|xregs:Regs1|oREGD[31]~660 ; 0                 ; 6       ;
;      - Uniciclo:UNI1|xregs:Regs1|oREGD[31]~661 ; 0                 ; 6       ;
;      - Uniciclo:UNI1|xregs:Regs1|oREGD[31]~663 ; 0                 ; 6       ;
;      - Uniciclo:UNI1|xregs:Regs1|oREGD[31]~664 ; 0                 ; 6       ;
;      - Uniciclo:UNI1|xregs:Regs1|oREGD[31]~665 ; 0                 ; 6       ;
;      - Uniciclo:UNI1|xregs:Regs1|oREGD[31]~666 ; 0                 ; 6       ;
;      - Uniciclo:UNI1|xregs:Regs1|oREGD[31]~668 ; 0                 ; 6       ;
; Regin[1]                                       ;                   ;         ;
;      - Uniciclo:UNI1|xregs:Regs1|oREGD[0]~6    ; 1                 ; 6       ;
;      - Uniciclo:UNI1|xregs:Regs1|oREGD[0]~10   ; 1                 ; 6       ;
;      - Uniciclo:UNI1|xregs:Regs1|oREGD[0]~12   ; 1                 ; 6       ;
;      - Uniciclo:UNI1|xregs:Regs1|oREGD[0]~13   ; 1                 ; 6       ;
;      - Uniciclo:UNI1|xregs:Regs1|oREGD[0]~14   ; 1                 ; 6       ;
;      - Uniciclo:UNI1|xregs:Regs1|oREGD[0]~15   ; 1                 ; 6       ;
;      - Uniciclo:UNI1|xregs:Regs1|oREGD[0]~17   ; 1                 ; 6       ;
;      - Uniciclo:UNI1|xregs:Regs1|oREGD[0]~18   ; 1                 ; 6       ;
;      - Uniciclo:UNI1|xregs:Regs1|Equal2~0      ; 1                 ; 6       ;
;      - Uniciclo:UNI1|xregs:Regs1|oREGD[1]~27   ; 1                 ; 6       ;
;      - Uniciclo:UNI1|xregs:Regs1|oREGD[1]~31   ; 1                 ; 6       ;
;      - Uniciclo:UNI1|xregs:Regs1|oREGD[1]~32   ; 1                 ; 6       ;
;      - Uniciclo:UNI1|xregs:Regs1|oREGD[1]~33   ; 1                 ; 6       ;
;      - Uniciclo:UNI1|xregs:Regs1|oREGD[1]~35   ; 1                 ; 6       ;
;      - Uniciclo:UNI1|xregs:Regs1|oREGD[1]~36   ; 1                 ; 6       ;
;      - Uniciclo:UNI1|xregs:Regs1|oREGD[1]~38   ; 1                 ; 6       ;
;      - Uniciclo:UNI1|xregs:Regs1|oREGD[1]~39   ; 1                 ; 6       ;
;      - Uniciclo:UNI1|xregs:Regs1|oREGD[2]~48   ; 1                 ; 6       ;
;      - Uniciclo:UNI1|xregs:Regs1|oREGD[2]~52   ; 1                 ; 6       ;
;      - Uniciclo:UNI1|xregs:Regs1|oREGD[2]~54   ; 1                 ; 6       ;
;      - Uniciclo:UNI1|xregs:Regs1|oREGD[2]~55   ; 1                 ; 6       ;
;      - Uniciclo:UNI1|xregs:Regs1|oREGD[2]~56   ; 1                 ; 6       ;
;      - Uniciclo:UNI1|xregs:Regs1|oREGD[2]~57   ; 1                 ; 6       ;
;      - Uniciclo:UNI1|xregs:Regs1|oREGD[2]~59   ; 1                 ; 6       ;
;      - Uniciclo:UNI1|xregs:Regs1|oREGD[2]~60   ; 1                 ; 6       ;
;      - Uniciclo:UNI1|xregs:Regs1|oREGD[3]~69   ; 1                 ; 6       ;
;      - Uniciclo:UNI1|xregs:Regs1|oREGD[3]~73   ; 1                 ; 6       ;
;      - Uniciclo:UNI1|xregs:Regs1|oREGD[3]~74   ; 1                 ; 6       ;
;      - Uniciclo:UNI1|xregs:Regs1|oREGD[3]~75   ; 1                 ; 6       ;
;      - Uniciclo:UNI1|xregs:Regs1|oREGD[3]~77   ; 1                 ; 6       ;
;      - Uniciclo:UNI1|xregs:Regs1|oREGD[3]~78   ; 1                 ; 6       ;
;      - Uniciclo:UNI1|xregs:Regs1|oREGD[3]~80   ; 1                 ; 6       ;
;      - Uniciclo:UNI1|xregs:Regs1|oREGD[3]~81   ; 1                 ; 6       ;
;      - Uniciclo:UNI1|xregs:Regs1|oREGD[4]~90   ; 1                 ; 6       ;
;      - Uniciclo:UNI1|xregs:Regs1|oREGD[4]~94   ; 1                 ; 6       ;
;      - Uniciclo:UNI1|xregs:Regs1|oREGD[4]~96   ; 1                 ; 6       ;
;      - Uniciclo:UNI1|xregs:Regs1|oREGD[4]~97   ; 1                 ; 6       ;
;      - Uniciclo:UNI1|xregs:Regs1|oREGD[4]~98   ; 1                 ; 6       ;
;      - Uniciclo:UNI1|xregs:Regs1|oREGD[4]~99   ; 1                 ; 6       ;
;      - Uniciclo:UNI1|xregs:Regs1|oREGD[4]~101  ; 1                 ; 6       ;
;      - Uniciclo:UNI1|xregs:Regs1|oREGD[4]~102  ; 1                 ; 6       ;
;      - Uniciclo:UNI1|xregs:Regs1|oREGD[5]~111  ; 1                 ; 6       ;
;      - Uniciclo:UNI1|xregs:Regs1|oREGD[5]~115  ; 1                 ; 6       ;
;      - Uniciclo:UNI1|xregs:Regs1|oREGD[5]~116  ; 1                 ; 6       ;
;      - Uniciclo:UNI1|xregs:Regs1|oREGD[5]~117  ; 1                 ; 6       ;
;      - Uniciclo:UNI1|xregs:Regs1|oREGD[5]~119  ; 1                 ; 6       ;
;      - Uniciclo:UNI1|xregs:Regs1|oREGD[5]~120  ; 1                 ; 6       ;
;      - Uniciclo:UNI1|xregs:Regs1|oREGD[5]~122  ; 1                 ; 6       ;
;      - Uniciclo:UNI1|xregs:Regs1|oREGD[5]~123  ; 1                 ; 6       ;
;      - Uniciclo:UNI1|xregs:Regs1|oREGD[6]~132  ; 1                 ; 6       ;
;      - Uniciclo:UNI1|xregs:Regs1|oREGD[6]~136  ; 1                 ; 6       ;
;      - Uniciclo:UNI1|xregs:Regs1|oREGD[6]~138  ; 1                 ; 6       ;
;      - Uniciclo:UNI1|xregs:Regs1|oREGD[6]~139  ; 1                 ; 6       ;
;      - Uniciclo:UNI1|xregs:Regs1|oREGD[6]~140  ; 1                 ; 6       ;
;      - Uniciclo:UNI1|xregs:Regs1|oREGD[6]~141  ; 1                 ; 6       ;
;      - Uniciclo:UNI1|xregs:Regs1|oREGD[6]~143  ; 1                 ; 6       ;
;      - Uniciclo:UNI1|xregs:Regs1|oREGD[6]~144  ; 1                 ; 6       ;
;      - Uniciclo:UNI1|xregs:Regs1|oREGD[7]~153  ; 1                 ; 6       ;
;      - Uniciclo:UNI1|xregs:Regs1|oREGD[7]~157  ; 1                 ; 6       ;
;      - Uniciclo:UNI1|xregs:Regs1|oREGD[7]~158  ; 1                 ; 6       ;
;      - Uniciclo:UNI1|xregs:Regs1|oREGD[7]~159  ; 1                 ; 6       ;
;      - Uniciclo:UNI1|xregs:Regs1|oREGD[7]~161  ; 1                 ; 6       ;
;      - Uniciclo:UNI1|xregs:Regs1|oREGD[7]~162  ; 1                 ; 6       ;
;      - Uniciclo:UNI1|xregs:Regs1|oREGD[7]~164  ; 1                 ; 6       ;
;      - Uniciclo:UNI1|xregs:Regs1|oREGD[7]~165  ; 1                 ; 6       ;
;      - Uniciclo:UNI1|xregs:Regs1|oREGD[8]~174  ; 1                 ; 6       ;
;      - Uniciclo:UNI1|xregs:Regs1|oREGD[8]~178  ; 1                 ; 6       ;
;      - Uniciclo:UNI1|xregs:Regs1|oREGD[8]~180  ; 1                 ; 6       ;
;      - Uniciclo:UNI1|xregs:Regs1|oREGD[8]~181  ; 1                 ; 6       ;
;      - Uniciclo:UNI1|xregs:Regs1|oREGD[8]~182  ; 1                 ; 6       ;
;      - Uniciclo:UNI1|xregs:Regs1|oREGD[8]~183  ; 1                 ; 6       ;
;      - Uniciclo:UNI1|xregs:Regs1|oREGD[8]~185  ; 1                 ; 6       ;
;      - Uniciclo:UNI1|xregs:Regs1|oREGD[8]~186  ; 1                 ; 6       ;
;      - Uniciclo:UNI1|xregs:Regs1|oREGD[9]~195  ; 1                 ; 6       ;
;      - Uniciclo:UNI1|xregs:Regs1|oREGD[9]~199  ; 1                 ; 6       ;
;      - Uniciclo:UNI1|xregs:Regs1|oREGD[9]~200  ; 1                 ; 6       ;
;      - Uniciclo:UNI1|xregs:Regs1|oREGD[9]~201  ; 1                 ; 6       ;
;      - Uniciclo:UNI1|xregs:Regs1|oREGD[9]~203  ; 1                 ; 6       ;
;      - Uniciclo:UNI1|xregs:Regs1|oREGD[9]~204  ; 1                 ; 6       ;
;      - Uniciclo:UNI1|xregs:Regs1|oREGD[9]~206  ; 1                 ; 6       ;
;      - Uniciclo:UNI1|xregs:Regs1|oREGD[9]~207  ; 1                 ; 6       ;
;      - Uniciclo:UNI1|xregs:Regs1|oREGD[10]~216 ; 1                 ; 6       ;
;      - Uniciclo:UNI1|xregs:Regs1|oREGD[10]~220 ; 1                 ; 6       ;
;      - Uniciclo:UNI1|xregs:Regs1|oREGD[10]~222 ; 1                 ; 6       ;
;      - Uniciclo:UNI1|xregs:Regs1|oREGD[10]~223 ; 1                 ; 6       ;
;      - Uniciclo:UNI1|xregs:Regs1|oREGD[10]~224 ; 1                 ; 6       ;
;      - Uniciclo:UNI1|xregs:Regs1|oREGD[10]~225 ; 1                 ; 6       ;
;      - Uniciclo:UNI1|xregs:Regs1|oREGD[10]~227 ; 1                 ; 6       ;
;      - Uniciclo:UNI1|xregs:Regs1|oREGD[10]~228 ; 1                 ; 6       ;
;      - Uniciclo:UNI1|xregs:Regs1|oREGD[11]~237 ; 1                 ; 6       ;
;      - Uniciclo:UNI1|xregs:Regs1|oREGD[11]~241 ; 1                 ; 6       ;
;      - Uniciclo:UNI1|xregs:Regs1|oREGD[11]~242 ; 1                 ; 6       ;
;      - Uniciclo:UNI1|xregs:Regs1|oREGD[11]~243 ; 1                 ; 6       ;
;      - Uniciclo:UNI1|xregs:Regs1|oREGD[11]~245 ; 1                 ; 6       ;
;      - Uniciclo:UNI1|xregs:Regs1|oREGD[11]~246 ; 1                 ; 6       ;
;      - Uniciclo:UNI1|xregs:Regs1|oREGD[11]~248 ; 1                 ; 6       ;
;      - Uniciclo:UNI1|xregs:Regs1|oREGD[11]~249 ; 1                 ; 6       ;
;      - Uniciclo:UNI1|xregs:Regs1|oREGD[12]~258 ; 1                 ; 6       ;
;      - Uniciclo:UNI1|xregs:Regs1|oREGD[12]~262 ; 1                 ; 6       ;
;      - Uniciclo:UNI1|xregs:Regs1|oREGD[12]~264 ; 1                 ; 6       ;
;      - Uniciclo:UNI1|xregs:Regs1|oREGD[12]~265 ; 1                 ; 6       ;
;      - Uniciclo:UNI1|xregs:Regs1|oREGD[12]~266 ; 1                 ; 6       ;
;      - Uniciclo:UNI1|xregs:Regs1|oREGD[12]~267 ; 1                 ; 6       ;
;      - Uniciclo:UNI1|xregs:Regs1|oREGD[12]~269 ; 1                 ; 6       ;
;      - Uniciclo:UNI1|xregs:Regs1|oREGD[12]~270 ; 1                 ; 6       ;
;      - Uniciclo:UNI1|xregs:Regs1|oREGD[13]~279 ; 1                 ; 6       ;
;      - Uniciclo:UNI1|xregs:Regs1|oREGD[13]~283 ; 1                 ; 6       ;
;      - Uniciclo:UNI1|xregs:Regs1|oREGD[13]~284 ; 1                 ; 6       ;
;      - Uniciclo:UNI1|xregs:Regs1|oREGD[13]~285 ; 1                 ; 6       ;
;      - Uniciclo:UNI1|xregs:Regs1|oREGD[13]~287 ; 1                 ; 6       ;
;      - Uniciclo:UNI1|xregs:Regs1|oREGD[13]~288 ; 1                 ; 6       ;
;      - Uniciclo:UNI1|xregs:Regs1|oREGD[13]~290 ; 1                 ; 6       ;
;      - Uniciclo:UNI1|xregs:Regs1|oREGD[13]~291 ; 1                 ; 6       ;
;      - Uniciclo:UNI1|xregs:Regs1|oREGD[14]~300 ; 1                 ; 6       ;
;      - Uniciclo:UNI1|xregs:Regs1|oREGD[14]~304 ; 1                 ; 6       ;
;      - Uniciclo:UNI1|xregs:Regs1|oREGD[14]~306 ; 1                 ; 6       ;
;      - Uniciclo:UNI1|xregs:Regs1|oREGD[14]~307 ; 1                 ; 6       ;
;      - Uniciclo:UNI1|xregs:Regs1|oREGD[14]~308 ; 1                 ; 6       ;
;      - Uniciclo:UNI1|xregs:Regs1|oREGD[14]~309 ; 1                 ; 6       ;
;      - Uniciclo:UNI1|xregs:Regs1|oREGD[14]~311 ; 1                 ; 6       ;
;      - Uniciclo:UNI1|xregs:Regs1|oREGD[14]~312 ; 1                 ; 6       ;
;      - Uniciclo:UNI1|xregs:Regs1|oREGD[15]~321 ; 1                 ; 6       ;
;      - Uniciclo:UNI1|xregs:Regs1|oREGD[15]~325 ; 1                 ; 6       ;
;      - Uniciclo:UNI1|xregs:Regs1|oREGD[15]~326 ; 1                 ; 6       ;
;      - Uniciclo:UNI1|xregs:Regs1|oREGD[15]~327 ; 1                 ; 6       ;
;      - Uniciclo:UNI1|xregs:Regs1|oREGD[15]~329 ; 1                 ; 6       ;
;      - Uniciclo:UNI1|xregs:Regs1|oREGD[15]~330 ; 1                 ; 6       ;
;      - Uniciclo:UNI1|xregs:Regs1|oREGD[15]~332 ; 1                 ; 6       ;
;      - Uniciclo:UNI1|xregs:Regs1|oREGD[15]~333 ; 1                 ; 6       ;
;      - Uniciclo:UNI1|xregs:Regs1|oREGD[16]~342 ; 1                 ; 6       ;
;      - Uniciclo:UNI1|xregs:Regs1|oREGD[16]~346 ; 1                 ; 6       ;
;      - Uniciclo:UNI1|xregs:Regs1|oREGD[16]~348 ; 1                 ; 6       ;
;      - Uniciclo:UNI1|xregs:Regs1|oREGD[16]~349 ; 1                 ; 6       ;
;      - Uniciclo:UNI1|xregs:Regs1|oREGD[16]~350 ; 1                 ; 6       ;
;      - Uniciclo:UNI1|xregs:Regs1|oREGD[16]~351 ; 1                 ; 6       ;
;      - Uniciclo:UNI1|xregs:Regs1|oREGD[16]~353 ; 1                 ; 6       ;
;      - Uniciclo:UNI1|xregs:Regs1|oREGD[16]~354 ; 1                 ; 6       ;
;      - Uniciclo:UNI1|xregs:Regs1|oREGD[17]~363 ; 1                 ; 6       ;
;      - Uniciclo:UNI1|xregs:Regs1|oREGD[17]~367 ; 1                 ; 6       ;
;      - Uniciclo:UNI1|xregs:Regs1|oREGD[17]~368 ; 1                 ; 6       ;
;      - Uniciclo:UNI1|xregs:Regs1|oREGD[17]~369 ; 1                 ; 6       ;
;      - Uniciclo:UNI1|xregs:Regs1|oREGD[17]~371 ; 1                 ; 6       ;
;      - Uniciclo:UNI1|xregs:Regs1|oREGD[17]~372 ; 1                 ; 6       ;
;      - Uniciclo:UNI1|xregs:Regs1|oREGD[17]~374 ; 1                 ; 6       ;
;      - Uniciclo:UNI1|xregs:Regs1|oREGD[17]~375 ; 1                 ; 6       ;
;      - Uniciclo:UNI1|xregs:Regs1|oREGD[18]~384 ; 1                 ; 6       ;
;      - Uniciclo:UNI1|xregs:Regs1|oREGD[18]~388 ; 1                 ; 6       ;
;      - Uniciclo:UNI1|xregs:Regs1|oREGD[18]~390 ; 1                 ; 6       ;
;      - Uniciclo:UNI1|xregs:Regs1|oREGD[18]~391 ; 1                 ; 6       ;
;      - Uniciclo:UNI1|xregs:Regs1|oREGD[18]~392 ; 1                 ; 6       ;
;      - Uniciclo:UNI1|xregs:Regs1|oREGD[18]~393 ; 1                 ; 6       ;
;      - Uniciclo:UNI1|xregs:Regs1|oREGD[18]~395 ; 1                 ; 6       ;
;      - Uniciclo:UNI1|xregs:Regs1|oREGD[18]~396 ; 1                 ; 6       ;
;      - Uniciclo:UNI1|xregs:Regs1|oREGD[19]~405 ; 1                 ; 6       ;
;      - Uniciclo:UNI1|xregs:Regs1|oREGD[19]~409 ; 1                 ; 6       ;
;      - Uniciclo:UNI1|xregs:Regs1|oREGD[19]~410 ; 1                 ; 6       ;
;      - Uniciclo:UNI1|xregs:Regs1|oREGD[19]~411 ; 1                 ; 6       ;
;      - Uniciclo:UNI1|xregs:Regs1|oREGD[19]~413 ; 1                 ; 6       ;
;      - Uniciclo:UNI1|xregs:Regs1|oREGD[19]~414 ; 1                 ; 6       ;
;      - Uniciclo:UNI1|xregs:Regs1|oREGD[19]~416 ; 1                 ; 6       ;
;      - Uniciclo:UNI1|xregs:Regs1|oREGD[19]~417 ; 1                 ; 6       ;
;      - Uniciclo:UNI1|xregs:Regs1|oREGD[20]~426 ; 1                 ; 6       ;
;      - Uniciclo:UNI1|xregs:Regs1|oREGD[20]~430 ; 1                 ; 6       ;
;      - Uniciclo:UNI1|xregs:Regs1|oREGD[20]~432 ; 1                 ; 6       ;
;      - Uniciclo:UNI1|xregs:Regs1|oREGD[20]~433 ; 1                 ; 6       ;
;      - Uniciclo:UNI1|xregs:Regs1|oREGD[20]~434 ; 1                 ; 6       ;
;      - Uniciclo:UNI1|xregs:Regs1|oREGD[20]~435 ; 1                 ; 6       ;
;      - Uniciclo:UNI1|xregs:Regs1|oREGD[20]~437 ; 1                 ; 6       ;
;      - Uniciclo:UNI1|xregs:Regs1|oREGD[20]~438 ; 1                 ; 6       ;
;      - Uniciclo:UNI1|xregs:Regs1|oREGD[21]~447 ; 1                 ; 6       ;
;      - Uniciclo:UNI1|xregs:Regs1|oREGD[21]~451 ; 1                 ; 6       ;
;      - Uniciclo:UNI1|xregs:Regs1|oREGD[21]~452 ; 1                 ; 6       ;
;      - Uniciclo:UNI1|xregs:Regs1|oREGD[21]~453 ; 1                 ; 6       ;
;      - Uniciclo:UNI1|xregs:Regs1|oREGD[21]~455 ; 1                 ; 6       ;
;      - Uniciclo:UNI1|xregs:Regs1|oREGD[21]~456 ; 1                 ; 6       ;
;      - Uniciclo:UNI1|xregs:Regs1|oREGD[21]~458 ; 1                 ; 6       ;
;      - Uniciclo:UNI1|xregs:Regs1|oREGD[21]~459 ; 1                 ; 6       ;
;      - Uniciclo:UNI1|xregs:Regs1|oREGD[22]~468 ; 1                 ; 6       ;
;      - Uniciclo:UNI1|xregs:Regs1|oREGD[22]~472 ; 1                 ; 6       ;
;      - Uniciclo:UNI1|xregs:Regs1|oREGD[22]~474 ; 1                 ; 6       ;
;      - Uniciclo:UNI1|xregs:Regs1|oREGD[22]~475 ; 1                 ; 6       ;
;      - Uniciclo:UNI1|xregs:Regs1|oREGD[22]~476 ; 1                 ; 6       ;
;      - Uniciclo:UNI1|xregs:Regs1|oREGD[22]~477 ; 1                 ; 6       ;
;      - Uniciclo:UNI1|xregs:Regs1|oREGD[22]~479 ; 1                 ; 6       ;
;      - Uniciclo:UNI1|xregs:Regs1|oREGD[22]~480 ; 1                 ; 6       ;
;      - Uniciclo:UNI1|xregs:Regs1|oREGD[23]~489 ; 1                 ; 6       ;
;      - Uniciclo:UNI1|xregs:Regs1|oREGD[23]~493 ; 1                 ; 6       ;
;      - Uniciclo:UNI1|xregs:Regs1|oREGD[23]~494 ; 1                 ; 6       ;
;      - Uniciclo:UNI1|xregs:Regs1|oREGD[23]~495 ; 1                 ; 6       ;
;      - Uniciclo:UNI1|xregs:Regs1|oREGD[23]~497 ; 1                 ; 6       ;
;      - Uniciclo:UNI1|xregs:Regs1|oREGD[23]~498 ; 1                 ; 6       ;
;      - Uniciclo:UNI1|xregs:Regs1|oREGD[23]~500 ; 1                 ; 6       ;
;      - Uniciclo:UNI1|xregs:Regs1|oREGD[23]~501 ; 1                 ; 6       ;
;      - Uniciclo:UNI1|xregs:Regs1|oREGD[24]~510 ; 1                 ; 6       ;
;      - Uniciclo:UNI1|xregs:Regs1|oREGD[24]~514 ; 1                 ; 6       ;
;      - Uniciclo:UNI1|xregs:Regs1|oREGD[24]~516 ; 1                 ; 6       ;
;      - Uniciclo:UNI1|xregs:Regs1|oREGD[24]~517 ; 1                 ; 6       ;
;      - Uniciclo:UNI1|xregs:Regs1|oREGD[24]~518 ; 1                 ; 6       ;
;      - Uniciclo:UNI1|xregs:Regs1|oREGD[24]~519 ; 1                 ; 6       ;
;      - Uniciclo:UNI1|xregs:Regs1|oREGD[24]~521 ; 1                 ; 6       ;
;      - Uniciclo:UNI1|xregs:Regs1|oREGD[24]~522 ; 1                 ; 6       ;
;      - Uniciclo:UNI1|xregs:Regs1|oREGD[25]~531 ; 1                 ; 6       ;
;      - Uniciclo:UNI1|xregs:Regs1|oREGD[25]~535 ; 1                 ; 6       ;
;      - Uniciclo:UNI1|xregs:Regs1|oREGD[25]~536 ; 1                 ; 6       ;
;      - Uniciclo:UNI1|xregs:Regs1|oREGD[25]~537 ; 1                 ; 6       ;
;      - Uniciclo:UNI1|xregs:Regs1|oREGD[25]~539 ; 1                 ; 6       ;
;      - Uniciclo:UNI1|xregs:Regs1|oREGD[25]~540 ; 1                 ; 6       ;
;      - Uniciclo:UNI1|xregs:Regs1|oREGD[25]~542 ; 1                 ; 6       ;
;      - Uniciclo:UNI1|xregs:Regs1|oREGD[25]~543 ; 1                 ; 6       ;
;      - Uniciclo:UNI1|xregs:Regs1|oREGD[26]~552 ; 1                 ; 6       ;
;      - Uniciclo:UNI1|xregs:Regs1|oREGD[26]~556 ; 1                 ; 6       ;
;      - Uniciclo:UNI1|xregs:Regs1|oREGD[26]~558 ; 1                 ; 6       ;
;      - Uniciclo:UNI1|xregs:Regs1|oREGD[26]~559 ; 1                 ; 6       ;
;      - Uniciclo:UNI1|xregs:Regs1|oREGD[26]~560 ; 1                 ; 6       ;
;      - Uniciclo:UNI1|xregs:Regs1|oREGD[26]~561 ; 1                 ; 6       ;
;      - Uniciclo:UNI1|xregs:Regs1|oREGD[26]~563 ; 1                 ; 6       ;
;      - Uniciclo:UNI1|xregs:Regs1|oREGD[26]~564 ; 1                 ; 6       ;
;      - Uniciclo:UNI1|xregs:Regs1|oREGD[27]~573 ; 1                 ; 6       ;
;      - Uniciclo:UNI1|xregs:Regs1|oREGD[27]~577 ; 1                 ; 6       ;
;      - Uniciclo:UNI1|xregs:Regs1|oREGD[27]~578 ; 1                 ; 6       ;
;      - Uniciclo:UNI1|xregs:Regs1|oREGD[27]~579 ; 1                 ; 6       ;
;      - Uniciclo:UNI1|xregs:Regs1|oREGD[27]~581 ; 1                 ; 6       ;
;      - Uniciclo:UNI1|xregs:Regs1|oREGD[27]~582 ; 1                 ; 6       ;
;      - Uniciclo:UNI1|xregs:Regs1|oREGD[27]~584 ; 1                 ; 6       ;
;      - Uniciclo:UNI1|xregs:Regs1|oREGD[27]~585 ; 1                 ; 6       ;
;      - Uniciclo:UNI1|xregs:Regs1|oREGD[28]~594 ; 1                 ; 6       ;
;      - Uniciclo:UNI1|xregs:Regs1|oREGD[28]~598 ; 1                 ; 6       ;
;      - Uniciclo:UNI1|xregs:Regs1|oREGD[28]~600 ; 1                 ; 6       ;
;      - Uniciclo:UNI1|xregs:Regs1|oREGD[28]~601 ; 1                 ; 6       ;
;      - Uniciclo:UNI1|xregs:Regs1|oREGD[28]~602 ; 1                 ; 6       ;
;      - Uniciclo:UNI1|xregs:Regs1|oREGD[28]~603 ; 1                 ; 6       ;
;      - Uniciclo:UNI1|xregs:Regs1|oREGD[28]~605 ; 1                 ; 6       ;
;      - Uniciclo:UNI1|xregs:Regs1|oREGD[28]~606 ; 1                 ; 6       ;
;      - Uniciclo:UNI1|xregs:Regs1|oREGD[29]~615 ; 1                 ; 6       ;
;      - Uniciclo:UNI1|xregs:Regs1|oREGD[29]~619 ; 1                 ; 6       ;
;      - Uniciclo:UNI1|xregs:Regs1|oREGD[29]~620 ; 1                 ; 6       ;
;      - Uniciclo:UNI1|xregs:Regs1|oREGD[29]~621 ; 1                 ; 6       ;
;      - Uniciclo:UNI1|xregs:Regs1|oREGD[29]~623 ; 1                 ; 6       ;
;      - Uniciclo:UNI1|xregs:Regs1|oREGD[29]~624 ; 1                 ; 6       ;
;      - Uniciclo:UNI1|xregs:Regs1|oREGD[29]~626 ; 1                 ; 6       ;
;      - Uniciclo:UNI1|xregs:Regs1|oREGD[29]~627 ; 1                 ; 6       ;
;      - Uniciclo:UNI1|xregs:Regs1|oREGD[30]~636 ; 1                 ; 6       ;
;      - Uniciclo:UNI1|xregs:Regs1|oREGD[30]~640 ; 1                 ; 6       ;
;      - Uniciclo:UNI1|xregs:Regs1|oREGD[30]~642 ; 1                 ; 6       ;
;      - Uniciclo:UNI1|xregs:Regs1|oREGD[30]~643 ; 1                 ; 6       ;
;      - Uniciclo:UNI1|xregs:Regs1|oREGD[30]~644 ; 1                 ; 6       ;
;      - Uniciclo:UNI1|xregs:Regs1|oREGD[30]~645 ; 1                 ; 6       ;
;      - Uniciclo:UNI1|xregs:Regs1|oREGD[30]~647 ; 1                 ; 6       ;
;      - Uniciclo:UNI1|xregs:Regs1|oREGD[30]~648 ; 1                 ; 6       ;
;      - Uniciclo:UNI1|xregs:Regs1|oREGD[31]~657 ; 1                 ; 6       ;
;      - Uniciclo:UNI1|xregs:Regs1|oREGD[31]~661 ; 1                 ; 6       ;
;      - Uniciclo:UNI1|xregs:Regs1|oREGD[31]~662 ; 1                 ; 6       ;
;      - Uniciclo:UNI1|xregs:Regs1|oREGD[31]~663 ; 1                 ; 6       ;
;      - Uniciclo:UNI1|xregs:Regs1|oREGD[31]~665 ; 1                 ; 6       ;
;      - Uniciclo:UNI1|xregs:Regs1|oREGD[31]~666 ; 1                 ; 6       ;
;      - Uniciclo:UNI1|xregs:Regs1|oREGD[31]~668 ; 1                 ; 6       ;
;      - Uniciclo:UNI1|xregs:Regs1|oREGD[31]~669 ; 1                 ; 6       ;
; Regin[4]                                       ;                   ;         ;
;      - Uniciclo:UNI1|xregs:Regs1|oREGD[0]~20   ; 0                 ; 6       ;
;      - Uniciclo:UNI1|xregs:Regs1|oREGD[1]~41   ; 0                 ; 6       ;
;      - Uniciclo:UNI1|xregs:Regs1|oREGD[2]~62   ; 0                 ; 6       ;
;      - Uniciclo:UNI1|xregs:Regs1|oREGD[3]~83   ; 0                 ; 6       ;
;      - Uniciclo:UNI1|xregs:Regs1|oREGD[4]~104  ; 0                 ; 6       ;
;      - Uniciclo:UNI1|xregs:Regs1|oREGD[5]~125  ; 0                 ; 6       ;
;      - Uniciclo:UNI1|xregs:Regs1|oREGD[6]~146  ; 0                 ; 6       ;
;      - Uniciclo:UNI1|xregs:Regs1|oREGD[7]~167  ; 0                 ; 6       ;
;      - Uniciclo:UNI1|xregs:Regs1|oREGD[8]~188  ; 0                 ; 6       ;
;      - Uniciclo:UNI1|xregs:Regs1|oREGD[9]~209  ; 0                 ; 6       ;
;      - Uniciclo:UNI1|xregs:Regs1|oREGD[10]~230 ; 0                 ; 6       ;
;      - Uniciclo:UNI1|xregs:Regs1|oREGD[11]~251 ; 0                 ; 6       ;
;      - Uniciclo:UNI1|xregs:Regs1|oREGD[12]~272 ; 0                 ; 6       ;
;      - Uniciclo:UNI1|xregs:Regs1|oREGD[13]~293 ; 0                 ; 6       ;
;      - Uniciclo:UNI1|xregs:Regs1|oREGD[14]~314 ; 0                 ; 6       ;
;      - Uniciclo:UNI1|xregs:Regs1|oREGD[15]~335 ; 0                 ; 6       ;
;      - Uniciclo:UNI1|xregs:Regs1|oREGD[16]~356 ; 0                 ; 6       ;
;      - Uniciclo:UNI1|xregs:Regs1|oREGD[17]~377 ; 0                 ; 6       ;
;      - Uniciclo:UNI1|xregs:Regs1|oREGD[18]~398 ; 0                 ; 6       ;
;      - Uniciclo:UNI1|xregs:Regs1|oREGD[19]~419 ; 0                 ; 6       ;
;      - Uniciclo:UNI1|xregs:Regs1|oREGD[20]~440 ; 0                 ; 6       ;
;      - Uniciclo:UNI1|xregs:Regs1|oREGD[21]~461 ; 0                 ; 6       ;
;      - Uniciclo:UNI1|xregs:Regs1|oREGD[22]~482 ; 0                 ; 6       ;
;      - Uniciclo:UNI1|xregs:Regs1|oREGD[23]~503 ; 0                 ; 6       ;
;      - Uniciclo:UNI1|xregs:Regs1|oREGD[24]~524 ; 0                 ; 6       ;
;      - Uniciclo:UNI1|xregs:Regs1|oREGD[25]~545 ; 0                 ; 6       ;
;      - Uniciclo:UNI1|xregs:Regs1|oREGD[26]~566 ; 0                 ; 6       ;
;      - Uniciclo:UNI1|xregs:Regs1|oREGD[27]~587 ; 0                 ; 6       ;
;      - Uniciclo:UNI1|xregs:Regs1|oREGD[28]~608 ; 0                 ; 6       ;
;      - Uniciclo:UNI1|xregs:Regs1|oREGD[29]~629 ; 0                 ; 6       ;
;      - Uniciclo:UNI1|xregs:Regs1|oREGD[30]~650 ; 0                 ; 6       ;
;      - Uniciclo:UNI1|xregs:Regs1|oREGD[31]~671 ; 0                 ; 6       ;
; CLOCK                                          ;                   ;         ;
; Reset                                          ;                   ;         ;
+------------------------------------------------+-------------------+---------+


+--------------------------------------------------------------------------------------------------------------------------------------------------------------------+
; Control Signals                                                                                                                                                    ;
+---------------------------------------+--------------------+---------+--------------+--------+----------------------+------------------+---------------------------+
; Name                                  ; Location           ; Fan-Out ; Usage        ; Global ; Global Resource Used ; Global Line Name ; Enable Signal Source Name ;
+---------------------------------------+--------------------+---------+--------------+--------+----------------------+------------------+---------------------------+
; CLOCK                                 ; PIN_E1             ; 9       ; Clock        ; yes    ; Global Clock         ; GCLK2            ; --                        ;
; ClockDIV_internal                     ; FF_X1_Y11_N11      ; 1024    ; Clock        ; yes    ; Global Clock         ; GCLK1            ; --                        ;
; Reset                                 ; PIN_M2             ; 1024    ; Async. clear ; yes    ; Global Clock         ; GCLK4            ; --                        ;
; Uniciclo:UNI1|ControlUnit:CU1|Mux7~4  ; LCCOMB_X29_Y15_N28 ; 4       ; Write enable ; no     ; --                   ; --               ; --                        ;
; Uniciclo:UNI1|PC_internal~33          ; LCCOMB_X25_Y15_N22 ; 32      ; Sync. load   ; no     ; --                   ; --               ; --                        ;
; Uniciclo:UNI1|xregs:Regs1|Decoder0~1  ; LCCOMB_X16_Y12_N4  ; 32      ; Clock enable ; no     ; --                   ; --               ; --                        ;
; Uniciclo:UNI1|xregs:Regs1|Decoder0~10 ; LCCOMB_X29_Y16_N24 ; 32      ; Clock enable ; no     ; --                   ; --               ; --                        ;
; Uniciclo:UNI1|xregs:Regs1|Decoder0~11 ; LCCOMB_X18_Y19_N22 ; 32      ; Clock enable ; no     ; --                   ; --               ; --                        ;
; Uniciclo:UNI1|xregs:Regs1|Decoder0~13 ; LCCOMB_X18_Y19_N6  ; 32      ; Clock enable ; no     ; --                   ; --               ; --                        ;
; Uniciclo:UNI1|xregs:Regs1|Decoder0~15 ; LCCOMB_X12_Y19_N4  ; 32      ; Clock enable ; no     ; --                   ; --               ; --                        ;
; Uniciclo:UNI1|xregs:Regs1|Decoder0~17 ; LCCOMB_X29_Y16_N26 ; 32      ; Clock enable ; no     ; --                   ; --               ; --                        ;
; Uniciclo:UNI1|xregs:Regs1|Decoder0~18 ; LCCOMB_X18_Y19_N14 ; 32      ; Clock enable ; no     ; --                   ; --               ; --                        ;
; Uniciclo:UNI1|xregs:Regs1|Decoder0~20 ; LCCOMB_X16_Y12_N0  ; 32      ; Clock enable ; no     ; --                   ; --               ; --                        ;
; Uniciclo:UNI1|xregs:Regs1|Decoder0~22 ; LCCOMB_X18_Y16_N26 ; 32      ; Clock enable ; no     ; --                   ; --               ; --                        ;
; Uniciclo:UNI1|xregs:Regs1|Decoder0~23 ; LCCOMB_X16_Y12_N18 ; 32      ; Clock enable ; no     ; --                   ; --               ; --                        ;
; Uniciclo:UNI1|xregs:Regs1|Decoder0~24 ; LCCOMB_X16_Y12_N8  ; 32      ; Clock enable ; no     ; --                   ; --               ; --                        ;
; Uniciclo:UNI1|xregs:Regs1|Decoder0~25 ; LCCOMB_X16_Y12_N6  ; 32      ; Clock enable ; no     ; --                   ; --               ; --                        ;
; Uniciclo:UNI1|xregs:Regs1|Decoder0~26 ; LCCOMB_X18_Y19_N28 ; 32      ; Clock enable ; no     ; --                   ; --               ; --                        ;
; Uniciclo:UNI1|xregs:Regs1|Decoder0~27 ; LCCOMB_X12_Y19_N26 ; 32      ; Clock enable ; no     ; --                   ; --               ; --                        ;
; Uniciclo:UNI1|xregs:Regs1|Decoder0~28 ; LCCOMB_X16_Y12_N24 ; 32      ; Clock enable ; no     ; --                   ; --               ; --                        ;
; Uniciclo:UNI1|xregs:Regs1|Decoder0~29 ; LCCOMB_X29_Y16_N20 ; 32      ; Clock enable ; no     ; --                   ; --               ; --                        ;
; Uniciclo:UNI1|xregs:Regs1|Decoder0~3  ; LCCOMB_X16_Y12_N30 ; 32      ; Clock enable ; no     ; --                   ; --               ; --                        ;
; Uniciclo:UNI1|xregs:Regs1|Decoder0~30 ; LCCOMB_X16_Y12_N2  ; 32      ; Clock enable ; no     ; --                   ; --               ; --                        ;
; Uniciclo:UNI1|xregs:Regs1|Decoder0~31 ; LCCOMB_X18_Y19_N26 ; 32      ; Clock enable ; no     ; --                   ; --               ; --                        ;
; Uniciclo:UNI1|xregs:Regs1|Decoder0~32 ; LCCOMB_X18_Y16_N14 ; 32      ; Clock enable ; no     ; --                   ; --               ; --                        ;
; Uniciclo:UNI1|xregs:Regs1|Decoder0~33 ; LCCOMB_X16_Y12_N20 ; 32      ; Clock enable ; no     ; --                   ; --               ; --                        ;
; Uniciclo:UNI1|xregs:Regs1|Decoder0~34 ; LCCOMB_X16_Y12_N26 ; 32      ; Clock enable ; no     ; --                   ; --               ; --                        ;
; Uniciclo:UNI1|xregs:Regs1|Decoder0~35 ; LCCOMB_X29_Y16_N22 ; 32      ; Clock enable ; no     ; --                   ; --               ; --                        ;
; Uniciclo:UNI1|xregs:Regs1|Decoder0~36 ; LCCOMB_X18_Y19_N12 ; 32      ; Clock enable ; no     ; --                   ; --               ; --                        ;
; Uniciclo:UNI1|xregs:Regs1|Decoder0~37 ; LCCOMB_X29_Y16_N28 ; 32      ; Clock enable ; no     ; --                   ; --               ; --                        ;
; Uniciclo:UNI1|xregs:Regs1|Decoder0~38 ; LCCOMB_X18_Y19_N10 ; 32      ; Clock enable ; no     ; --                   ; --               ; --                        ;
; Uniciclo:UNI1|xregs:Regs1|Decoder0~4  ; LCCOMB_X16_Y12_N16 ; 32      ; Clock enable ; no     ; --                   ; --               ; --                        ;
; Uniciclo:UNI1|xregs:Regs1|Decoder0~40 ; LCCOMB_X29_Y16_N14 ; 32      ; Clock enable ; no     ; --                   ; --               ; --                        ;
; Uniciclo:UNI1|xregs:Regs1|Decoder0~5  ; LCCOMB_X16_Y12_N14 ; 32      ; Clock enable ; no     ; --                   ; --               ; --                        ;
; Uniciclo:UNI1|xregs:Regs1|Decoder0~7  ; LCCOMB_X29_Y16_N18 ; 32      ; Clock enable ; no     ; --                   ; --               ; --                        ;
; Uniciclo:UNI1|xregs:Regs1|Decoder0~9  ; LCCOMB_X18_Y19_N0  ; 32      ; Clock enable ; no     ; --                   ; --               ; --                        ;
+---------------------------------------+--------------------+---------+--------------+--------+----------------------+------------------+---------------------------+


+----------------------------------------------------------------------------------------------------------------------------------------------------------+
; Global & Other Fast Signals                                                                                                                              ;
+-------------------+---------------+---------+--------------------------------------+----------------------+------------------+---------------------------+
; Name              ; Location      ; Fan-Out ; Fan-Out Using Intentional Clock Skew ; Global Resource Used ; Global Line Name ; Enable Signal Source Name ;
+-------------------+---------------+---------+--------------------------------------+----------------------+------------------+---------------------------+
; CLOCK             ; PIN_E1        ; 9       ; 0                                    ; Global Clock         ; GCLK2            ; --                        ;
; ClockDIV_internal ; FF_X1_Y11_N11 ; 1024    ; 432                                  ; Global Clock         ; GCLK1            ; --                        ;
; Reset             ; PIN_M2        ; 1024    ; 0                                    ; Global Clock         ; GCLK4            ; --                        ;
+-------------------+---------------+---------+--------------------------------------+----------------------+------------------+---------------------------+


+-----------------------------------------------------------------------------------------------------------------------------------------------------------------------------------------------------------------------------------------------------------------------------------------------------------------------------------------------------------------------------------------------------------------------------------------------------------------------------------------------------------------------------------------------------------------------------------------------------------------------------------------------------------------------------------+
; Fitter RAM Summary                                                                                                                                                                                                                                                                                                                                                                                                                                                                                                                                                                                                                                                                ;
+---------------------------------------------------------------------------------------------------+------+-------------+--------------+--------------+--------------+--------------+--------------+------------------------+-------------------------+------------------------+-------------------------+-------+-----------------------------+-----------------------------+-----------------------------+-----------------------------+---------------------+------+--------------+----------------------------------------------------------------+----------------------+------------------------+------------------------+----------+------------------------+---------------+
; Name                                                                                              ; Type ; Mode        ; Clock Mode   ; Port A Depth ; Port A Width ; Port B Depth ; Port B Width ; Port A Input Registers ; Port A Output Registers ; Port B Input Registers ; Port B Output Registers ; Size  ; Implementation Port A Depth ; Implementation Port A Width ; Implementation Port B Depth ; Implementation Port B Width ; Implementation Bits ; M9Ks ; MIF          ; Location                                                       ; Mixed Width RDW Mode ; Port A RDW Mode        ; Port B RDW Mode        ; ECC Mode ; ECC Pipeline Registers ; Fits in MLABs ;
+---------------------------------------------------------------------------------------------------+------+-------------+--------------+--------------+--------------+--------------+--------------+------------------------+-------------------------+------------------------+-------------------------+-------+-----------------------------+-----------------------------+-----------------------------+-----------------------------+---------------------+------+--------------+----------------------------------------------------------------+----------------------+------------------------+------------------------+----------+------------------------+---------------+
; Uniciclo:UNI1|ramD:MemD|altsyncram:altsyncram_component|altsyncram_aos3:auto_generated|ALTSYNCRAM ; AUTO ; Single Port ; Single Clock ; 1024         ; 32           ; --           ; --           ; yes                    ; no                      ; --                     ; --                      ; 32768 ; 1024                        ; 32                          ; --                          ; --                          ; 32768               ; 4    ; None         ; M9K_X27_Y12_N0, M9K_X27_Y14_N0, M9K_X27_Y13_N0, M9K_X27_Y10_N0 ; Don't care           ; New data with NBE Read ; New data with NBE Read ; Off      ; No                     ; No - Unknown  ;
; Uniciclo:UNI1|ramI:MemC|altsyncram:altsyncram_component|altsyncram_s9s3:auto_generated|ALTSYNCRAM ; AUTO ; Single Port ; Single Clock ; 1024         ; 32           ; --           ; --           ; yes                    ; no                      ; --                     ; --                      ; 32768 ; 1024                        ; 32                          ; --                          ; --                          ; 32768               ; 4    ; de1_text.mif ; M9K_X27_Y15_N0, M9K_X15_Y13_N0, M9K_X15_Y15_N0, M9K_X27_Y11_N0 ; Don't care           ; New data with NBE Read ; New data with NBE Read ; Off      ; No                     ; No - Unknown  ;
+---------------------------------------------------------------------------------------------------+------+-------------+--------------+--------------+--------------+--------------+--------------+------------------------+-------------------------+------------------------+-------------------------+-------+-----------------------------+-----------------------------+-----------------------------+-----------------------------+---------------------+------+--------------+----------------------------------------------------------------+----------------------+------------------------+------------------------+----------+------------------------+---------------+
Note: Fitter may spread logical memories into multiple blocks to improve timing. The actual required RAM blocks can be found in the Fitter Resource Usage section.


RAM content values are presented in the following format: (Binary) (Octal) (Decimal) (Hexadecimal) 
+------------------------------------------------------------------------------------------------------------------------------------------------------------------------------------------------------------------------------------------------------------------+
; |TopDE|Uniciclo:UNI1|ramI:MemC|altsyncram:altsyncram_component|altsyncram_s9s3:auto_generated|ALTSYNCRAM                                                                                                                                                         ;
+------------------------------------------------------------------------------------------------------------------------------------------------------------------------------------------------------------------------------------------------------------------+
;   Addr   ;              +0              ;              +1              ;              +2              ;              +3              ;              +4              ;              +5              ;              +6              ;              +7              ;
+----------+------------------------------+------------------------------+------------------------------+------------------------------+------------------------------+------------------------------+------------------------------+------------------------------+
;0;(00010000000000010000000110110111) (2000200667) (268501431) (100101B7)    ;(00000000000000011000000110010011) (300623) (98707) (18193)   ;(00000000010100000000001100010011) (24001423) (5243667) (500313)   ;(00000000101000000000001010010011) (50001223) (10486419) (A00293)   ;(00000000011000101000001010110011) (30501263) (6455987) (6282B3)   ;(00000000010100101000001010010011) (24501223) (5407379) (528293)   ;(00000000101000000000001100010011) (50001423) (10486547) (A00313)   ;(01000000011000101000001010110011) (-2116982385) (1080197811) (406282B3)   ;
;8;(00000000110000000000001100010011) (60001423) (12583699) (C00313)    ;(00000000101000000000001110010011) (50001623) (10486675) (A00393)   ;(00000000011100110111001010110011) (34671263) (7566003) (7372B3)   ;(00000000011100110110001010110011) (34661263) (7561907) (7362B3)   ;(00000000101000000000001100010011) (50001423) (10486547) (A00313)   ;(00000001010000000000001110010011) (120001623) (20972435) (1400393)   ;(00000000011100110010001010110011) (34621263) (7545523) (7322B3)   ;(00000000011000111010001010110011) (30721263) (6529715) (63A2B3)   ;
;16;(00001111110000010000001100010111) (1760201427) (264307479) (FC10317)    ;(11111100000000110000001100010011) (-377176355) (-66911469) (-3-15-12-15-12-14-13)   ;(00000000010100110010000000100011) (24620043) (5447715) (532023)   ;(00000000000000110010001010000011) (621203) (205443) (32283)   ;(00000000010100101000010001100011) (24502143) (5407843) (528463)   ;(00000110001100000000001010010011) (614001223) (103809683) (6300293)   ;(00000000000100000000001010010011) (4001223) (1049235) (100293)   ;(00000000110000000000000011101111) (60000357) (12583151) (C000EF)   ;
;24;(00000011001000000000001010010011) (310001223) (52429459) (3200293)    ;(00000010000000000000000001101111) (200000157) (33554543) (200006F)   ;(00000110010000000000001010010011) (620001223) (104858259) (6400293)   ;(00000000000000001000000001100111) (100147) (32871) (8067)   ;(00000000000000000000001100010111) (1427) (791) (317)   ;(00000001010000110000001100010011) (120601423) (21168915) (1430313)   ;(00000000000000110000001100010011) (601423) (197395) (30313)   ;(00000000000000110000000001100111) (600147) (196711) (30067)   ;
;32;(00111110011100000000001010010011) (-955933369) (1047528083) (3E700293)    ;(00000000000000000000000001101111) (157) (111) (6F)   ;(00000000000000000000000000000000) (0) (0) (00)   ;(00000000000000000000000000000000) (0) (0) (00)   ;(00000000000000000000000000000000) (0) (0) (00)   ;(00000000000000000000000000000000) (0) (0) (00)   ;(00000000000000000000000000000000) (0) (0) (00)   ;(00000000000000000000000000000000) (0) (0) (00)   ;
;40;(00000000000000000000000000000000) (0) (0) (00)    ;(00000000000000000000000000000000) (0) (0) (00)   ;(00000000000000000000000000000000) (0) (0) (00)   ;(00000000000000000000000000000000) (0) (0) (00)   ;(00000000000000000000000000000000) (0) (0) (00)   ;(00000000000000000000000000000000) (0) (0) (00)   ;(00000000000000000000000000000000) (0) (0) (00)   ;(00000000000000000000000000000000) (0) (0) (00)   ;
;48;(00000000000000000000000000000000) (0) (0) (00)    ;(00000000000000000000000000000000) (0) (0) (00)   ;(00000000000000000000000000000000) (0) (0) (00)   ;(00000000000000000000000000000000) (0) (0) (00)   ;(00000000000000000000000000000000) (0) (0) (00)   ;(00000000000000000000000000000000) (0) (0) (00)   ;(00000000000000000000000000000000) (0) (0) (00)   ;(00000000000000000000000000000000) (0) (0) (00)   ;
;56;(00000000000000000000000000000000) (0) (0) (00)    ;(00000000000000000000000000000000) (0) (0) (00)   ;(00000000000000000000000000000000) (0) (0) (00)   ;(00000000000000000000000000000000) (0) (0) (00)   ;(00000000000000000000000000000000) (0) (0) (00)   ;(00000000000000000000000000000000) (0) (0) (00)   ;(00000000000000000000000000000000) (0) (0) (00)   ;(00000000000000000000000000000000) (0) (0) (00)   ;
;64;(00000000000000000000000000000000) (0) (0) (00)    ;(00000000000000000000000000000000) (0) (0) (00)   ;(00000000000000000000000000000000) (0) (0) (00)   ;(00000000000000000000000000000000) (0) (0) (00)   ;(00000000000000000000000000000000) (0) (0) (00)   ;(00000000000000000000000000000000) (0) (0) (00)   ;(00000000000000000000000000000000) (0) (0) (00)   ;(00000000000000000000000000000000) (0) (0) (00)   ;
;72;(00000000000000000000000000000000) (0) (0) (00)    ;(00000000000000000000000000000000) (0) (0) (00)   ;(00000000000000000000000000000000) (0) (0) (00)   ;(00000000000000000000000000000000) (0) (0) (00)   ;(00000000000000000000000000000000) (0) (0) (00)   ;(00000000000000000000000000000000) (0) (0) (00)   ;(00000000000000000000000000000000) (0) (0) (00)   ;(00000000000000000000000000000000) (0) (0) (00)   ;
;80;(00000000000000000000000000000000) (0) (0) (00)    ;(00000000000000000000000000000000) (0) (0) (00)   ;(00000000000000000000000000000000) (0) (0) (00)   ;(00000000000000000000000000000000) (0) (0) (00)   ;(00000000000000000000000000000000) (0) (0) (00)   ;(00000000000000000000000000000000) (0) (0) (00)   ;(00000000000000000000000000000000) (0) (0) (00)   ;(00000000000000000000000000000000) (0) (0) (00)   ;
;88;(00000000000000000000000000000000) (0) (0) (00)    ;(00000000000000000000000000000000) (0) (0) (00)   ;(00000000000000000000000000000000) (0) (0) (00)   ;(00000000000000000000000000000000) (0) (0) (00)   ;(00000000000000000000000000000000) (0) (0) (00)   ;(00000000000000000000000000000000) (0) (0) (00)   ;(00000000000000000000000000000000) (0) (0) (00)   ;(00000000000000000000000000000000) (0) (0) (00)   ;
;96;(00000000000000000000000000000000) (0) (0) (00)    ;(00000000000000000000000000000000) (0) (0) (00)   ;(00000000000000000000000000000000) (0) (0) (00)   ;(00000000000000000000000000000000) (0) (0) (00)   ;(00000000000000000000000000000000) (0) (0) (00)   ;(00000000000000000000000000000000) (0) (0) (00)   ;(00000000000000000000000000000000) (0) (0) (00)   ;(00000000000000000000000000000000) (0) (0) (00)   ;
;104;(00000000000000000000000000000000) (0) (0) (00)    ;(00000000000000000000000000000000) (0) (0) (00)   ;(00000000000000000000000000000000) (0) (0) (00)   ;(00000000000000000000000000000000) (0) (0) (00)   ;(00000000000000000000000000000000) (0) (0) (00)   ;(00000000000000000000000000000000) (0) (0) (00)   ;(00000000000000000000000000000000) (0) (0) (00)   ;(00000000000000000000000000000000) (0) (0) (00)   ;
;112;(00000000000000000000000000000000) (0) (0) (00)    ;(00000000000000000000000000000000) (0) (0) (00)   ;(00000000000000000000000000000000) (0) (0) (00)   ;(00000000000000000000000000000000) (0) (0) (00)   ;(00000000000000000000000000000000) (0) (0) (00)   ;(00000000000000000000000000000000) (0) (0) (00)   ;(00000000000000000000000000000000) (0) (0) (00)   ;(00000000000000000000000000000000) (0) (0) (00)   ;
;120;(00000000000000000000000000000000) (0) (0) (00)    ;(00000000000000000000000000000000) (0) (0) (00)   ;(00000000000000000000000000000000) (0) (0) (00)   ;(00000000000000000000000000000000) (0) (0) (00)   ;(00000000000000000000000000000000) (0) (0) (00)   ;(00000000000000000000000000000000) (0) (0) (00)   ;(00000000000000000000000000000000) (0) (0) (00)   ;(00000000000000000000000000000000) (0) (0) (00)   ;
;128;(00000000000000000000000000000000) (0) (0) (00)    ;(00000000000000000000000000000000) (0) (0) (00)   ;(00000000000000000000000000000000) (0) (0) (00)   ;(00000000000000000000000000000000) (0) (0) (00)   ;(00000000000000000000000000000000) (0) (0) (00)   ;(00000000000000000000000000000000) (0) (0) (00)   ;(00000000000000000000000000000000) (0) (0) (00)   ;(00000000000000000000000000000000) (0) (0) (00)   ;
;136;(00000000000000000000000000000000) (0) (0) (00)    ;(00000000000000000000000000000000) (0) (0) (00)   ;(00000000000000000000000000000000) (0) (0) (00)   ;(00000000000000000000000000000000) (0) (0) (00)   ;(00000000000000000000000000000000) (0) (0) (00)   ;(00000000000000000000000000000000) (0) (0) (00)   ;(00000000000000000000000000000000) (0) (0) (00)   ;(00000000000000000000000000000000) (0) (0) (00)   ;
;144;(00000000000000000000000000000000) (0) (0) (00)    ;(00000000000000000000000000000000) (0) (0) (00)   ;(00000000000000000000000000000000) (0) (0) (00)   ;(00000000000000000000000000000000) (0) (0) (00)   ;(00000000000000000000000000000000) (0) (0) (00)   ;(00000000000000000000000000000000) (0) (0) (00)   ;(00000000000000000000000000000000) (0) (0) (00)   ;(00000000000000000000000000000000) (0) (0) (00)   ;
;152;(00000000000000000000000000000000) (0) (0) (00)    ;(00000000000000000000000000000000) (0) (0) (00)   ;(00000000000000000000000000000000) (0) (0) (00)   ;(00000000000000000000000000000000) (0) (0) (00)   ;(00000000000000000000000000000000) (0) (0) (00)   ;(00000000000000000000000000000000) (0) (0) (00)   ;(00000000000000000000000000000000) (0) (0) (00)   ;(00000000000000000000000000000000) (0) (0) (00)   ;
;160;(00000000000000000000000000000000) (0) (0) (00)    ;(00000000000000000000000000000000) (0) (0) (00)   ;(00000000000000000000000000000000) (0) (0) (00)   ;(00000000000000000000000000000000) (0) (0) (00)   ;(00000000000000000000000000000000) (0) (0) (00)   ;(00000000000000000000000000000000) (0) (0) (00)   ;(00000000000000000000000000000000) (0) (0) (00)   ;(00000000000000000000000000000000) (0) (0) (00)   ;
;168;(00000000000000000000000000000000) (0) (0) (00)    ;(00000000000000000000000000000000) (0) (0) (00)   ;(00000000000000000000000000000000) (0) (0) (00)   ;(00000000000000000000000000000000) (0) (0) (00)   ;(00000000000000000000000000000000) (0) (0) (00)   ;(00000000000000000000000000000000) (0) (0) (00)   ;(00000000000000000000000000000000) (0) (0) (00)   ;(00000000000000000000000000000000) (0) (0) (00)   ;
;176;(00000000000000000000000000000000) (0) (0) (00)    ;(00000000000000000000000000000000) (0) (0) (00)   ;(00000000000000000000000000000000) (0) (0) (00)   ;(00000000000000000000000000000000) (0) (0) (00)   ;(00000000000000000000000000000000) (0) (0) (00)   ;(00000000000000000000000000000000) (0) (0) (00)   ;(00000000000000000000000000000000) (0) (0) (00)   ;(00000000000000000000000000000000) (0) (0) (00)   ;
;184;(00000000000000000000000000000000) (0) (0) (00)    ;(00000000000000000000000000000000) (0) (0) (00)   ;(00000000000000000000000000000000) (0) (0) (00)   ;(00000000000000000000000000000000) (0) (0) (00)   ;(00000000000000000000000000000000) (0) (0) (00)   ;(00000000000000000000000000000000) (0) (0) (00)   ;(00000000000000000000000000000000) (0) (0) (00)   ;(00000000000000000000000000000000) (0) (0) (00)   ;
;192;(00000000000000000000000000000000) (0) (0) (00)    ;(00000000000000000000000000000000) (0) (0) (00)   ;(00000000000000000000000000000000) (0) (0) (00)   ;(00000000000000000000000000000000) (0) (0) (00)   ;(00000000000000000000000000000000) (0) (0) (00)   ;(00000000000000000000000000000000) (0) (0) (00)   ;(00000000000000000000000000000000) (0) (0) (00)   ;(00000000000000000000000000000000) (0) (0) (00)   ;
;200;(00000000000000000000000000000000) (0) (0) (00)    ;(00000000000000000000000000000000) (0) (0) (00)   ;(00000000000000000000000000000000) (0) (0) (00)   ;(00000000000000000000000000000000) (0) (0) (00)   ;(00000000000000000000000000000000) (0) (0) (00)   ;(00000000000000000000000000000000) (0) (0) (00)   ;(00000000000000000000000000000000) (0) (0) (00)   ;(00000000000000000000000000000000) (0) (0) (00)   ;
;208;(00000000000000000000000000000000) (0) (0) (00)    ;(00000000000000000000000000000000) (0) (0) (00)   ;(00000000000000000000000000000000) (0) (0) (00)   ;(00000000000000000000000000000000) (0) (0) (00)   ;(00000000000000000000000000000000) (0) (0) (00)   ;(00000000000000000000000000000000) (0) (0) (00)   ;(00000000000000000000000000000000) (0) (0) (00)   ;(00000000000000000000000000000000) (0) (0) (00)   ;
;216;(00000000000000000000000000000000) (0) (0) (00)    ;(00000000000000000000000000000000) (0) (0) (00)   ;(00000000000000000000000000000000) (0) (0) (00)   ;(00000000000000000000000000000000) (0) (0) (00)   ;(00000000000000000000000000000000) (0) (0) (00)   ;(00000000000000000000000000000000) (0) (0) (00)   ;(00000000000000000000000000000000) (0) (0) (00)   ;(00000000000000000000000000000000) (0) (0) (00)   ;
;224;(00000000000000000000000000000000) (0) (0) (00)    ;(00000000000000000000000000000000) (0) (0) (00)   ;(00000000000000000000000000000000) (0) (0) (00)   ;(00000000000000000000000000000000) (0) (0) (00)   ;(00000000000000000000000000000000) (0) (0) (00)   ;(00000000000000000000000000000000) (0) (0) (00)   ;(00000000000000000000000000000000) (0) (0) (00)   ;(00000000000000000000000000000000) (0) (0) (00)   ;
;232;(00000000000000000000000000000000) (0) (0) (00)    ;(00000000000000000000000000000000) (0) (0) (00)   ;(00000000000000000000000000000000) (0) (0) (00)   ;(00000000000000000000000000000000) (0) (0) (00)   ;(00000000000000000000000000000000) (0) (0) (00)   ;(00000000000000000000000000000000) (0) (0) (00)   ;(00000000000000000000000000000000) (0) (0) (00)   ;(00000000000000000000000000000000) (0) (0) (00)   ;
;240;(00000000000000000000000000000000) (0) (0) (00)    ;(00000000000000000000000000000000) (0) (0) (00)   ;(00000000000000000000000000000000) (0) (0) (00)   ;(00000000000000000000000000000000) (0) (0) (00)   ;(00000000000000000000000000000000) (0) (0) (00)   ;(00000000000000000000000000000000) (0) (0) (00)   ;(00000000000000000000000000000000) (0) (0) (00)   ;(00000000000000000000000000000000) (0) (0) (00)   ;
;248;(00000000000000000000000000000000) (0) (0) (00)    ;(00000000000000000000000000000000) (0) (0) (00)   ;(00000000000000000000000000000000) (0) (0) (00)   ;(00000000000000000000000000000000) (0) (0) (00)   ;(00000000000000000000000000000000) (0) (0) (00)   ;(00000000000000000000000000000000) (0) (0) (00)   ;(00000000000000000000000000000000) (0) (0) (00)   ;(00000000000000000000000000000000) (0) (0) (00)   ;
;256;(00000000000000000000000000000000) (0) (0) (00)    ;(00000000000000000000000000000000) (0) (0) (00)   ;(00000000000000000000000000000000) (0) (0) (00)   ;(00000000000000000000000000000000) (0) (0) (00)   ;(00000000000000000000000000000000) (0) (0) (00)   ;(00000000000000000000000000000000) (0) (0) (00)   ;(00000000000000000000000000000000) (0) (0) (00)   ;(00000000000000000000000000000000) (0) (0) (00)   ;
;264;(00000000000000000000000000000000) (0) (0) (00)    ;(00000000000000000000000000000000) (0) (0) (00)   ;(00000000000000000000000000000000) (0) (0) (00)   ;(00000000000000000000000000000000) (0) (0) (00)   ;(00000000000000000000000000000000) (0) (0) (00)   ;(00000000000000000000000000000000) (0) (0) (00)   ;(00000000000000000000000000000000) (0) (0) (00)   ;(00000000000000000000000000000000) (0) (0) (00)   ;
;272;(00000000000000000000000000000000) (0) (0) (00)    ;(00000000000000000000000000000000) (0) (0) (00)   ;(00000000000000000000000000000000) (0) (0) (00)   ;(00000000000000000000000000000000) (0) (0) (00)   ;(00000000000000000000000000000000) (0) (0) (00)   ;(00000000000000000000000000000000) (0) (0) (00)   ;(00000000000000000000000000000000) (0) (0) (00)   ;(00000000000000000000000000000000) (0) (0) (00)   ;
;280;(00000000000000000000000000000000) (0) (0) (00)    ;(00000000000000000000000000000000) (0) (0) (00)   ;(00000000000000000000000000000000) (0) (0) (00)   ;(00000000000000000000000000000000) (0) (0) (00)   ;(00000000000000000000000000000000) (0) (0) (00)   ;(00000000000000000000000000000000) (0) (0) (00)   ;(00000000000000000000000000000000) (0) (0) (00)   ;(00000000000000000000000000000000) (0) (0) (00)   ;
;288;(00000000000000000000000000000000) (0) (0) (00)    ;(00000000000000000000000000000000) (0) (0) (00)   ;(00000000000000000000000000000000) (0) (0) (00)   ;(00000000000000000000000000000000) (0) (0) (00)   ;(00000000000000000000000000000000) (0) (0) (00)   ;(00000000000000000000000000000000) (0) (0) (00)   ;(00000000000000000000000000000000) (0) (0) (00)   ;(00000000000000000000000000000000) (0) (0) (00)   ;
;296;(00000000000000000000000000000000) (0) (0) (00)    ;(00000000000000000000000000000000) (0) (0) (00)   ;(00000000000000000000000000000000) (0) (0) (00)   ;(00000000000000000000000000000000) (0) (0) (00)   ;(00000000000000000000000000000000) (0) (0) (00)   ;(00000000000000000000000000000000) (0) (0) (00)   ;(00000000000000000000000000000000) (0) (0) (00)   ;(00000000000000000000000000000000) (0) (0) (00)   ;
;304;(00000000000000000000000000000000) (0) (0) (00)    ;(00000000000000000000000000000000) (0) (0) (00)   ;(00000000000000000000000000000000) (0) (0) (00)   ;(00000000000000000000000000000000) (0) (0) (00)   ;(00000000000000000000000000000000) (0) (0) (00)   ;(00000000000000000000000000000000) (0) (0) (00)   ;(00000000000000000000000000000000) (0) (0) (00)   ;(00000000000000000000000000000000) (0) (0) (00)   ;
;312;(00000000000000000000000000000000) (0) (0) (00)    ;(00000000000000000000000000000000) (0) (0) (00)   ;(00000000000000000000000000000000) (0) (0) (00)   ;(00000000000000000000000000000000) (0) (0) (00)   ;(00000000000000000000000000000000) (0) (0) (00)   ;(00000000000000000000000000000000) (0) (0) (00)   ;(00000000000000000000000000000000) (0) (0) (00)   ;(00000000000000000000000000000000) (0) (0) (00)   ;
;320;(00000000000000000000000000000000) (0) (0) (00)    ;(00000000000000000000000000000000) (0) (0) (00)   ;(00000000000000000000000000000000) (0) (0) (00)   ;(00000000000000000000000000000000) (0) (0) (00)   ;(00000000000000000000000000000000) (0) (0) (00)   ;(00000000000000000000000000000000) (0) (0) (00)   ;(00000000000000000000000000000000) (0) (0) (00)   ;(00000000000000000000000000000000) (0) (0) (00)   ;
;328;(00000000000000000000000000000000) (0) (0) (00)    ;(00000000000000000000000000000000) (0) (0) (00)   ;(00000000000000000000000000000000) (0) (0) (00)   ;(00000000000000000000000000000000) (0) (0) (00)   ;(00000000000000000000000000000000) (0) (0) (00)   ;(00000000000000000000000000000000) (0) (0) (00)   ;(00000000000000000000000000000000) (0) (0) (00)   ;(00000000000000000000000000000000) (0) (0) (00)   ;
;336;(00000000000000000000000000000000) (0) (0) (00)    ;(00000000000000000000000000000000) (0) (0) (00)   ;(00000000000000000000000000000000) (0) (0) (00)   ;(00000000000000000000000000000000) (0) (0) (00)   ;(00000000000000000000000000000000) (0) (0) (00)   ;(00000000000000000000000000000000) (0) (0) (00)   ;(00000000000000000000000000000000) (0) (0) (00)   ;(00000000000000000000000000000000) (0) (0) (00)   ;
;344;(00000000000000000000000000000000) (0) (0) (00)    ;(00000000000000000000000000000000) (0) (0) (00)   ;(00000000000000000000000000000000) (0) (0) (00)   ;(00000000000000000000000000000000) (0) (0) (00)   ;(00000000000000000000000000000000) (0) (0) (00)   ;(00000000000000000000000000000000) (0) (0) (00)   ;(00000000000000000000000000000000) (0) (0) (00)   ;(00000000000000000000000000000000) (0) (0) (00)   ;
;352;(00000000000000000000000000000000) (0) (0) (00)    ;(00000000000000000000000000000000) (0) (0) (00)   ;(00000000000000000000000000000000) (0) (0) (00)   ;(00000000000000000000000000000000) (0) (0) (00)   ;(00000000000000000000000000000000) (0) (0) (00)   ;(00000000000000000000000000000000) (0) (0) (00)   ;(00000000000000000000000000000000) (0) (0) (00)   ;(00000000000000000000000000000000) (0) (0) (00)   ;
;360;(00000000000000000000000000000000) (0) (0) (00)    ;(00000000000000000000000000000000) (0) (0) (00)   ;(00000000000000000000000000000000) (0) (0) (00)   ;(00000000000000000000000000000000) (0) (0) (00)   ;(00000000000000000000000000000000) (0) (0) (00)   ;(00000000000000000000000000000000) (0) (0) (00)   ;(00000000000000000000000000000000) (0) (0) (00)   ;(00000000000000000000000000000000) (0) (0) (00)   ;
;368;(00000000000000000000000000000000) (0) (0) (00)    ;(00000000000000000000000000000000) (0) (0) (00)   ;(00000000000000000000000000000000) (0) (0) (00)   ;(00000000000000000000000000000000) (0) (0) (00)   ;(00000000000000000000000000000000) (0) (0) (00)   ;(00000000000000000000000000000000) (0) (0) (00)   ;(00000000000000000000000000000000) (0) (0) (00)   ;(00000000000000000000000000000000) (0) (0) (00)   ;
;376;(00000000000000000000000000000000) (0) (0) (00)    ;(00000000000000000000000000000000) (0) (0) (00)   ;(00000000000000000000000000000000) (0) (0) (00)   ;(00000000000000000000000000000000) (0) (0) (00)   ;(00000000000000000000000000000000) (0) (0) (00)   ;(00000000000000000000000000000000) (0) (0) (00)   ;(00000000000000000000000000000000) (0) (0) (00)   ;(00000000000000000000000000000000) (0) (0) (00)   ;
;384;(00000000000000000000000000000000) (0) (0) (00)    ;(00000000000000000000000000000000) (0) (0) (00)   ;(00000000000000000000000000000000) (0) (0) (00)   ;(00000000000000000000000000000000) (0) (0) (00)   ;(00000000000000000000000000000000) (0) (0) (00)   ;(00000000000000000000000000000000) (0) (0) (00)   ;(00000000000000000000000000000000) (0) (0) (00)   ;(00000000000000000000000000000000) (0) (0) (00)   ;
;392;(00000000000000000000000000000000) (0) (0) (00)    ;(00000000000000000000000000000000) (0) (0) (00)   ;(00000000000000000000000000000000) (0) (0) (00)   ;(00000000000000000000000000000000) (0) (0) (00)   ;(00000000000000000000000000000000) (0) (0) (00)   ;(00000000000000000000000000000000) (0) (0) (00)   ;(00000000000000000000000000000000) (0) (0) (00)   ;(00000000000000000000000000000000) (0) (0) (00)   ;
;400;(00000000000000000000000000000000) (0) (0) (00)    ;(00000000000000000000000000000000) (0) (0) (00)   ;(00000000000000000000000000000000) (0) (0) (00)   ;(00000000000000000000000000000000) (0) (0) (00)   ;(00000000000000000000000000000000) (0) (0) (00)   ;(00000000000000000000000000000000) (0) (0) (00)   ;(00000000000000000000000000000000) (0) (0) (00)   ;(00000000000000000000000000000000) (0) (0) (00)   ;
;408;(00000000000000000000000000000000) (0) (0) (00)    ;(00000000000000000000000000000000) (0) (0) (00)   ;(00000000000000000000000000000000) (0) (0) (00)   ;(00000000000000000000000000000000) (0) (0) (00)   ;(00000000000000000000000000000000) (0) (0) (00)   ;(00000000000000000000000000000000) (0) (0) (00)   ;(00000000000000000000000000000000) (0) (0) (00)   ;(00000000000000000000000000000000) (0) (0) (00)   ;
;416;(00000000000000000000000000000000) (0) (0) (00)    ;(00000000000000000000000000000000) (0) (0) (00)   ;(00000000000000000000000000000000) (0) (0) (00)   ;(00000000000000000000000000000000) (0) (0) (00)   ;(00000000000000000000000000000000) (0) (0) (00)   ;(00000000000000000000000000000000) (0) (0) (00)   ;(00000000000000000000000000000000) (0) (0) (00)   ;(00000000000000000000000000000000) (0) (0) (00)   ;
;424;(00000000000000000000000000000000) (0) (0) (00)    ;(00000000000000000000000000000000) (0) (0) (00)   ;(00000000000000000000000000000000) (0) (0) (00)   ;(00000000000000000000000000000000) (0) (0) (00)   ;(00000000000000000000000000000000) (0) (0) (00)   ;(00000000000000000000000000000000) (0) (0) (00)   ;(00000000000000000000000000000000) (0) (0) (00)   ;(00000000000000000000000000000000) (0) (0) (00)   ;
;432;(00000000000000000000000000000000) (0) (0) (00)    ;(00000000000000000000000000000000) (0) (0) (00)   ;(00000000000000000000000000000000) (0) (0) (00)   ;(00000000000000000000000000000000) (0) (0) (00)   ;(00000000000000000000000000000000) (0) (0) (00)   ;(00000000000000000000000000000000) (0) (0) (00)   ;(00000000000000000000000000000000) (0) (0) (00)   ;(00000000000000000000000000000000) (0) (0) (00)   ;
;440;(00000000000000000000000000000000) (0) (0) (00)    ;(00000000000000000000000000000000) (0) (0) (00)   ;(00000000000000000000000000000000) (0) (0) (00)   ;(00000000000000000000000000000000) (0) (0) (00)   ;(00000000000000000000000000000000) (0) (0) (00)   ;(00000000000000000000000000000000) (0) (0) (00)   ;(00000000000000000000000000000000) (0) (0) (00)   ;(00000000000000000000000000000000) (0) (0) (00)   ;
;448;(00000000000000000000000000000000) (0) (0) (00)    ;(00000000000000000000000000000000) (0) (0) (00)   ;(00000000000000000000000000000000) (0) (0) (00)   ;(00000000000000000000000000000000) (0) (0) (00)   ;(00000000000000000000000000000000) (0) (0) (00)   ;(00000000000000000000000000000000) (0) (0) (00)   ;(00000000000000000000000000000000) (0) (0) (00)   ;(00000000000000000000000000000000) (0) (0) (00)   ;
;456;(00000000000000000000000000000000) (0) (0) (00)    ;(00000000000000000000000000000000) (0) (0) (00)   ;(00000000000000000000000000000000) (0) (0) (00)   ;(00000000000000000000000000000000) (0) (0) (00)   ;(00000000000000000000000000000000) (0) (0) (00)   ;(00000000000000000000000000000000) (0) (0) (00)   ;(00000000000000000000000000000000) (0) (0) (00)   ;(00000000000000000000000000000000) (0) (0) (00)   ;
;464;(00000000000000000000000000000000) (0) (0) (00)    ;(00000000000000000000000000000000) (0) (0) (00)   ;(00000000000000000000000000000000) (0) (0) (00)   ;(00000000000000000000000000000000) (0) (0) (00)   ;(00000000000000000000000000000000) (0) (0) (00)   ;(00000000000000000000000000000000) (0) (0) (00)   ;(00000000000000000000000000000000) (0) (0) (00)   ;(00000000000000000000000000000000) (0) (0) (00)   ;
;472;(00000000000000000000000000000000) (0) (0) (00)    ;(00000000000000000000000000000000) (0) (0) (00)   ;(00000000000000000000000000000000) (0) (0) (00)   ;(00000000000000000000000000000000) (0) (0) (00)   ;(00000000000000000000000000000000) (0) (0) (00)   ;(00000000000000000000000000000000) (0) (0) (00)   ;(00000000000000000000000000000000) (0) (0) (00)   ;(00000000000000000000000000000000) (0) (0) (00)   ;
;480;(00000000000000000000000000000000) (0) (0) (00)    ;(00000000000000000000000000000000) (0) (0) (00)   ;(00000000000000000000000000000000) (0) (0) (00)   ;(00000000000000000000000000000000) (0) (0) (00)   ;(00000000000000000000000000000000) (0) (0) (00)   ;(00000000000000000000000000000000) (0) (0) (00)   ;(00000000000000000000000000000000) (0) (0) (00)   ;(00000000000000000000000000000000) (0) (0) (00)   ;
;488;(00000000000000000000000000000000) (0) (0) (00)    ;(00000000000000000000000000000000) (0) (0) (00)   ;(00000000000000000000000000000000) (0) (0) (00)   ;(00000000000000000000000000000000) (0) (0) (00)   ;(00000000000000000000000000000000) (0) (0) (00)   ;(00000000000000000000000000000000) (0) (0) (00)   ;(00000000000000000000000000000000) (0) (0) (00)   ;(00000000000000000000000000000000) (0) (0) (00)   ;
;496;(00000000000000000000000000000000) (0) (0) (00)    ;(00000000000000000000000000000000) (0) (0) (00)   ;(00000000000000000000000000000000) (0) (0) (00)   ;(00000000000000000000000000000000) (0) (0) (00)   ;(00000000000000000000000000000000) (0) (0) (00)   ;(00000000000000000000000000000000) (0) (0) (00)   ;(00000000000000000000000000000000) (0) (0) (00)   ;(00000000000000000000000000000000) (0) (0) (00)   ;
;504;(00000000000000000000000000000000) (0) (0) (00)    ;(00000000000000000000000000000000) (0) (0) (00)   ;(00000000000000000000000000000000) (0) (0) (00)   ;(00000000000000000000000000000000) (0) (0) (00)   ;(00000000000000000000000000000000) (0) (0) (00)   ;(00000000000000000000000000000000) (0) (0) (00)   ;(00000000000000000000000000000000) (0) (0) (00)   ;(00000000000000000000000000000000) (0) (0) (00)   ;
;512;(00000000000000000000000000000000) (0) (0) (00)    ;(00000000000000000000000000000000) (0) (0) (00)   ;(00000000000000000000000000000000) (0) (0) (00)   ;(00000000000000000000000000000000) (0) (0) (00)   ;(00000000000000000000000000000000) (0) (0) (00)   ;(00000000000000000000000000000000) (0) (0) (00)   ;(00000000000000000000000000000000) (0) (0) (00)   ;(00000000000000000000000000000000) (0) (0) (00)   ;
;520;(00000000000000000000000000000000) (0) (0) (00)    ;(00000000000000000000000000000000) (0) (0) (00)   ;(00000000000000000000000000000000) (0) (0) (00)   ;(00000000000000000000000000000000) (0) (0) (00)   ;(00000000000000000000000000000000) (0) (0) (00)   ;(00000000000000000000000000000000) (0) (0) (00)   ;(00000000000000000000000000000000) (0) (0) (00)   ;(00000000000000000000000000000000) (0) (0) (00)   ;
;528;(00000000000000000000000000000000) (0) (0) (00)    ;(00000000000000000000000000000000) (0) (0) (00)   ;(00000000000000000000000000000000) (0) (0) (00)   ;(00000000000000000000000000000000) (0) (0) (00)   ;(00000000000000000000000000000000) (0) (0) (00)   ;(00000000000000000000000000000000) (0) (0) (00)   ;(00000000000000000000000000000000) (0) (0) (00)   ;(00000000000000000000000000000000) (0) (0) (00)   ;
;536;(00000000000000000000000000000000) (0) (0) (00)    ;(00000000000000000000000000000000) (0) (0) (00)   ;(00000000000000000000000000000000) (0) (0) (00)   ;(00000000000000000000000000000000) (0) (0) (00)   ;(00000000000000000000000000000000) (0) (0) (00)   ;(00000000000000000000000000000000) (0) (0) (00)   ;(00000000000000000000000000000000) (0) (0) (00)   ;(00000000000000000000000000000000) (0) (0) (00)   ;
;544;(00000000000000000000000000000000) (0) (0) (00)    ;(00000000000000000000000000000000) (0) (0) (00)   ;(00000000000000000000000000000000) (0) (0) (00)   ;(00000000000000000000000000000000) (0) (0) (00)   ;(00000000000000000000000000000000) (0) (0) (00)   ;(00000000000000000000000000000000) (0) (0) (00)   ;(00000000000000000000000000000000) (0) (0) (00)   ;(00000000000000000000000000000000) (0) (0) (00)   ;
;552;(00000000000000000000000000000000) (0) (0) (00)    ;(00000000000000000000000000000000) (0) (0) (00)   ;(00000000000000000000000000000000) (0) (0) (00)   ;(00000000000000000000000000000000) (0) (0) (00)   ;(00000000000000000000000000000000) (0) (0) (00)   ;(00000000000000000000000000000000) (0) (0) (00)   ;(00000000000000000000000000000000) (0) (0) (00)   ;(00000000000000000000000000000000) (0) (0) (00)   ;
;560;(00000000000000000000000000000000) (0) (0) (00)    ;(00000000000000000000000000000000) (0) (0) (00)   ;(00000000000000000000000000000000) (0) (0) (00)   ;(00000000000000000000000000000000) (0) (0) (00)   ;(00000000000000000000000000000000) (0) (0) (00)   ;(00000000000000000000000000000000) (0) (0) (00)   ;(00000000000000000000000000000000) (0) (0) (00)   ;(00000000000000000000000000000000) (0) (0) (00)   ;
;568;(00000000000000000000000000000000) (0) (0) (00)    ;(00000000000000000000000000000000) (0) (0) (00)   ;(00000000000000000000000000000000) (0) (0) (00)   ;(00000000000000000000000000000000) (0) (0) (00)   ;(00000000000000000000000000000000) (0) (0) (00)   ;(00000000000000000000000000000000) (0) (0) (00)   ;(00000000000000000000000000000000) (0) (0) (00)   ;(00000000000000000000000000000000) (0) (0) (00)   ;
;576;(00000000000000000000000000000000) (0) (0) (00)    ;(00000000000000000000000000000000) (0) (0) (00)   ;(00000000000000000000000000000000) (0) (0) (00)   ;(00000000000000000000000000000000) (0) (0) (00)   ;(00000000000000000000000000000000) (0) (0) (00)   ;(00000000000000000000000000000000) (0) (0) (00)   ;(00000000000000000000000000000000) (0) (0) (00)   ;(00000000000000000000000000000000) (0) (0) (00)   ;
;584;(00000000000000000000000000000000) (0) (0) (00)    ;(00000000000000000000000000000000) (0) (0) (00)   ;(00000000000000000000000000000000) (0) (0) (00)   ;(00000000000000000000000000000000) (0) (0) (00)   ;(00000000000000000000000000000000) (0) (0) (00)   ;(00000000000000000000000000000000) (0) (0) (00)   ;(00000000000000000000000000000000) (0) (0) (00)   ;(00000000000000000000000000000000) (0) (0) (00)   ;
;592;(00000000000000000000000000000000) (0) (0) (00)    ;(00000000000000000000000000000000) (0) (0) (00)   ;(00000000000000000000000000000000) (0) (0) (00)   ;(00000000000000000000000000000000) (0) (0) (00)   ;(00000000000000000000000000000000) (0) (0) (00)   ;(00000000000000000000000000000000) (0) (0) (00)   ;(00000000000000000000000000000000) (0) (0) (00)   ;(00000000000000000000000000000000) (0) (0) (00)   ;
;600;(00000000000000000000000000000000) (0) (0) (00)    ;(00000000000000000000000000000000) (0) (0) (00)   ;(00000000000000000000000000000000) (0) (0) (00)   ;(00000000000000000000000000000000) (0) (0) (00)   ;(00000000000000000000000000000000) (0) (0) (00)   ;(00000000000000000000000000000000) (0) (0) (00)   ;(00000000000000000000000000000000) (0) (0) (00)   ;(00000000000000000000000000000000) (0) (0) (00)   ;
;608;(00000000000000000000000000000000) (0) (0) (00)    ;(00000000000000000000000000000000) (0) (0) (00)   ;(00000000000000000000000000000000) (0) (0) (00)   ;(00000000000000000000000000000000) (0) (0) (00)   ;(00000000000000000000000000000000) (0) (0) (00)   ;(00000000000000000000000000000000) (0) (0) (00)   ;(00000000000000000000000000000000) (0) (0) (00)   ;(00000000000000000000000000000000) (0) (0) (00)   ;
;616;(00000000000000000000000000000000) (0) (0) (00)    ;(00000000000000000000000000000000) (0) (0) (00)   ;(00000000000000000000000000000000) (0) (0) (00)   ;(00000000000000000000000000000000) (0) (0) (00)   ;(00000000000000000000000000000000) (0) (0) (00)   ;(00000000000000000000000000000000) (0) (0) (00)   ;(00000000000000000000000000000000) (0) (0) (00)   ;(00000000000000000000000000000000) (0) (0) (00)   ;
;624;(00000000000000000000000000000000) (0) (0) (00)    ;(00000000000000000000000000000000) (0) (0) (00)   ;(00000000000000000000000000000000) (0) (0) (00)   ;(00000000000000000000000000000000) (0) (0) (00)   ;(00000000000000000000000000000000) (0) (0) (00)   ;(00000000000000000000000000000000) (0) (0) (00)   ;(00000000000000000000000000000000) (0) (0) (00)   ;(00000000000000000000000000000000) (0) (0) (00)   ;
;632;(00000000000000000000000000000000) (0) (0) (00)    ;(00000000000000000000000000000000) (0) (0) (00)   ;(00000000000000000000000000000000) (0) (0) (00)   ;(00000000000000000000000000000000) (0) (0) (00)   ;(00000000000000000000000000000000) (0) (0) (00)   ;(00000000000000000000000000000000) (0) (0) (00)   ;(00000000000000000000000000000000) (0) (0) (00)   ;(00000000000000000000000000000000) (0) (0) (00)   ;
;640;(00000000000000000000000000000000) (0) (0) (00)    ;(00000000000000000000000000000000) (0) (0) (00)   ;(00000000000000000000000000000000) (0) (0) (00)   ;(00000000000000000000000000000000) (0) (0) (00)   ;(00000000000000000000000000000000) (0) (0) (00)   ;(00000000000000000000000000000000) (0) (0) (00)   ;(00000000000000000000000000000000) (0) (0) (00)   ;(00000000000000000000000000000000) (0) (0) (00)   ;
;648;(00000000000000000000000000000000) (0) (0) (00)    ;(00000000000000000000000000000000) (0) (0) (00)   ;(00000000000000000000000000000000) (0) (0) (00)   ;(00000000000000000000000000000000) (0) (0) (00)   ;(00000000000000000000000000000000) (0) (0) (00)   ;(00000000000000000000000000000000) (0) (0) (00)   ;(00000000000000000000000000000000) (0) (0) (00)   ;(00000000000000000000000000000000) (0) (0) (00)   ;
;656;(00000000000000000000000000000000) (0) (0) (00)    ;(00000000000000000000000000000000) (0) (0) (00)   ;(00000000000000000000000000000000) (0) (0) (00)   ;(00000000000000000000000000000000) (0) (0) (00)   ;(00000000000000000000000000000000) (0) (0) (00)   ;(00000000000000000000000000000000) (0) (0) (00)   ;(00000000000000000000000000000000) (0) (0) (00)   ;(00000000000000000000000000000000) (0) (0) (00)   ;
;664;(00000000000000000000000000000000) (0) (0) (00)    ;(00000000000000000000000000000000) (0) (0) (00)   ;(00000000000000000000000000000000) (0) (0) (00)   ;(00000000000000000000000000000000) (0) (0) (00)   ;(00000000000000000000000000000000) (0) (0) (00)   ;(00000000000000000000000000000000) (0) (0) (00)   ;(00000000000000000000000000000000) (0) (0) (00)   ;(00000000000000000000000000000000) (0) (0) (00)   ;
;672;(00000000000000000000000000000000) (0) (0) (00)    ;(00000000000000000000000000000000) (0) (0) (00)   ;(00000000000000000000000000000000) (0) (0) (00)   ;(00000000000000000000000000000000) (0) (0) (00)   ;(00000000000000000000000000000000) (0) (0) (00)   ;(00000000000000000000000000000000) (0) (0) (00)   ;(00000000000000000000000000000000) (0) (0) (00)   ;(00000000000000000000000000000000) (0) (0) (00)   ;
;680;(00000000000000000000000000000000) (0) (0) (00)    ;(00000000000000000000000000000000) (0) (0) (00)   ;(00000000000000000000000000000000) (0) (0) (00)   ;(00000000000000000000000000000000) (0) (0) (00)   ;(00000000000000000000000000000000) (0) (0) (00)   ;(00000000000000000000000000000000) (0) (0) (00)   ;(00000000000000000000000000000000) (0) (0) (00)   ;(00000000000000000000000000000000) (0) (0) (00)   ;
;688;(00000000000000000000000000000000) (0) (0) (00)    ;(00000000000000000000000000000000) (0) (0) (00)   ;(00000000000000000000000000000000) (0) (0) (00)   ;(00000000000000000000000000000000) (0) (0) (00)   ;(00000000000000000000000000000000) (0) (0) (00)   ;(00000000000000000000000000000000) (0) (0) (00)   ;(00000000000000000000000000000000) (0) (0) (00)   ;(00000000000000000000000000000000) (0) (0) (00)   ;
;696;(00000000000000000000000000000000) (0) (0) (00)    ;(00000000000000000000000000000000) (0) (0) (00)   ;(00000000000000000000000000000000) (0) (0) (00)   ;(00000000000000000000000000000000) (0) (0) (00)   ;(00000000000000000000000000000000) (0) (0) (00)   ;(00000000000000000000000000000000) (0) (0) (00)   ;(00000000000000000000000000000000) (0) (0) (00)   ;(00000000000000000000000000000000) (0) (0) (00)   ;
;704;(00000000000000000000000000000000) (0) (0) (00)    ;(00000000000000000000000000000000) (0) (0) (00)   ;(00000000000000000000000000000000) (0) (0) (00)   ;(00000000000000000000000000000000) (0) (0) (00)   ;(00000000000000000000000000000000) (0) (0) (00)   ;(00000000000000000000000000000000) (0) (0) (00)   ;(00000000000000000000000000000000) (0) (0) (00)   ;(00000000000000000000000000000000) (0) (0) (00)   ;
;712;(00000000000000000000000000000000) (0) (0) (00)    ;(00000000000000000000000000000000) (0) (0) (00)   ;(00000000000000000000000000000000) (0) (0) (00)   ;(00000000000000000000000000000000) (0) (0) (00)   ;(00000000000000000000000000000000) (0) (0) (00)   ;(00000000000000000000000000000000) (0) (0) (00)   ;(00000000000000000000000000000000) (0) (0) (00)   ;(00000000000000000000000000000000) (0) (0) (00)   ;
;720;(00000000000000000000000000000000) (0) (0) (00)    ;(00000000000000000000000000000000) (0) (0) (00)   ;(00000000000000000000000000000000) (0) (0) (00)   ;(00000000000000000000000000000000) (0) (0) (00)   ;(00000000000000000000000000000000) (0) (0) (00)   ;(00000000000000000000000000000000) (0) (0) (00)   ;(00000000000000000000000000000000) (0) (0) (00)   ;(00000000000000000000000000000000) (0) (0) (00)   ;
;728;(00000000000000000000000000000000) (0) (0) (00)    ;(00000000000000000000000000000000) (0) (0) (00)   ;(00000000000000000000000000000000) (0) (0) (00)   ;(00000000000000000000000000000000) (0) (0) (00)   ;(00000000000000000000000000000000) (0) (0) (00)   ;(00000000000000000000000000000000) (0) (0) (00)   ;(00000000000000000000000000000000) (0) (0) (00)   ;(00000000000000000000000000000000) (0) (0) (00)   ;
;736;(00000000000000000000000000000000) (0) (0) (00)    ;(00000000000000000000000000000000) (0) (0) (00)   ;(00000000000000000000000000000000) (0) (0) (00)   ;(00000000000000000000000000000000) (0) (0) (00)   ;(00000000000000000000000000000000) (0) (0) (00)   ;(00000000000000000000000000000000) (0) (0) (00)   ;(00000000000000000000000000000000) (0) (0) (00)   ;(00000000000000000000000000000000) (0) (0) (00)   ;
;744;(00000000000000000000000000000000) (0) (0) (00)    ;(00000000000000000000000000000000) (0) (0) (00)   ;(00000000000000000000000000000000) (0) (0) (00)   ;(00000000000000000000000000000000) (0) (0) (00)   ;(00000000000000000000000000000000) (0) (0) (00)   ;(00000000000000000000000000000000) (0) (0) (00)   ;(00000000000000000000000000000000) (0) (0) (00)   ;(00000000000000000000000000000000) (0) (0) (00)   ;
;752;(00000000000000000000000000000000) (0) (0) (00)    ;(00000000000000000000000000000000) (0) (0) (00)   ;(00000000000000000000000000000000) (0) (0) (00)   ;(00000000000000000000000000000000) (0) (0) (00)   ;(00000000000000000000000000000000) (0) (0) (00)   ;(00000000000000000000000000000000) (0) (0) (00)   ;(00000000000000000000000000000000) (0) (0) (00)   ;(00000000000000000000000000000000) (0) (0) (00)   ;
;760;(00000000000000000000000000000000) (0) (0) (00)    ;(00000000000000000000000000000000) (0) (0) (00)   ;(00000000000000000000000000000000) (0) (0) (00)   ;(00000000000000000000000000000000) (0) (0) (00)   ;(00000000000000000000000000000000) (0) (0) (00)   ;(00000000000000000000000000000000) (0) (0) (00)   ;(00000000000000000000000000000000) (0) (0) (00)   ;(00000000000000000000000000000000) (0) (0) (00)   ;
;768;(00000000000000000000000000000000) (0) (0) (00)    ;(00000000000000000000000000000000) (0) (0) (00)   ;(00000000000000000000000000000000) (0) (0) (00)   ;(00000000000000000000000000000000) (0) (0) (00)   ;(00000000000000000000000000000000) (0) (0) (00)   ;(00000000000000000000000000000000) (0) (0) (00)   ;(00000000000000000000000000000000) (0) (0) (00)   ;(00000000000000000000000000000000) (0) (0) (00)   ;
;776;(00000000000000000000000000000000) (0) (0) (00)    ;(00000000000000000000000000000000) (0) (0) (00)   ;(00000000000000000000000000000000) (0) (0) (00)   ;(00000000000000000000000000000000) (0) (0) (00)   ;(00000000000000000000000000000000) (0) (0) (00)   ;(00000000000000000000000000000000) (0) (0) (00)   ;(00000000000000000000000000000000) (0) (0) (00)   ;(00000000000000000000000000000000) (0) (0) (00)   ;
;784;(00000000000000000000000000000000) (0) (0) (00)    ;(00000000000000000000000000000000) (0) (0) (00)   ;(00000000000000000000000000000000) (0) (0) (00)   ;(00000000000000000000000000000000) (0) (0) (00)   ;(00000000000000000000000000000000) (0) (0) (00)   ;(00000000000000000000000000000000) (0) (0) (00)   ;(00000000000000000000000000000000) (0) (0) (00)   ;(00000000000000000000000000000000) (0) (0) (00)   ;
;792;(00000000000000000000000000000000) (0) (0) (00)    ;(00000000000000000000000000000000) (0) (0) (00)   ;(00000000000000000000000000000000) (0) (0) (00)   ;(00000000000000000000000000000000) (0) (0) (00)   ;(00000000000000000000000000000000) (0) (0) (00)   ;(00000000000000000000000000000000) (0) (0) (00)   ;(00000000000000000000000000000000) (0) (0) (00)   ;(00000000000000000000000000000000) (0) (0) (00)   ;
;800;(00000000000000000000000000000000) (0) (0) (00)    ;(00000000000000000000000000000000) (0) (0) (00)   ;(00000000000000000000000000000000) (0) (0) (00)   ;(00000000000000000000000000000000) (0) (0) (00)   ;(00000000000000000000000000000000) (0) (0) (00)   ;(00000000000000000000000000000000) (0) (0) (00)   ;(00000000000000000000000000000000) (0) (0) (00)   ;(00000000000000000000000000000000) (0) (0) (00)   ;
;808;(00000000000000000000000000000000) (0) (0) (00)    ;(00000000000000000000000000000000) (0) (0) (00)   ;(00000000000000000000000000000000) (0) (0) (00)   ;(00000000000000000000000000000000) (0) (0) (00)   ;(00000000000000000000000000000000) (0) (0) (00)   ;(00000000000000000000000000000000) (0) (0) (00)   ;(00000000000000000000000000000000) (0) (0) (00)   ;(00000000000000000000000000000000) (0) (0) (00)   ;
;816;(00000000000000000000000000000000) (0) (0) (00)    ;(00000000000000000000000000000000) (0) (0) (00)   ;(00000000000000000000000000000000) (0) (0) (00)   ;(00000000000000000000000000000000) (0) (0) (00)   ;(00000000000000000000000000000000) (0) (0) (00)   ;(00000000000000000000000000000000) (0) (0) (00)   ;(00000000000000000000000000000000) (0) (0) (00)   ;(00000000000000000000000000000000) (0) (0) (00)   ;
;824;(00000000000000000000000000000000) (0) (0) (00)    ;(00000000000000000000000000000000) (0) (0) (00)   ;(00000000000000000000000000000000) (0) (0) (00)   ;(00000000000000000000000000000000) (0) (0) (00)   ;(00000000000000000000000000000000) (0) (0) (00)   ;(00000000000000000000000000000000) (0) (0) (00)   ;(00000000000000000000000000000000) (0) (0) (00)   ;(00000000000000000000000000000000) (0) (0) (00)   ;
;832;(00000000000000000000000000000000) (0) (0) (00)    ;(00000000000000000000000000000000) (0) (0) (00)   ;(00000000000000000000000000000000) (0) (0) (00)   ;(00000000000000000000000000000000) (0) (0) (00)   ;(00000000000000000000000000000000) (0) (0) (00)   ;(00000000000000000000000000000000) (0) (0) (00)   ;(00000000000000000000000000000000) (0) (0) (00)   ;(00000000000000000000000000000000) (0) (0) (00)   ;
;840;(00000000000000000000000000000000) (0) (0) (00)    ;(00000000000000000000000000000000) (0) (0) (00)   ;(00000000000000000000000000000000) (0) (0) (00)   ;(00000000000000000000000000000000) (0) (0) (00)   ;(00000000000000000000000000000000) (0) (0) (00)   ;(00000000000000000000000000000000) (0) (0) (00)   ;(00000000000000000000000000000000) (0) (0) (00)   ;(00000000000000000000000000000000) (0) (0) (00)   ;
;848;(00000000000000000000000000000000) (0) (0) (00)    ;(00000000000000000000000000000000) (0) (0) (00)   ;(00000000000000000000000000000000) (0) (0) (00)   ;(00000000000000000000000000000000) (0) (0) (00)   ;(00000000000000000000000000000000) (0) (0) (00)   ;(00000000000000000000000000000000) (0) (0) (00)   ;(00000000000000000000000000000000) (0) (0) (00)   ;(00000000000000000000000000000000) (0) (0) (00)   ;
;856;(00000000000000000000000000000000) (0) (0) (00)    ;(00000000000000000000000000000000) (0) (0) (00)   ;(00000000000000000000000000000000) (0) (0) (00)   ;(00000000000000000000000000000000) (0) (0) (00)   ;(00000000000000000000000000000000) (0) (0) (00)   ;(00000000000000000000000000000000) (0) (0) (00)   ;(00000000000000000000000000000000) (0) (0) (00)   ;(00000000000000000000000000000000) (0) (0) (00)   ;
;864;(00000000000000000000000000000000) (0) (0) (00)    ;(00000000000000000000000000000000) (0) (0) (00)   ;(00000000000000000000000000000000) (0) (0) (00)   ;(00000000000000000000000000000000) (0) (0) (00)   ;(00000000000000000000000000000000) (0) (0) (00)   ;(00000000000000000000000000000000) (0) (0) (00)   ;(00000000000000000000000000000000) (0) (0) (00)   ;(00000000000000000000000000000000) (0) (0) (00)   ;
;872;(00000000000000000000000000000000) (0) (0) (00)    ;(00000000000000000000000000000000) (0) (0) (00)   ;(00000000000000000000000000000000) (0) (0) (00)   ;(00000000000000000000000000000000) (0) (0) (00)   ;(00000000000000000000000000000000) (0) (0) (00)   ;(00000000000000000000000000000000) (0) (0) (00)   ;(00000000000000000000000000000000) (0) (0) (00)   ;(00000000000000000000000000000000) (0) (0) (00)   ;
;880;(00000000000000000000000000000000) (0) (0) (00)    ;(00000000000000000000000000000000) (0) (0) (00)   ;(00000000000000000000000000000000) (0) (0) (00)   ;(00000000000000000000000000000000) (0) (0) (00)   ;(00000000000000000000000000000000) (0) (0) (00)   ;(00000000000000000000000000000000) (0) (0) (00)   ;(00000000000000000000000000000000) (0) (0) (00)   ;(00000000000000000000000000000000) (0) (0) (00)   ;
;888;(00000000000000000000000000000000) (0) (0) (00)    ;(00000000000000000000000000000000) (0) (0) (00)   ;(00000000000000000000000000000000) (0) (0) (00)   ;(00000000000000000000000000000000) (0) (0) (00)   ;(00000000000000000000000000000000) (0) (0) (00)   ;(00000000000000000000000000000000) (0) (0) (00)   ;(00000000000000000000000000000000) (0) (0) (00)   ;(00000000000000000000000000000000) (0) (0) (00)   ;
;896;(00000000000000000000000000000000) (0) (0) (00)    ;(00000000000000000000000000000000) (0) (0) (00)   ;(00000000000000000000000000000000) (0) (0) (00)   ;(00000000000000000000000000000000) (0) (0) (00)   ;(00000000000000000000000000000000) (0) (0) (00)   ;(00000000000000000000000000000000) (0) (0) (00)   ;(00000000000000000000000000000000) (0) (0) (00)   ;(00000000000000000000000000000000) (0) (0) (00)   ;
;904;(00000000000000000000000000000000) (0) (0) (00)    ;(00000000000000000000000000000000) (0) (0) (00)   ;(00000000000000000000000000000000) (0) (0) (00)   ;(00000000000000000000000000000000) (0) (0) (00)   ;(00000000000000000000000000000000) (0) (0) (00)   ;(00000000000000000000000000000000) (0) (0) (00)   ;(00000000000000000000000000000000) (0) (0) (00)   ;(00000000000000000000000000000000) (0) (0) (00)   ;
;912;(00000000000000000000000000000000) (0) (0) (00)    ;(00000000000000000000000000000000) (0) (0) (00)   ;(00000000000000000000000000000000) (0) (0) (00)   ;(00000000000000000000000000000000) (0) (0) (00)   ;(00000000000000000000000000000000) (0) (0) (00)   ;(00000000000000000000000000000000) (0) (0) (00)   ;(00000000000000000000000000000000) (0) (0) (00)   ;(00000000000000000000000000000000) (0) (0) (00)   ;
;920;(00000000000000000000000000000000) (0) (0) (00)    ;(00000000000000000000000000000000) (0) (0) (00)   ;(00000000000000000000000000000000) (0) (0) (00)   ;(00000000000000000000000000000000) (0) (0) (00)   ;(00000000000000000000000000000000) (0) (0) (00)   ;(00000000000000000000000000000000) (0) (0) (00)   ;(00000000000000000000000000000000) (0) (0) (00)   ;(00000000000000000000000000000000) (0) (0) (00)   ;
;928;(00000000000000000000000000000000) (0) (0) (00)    ;(00000000000000000000000000000000) (0) (0) (00)   ;(00000000000000000000000000000000) (0) (0) (00)   ;(00000000000000000000000000000000) (0) (0) (00)   ;(00000000000000000000000000000000) (0) (0) (00)   ;(00000000000000000000000000000000) (0) (0) (00)   ;(00000000000000000000000000000000) (0) (0) (00)   ;(00000000000000000000000000000000) (0) (0) (00)   ;
;936;(00000000000000000000000000000000) (0) (0) (00)    ;(00000000000000000000000000000000) (0) (0) (00)   ;(00000000000000000000000000000000) (0) (0) (00)   ;(00000000000000000000000000000000) (0) (0) (00)   ;(00000000000000000000000000000000) (0) (0) (00)   ;(00000000000000000000000000000000) (0) (0) (00)   ;(00000000000000000000000000000000) (0) (0) (00)   ;(00000000000000000000000000000000) (0) (0) (00)   ;
;944;(00000000000000000000000000000000) (0) (0) (00)    ;(00000000000000000000000000000000) (0) (0) (00)   ;(00000000000000000000000000000000) (0) (0) (00)   ;(00000000000000000000000000000000) (0) (0) (00)   ;(00000000000000000000000000000000) (0) (0) (00)   ;(00000000000000000000000000000000) (0) (0) (00)   ;(00000000000000000000000000000000) (0) (0) (00)   ;(00000000000000000000000000000000) (0) (0) (00)   ;
;952;(00000000000000000000000000000000) (0) (0) (00)    ;(00000000000000000000000000000000) (0) (0) (00)   ;(00000000000000000000000000000000) (0) (0) (00)   ;(00000000000000000000000000000000) (0) (0) (00)   ;(00000000000000000000000000000000) (0) (0) (00)   ;(00000000000000000000000000000000) (0) (0) (00)   ;(00000000000000000000000000000000) (0) (0) (00)   ;(00000000000000000000000000000000) (0) (0) (00)   ;
;960;(00000000000000000000000000000000) (0) (0) (00)    ;(00000000000000000000000000000000) (0) (0) (00)   ;(00000000000000000000000000000000) (0) (0) (00)   ;(00000000000000000000000000000000) (0) (0) (00)   ;(00000000000000000000000000000000) (0) (0) (00)   ;(00000000000000000000000000000000) (0) (0) (00)   ;(00000000000000000000000000000000) (0) (0) (00)   ;(00000000000000000000000000000000) (0) (0) (00)   ;
;968;(00000000000000000000000000000000) (0) (0) (00)    ;(00000000000000000000000000000000) (0) (0) (00)   ;(00000000000000000000000000000000) (0) (0) (00)   ;(00000000000000000000000000000000) (0) (0) (00)   ;(00000000000000000000000000000000) (0) (0) (00)   ;(00000000000000000000000000000000) (0) (0) (00)   ;(00000000000000000000000000000000) (0) (0) (00)   ;(00000000000000000000000000000000) (0) (0) (00)   ;
;976;(00000000000000000000000000000000) (0) (0) (00)    ;(00000000000000000000000000000000) (0) (0) (00)   ;(00000000000000000000000000000000) (0) (0) (00)   ;(00000000000000000000000000000000) (0) (0) (00)   ;(00000000000000000000000000000000) (0) (0) (00)   ;(00000000000000000000000000000000) (0) (0) (00)   ;(00000000000000000000000000000000) (0) (0) (00)   ;(00000000000000000000000000000000) (0) (0) (00)   ;
;984;(00000000000000000000000000000000) (0) (0) (00)    ;(00000000000000000000000000000000) (0) (0) (00)   ;(00000000000000000000000000000000) (0) (0) (00)   ;(00000000000000000000000000000000) (0) (0) (00)   ;(00000000000000000000000000000000) (0) (0) (00)   ;(00000000000000000000000000000000) (0) (0) (00)   ;(00000000000000000000000000000000) (0) (0) (00)   ;(00000000000000000000000000000000) (0) (0) (00)   ;
;992;(00000000000000000000000000000000) (0) (0) (00)    ;(00000000000000000000000000000000) (0) (0) (00)   ;(00000000000000000000000000000000) (0) (0) (00)   ;(00000000000000000000000000000000) (0) (0) (00)   ;(00000000000000000000000000000000) (0) (0) (00)   ;(00000000000000000000000000000000) (0) (0) (00)   ;(00000000000000000000000000000000) (0) (0) (00)   ;(00000000000000000000000000000000) (0) (0) (00)   ;
;1000;(00000000000000000000000000000000) (0) (0) (00)    ;(00000000000000000000000000000000) (0) (0) (00)   ;(00000000000000000000000000000000) (0) (0) (00)   ;(00000000000000000000000000000000) (0) (0) (00)   ;(00000000000000000000000000000000) (0) (0) (00)   ;(00000000000000000000000000000000) (0) (0) (00)   ;(00000000000000000000000000000000) (0) (0) (00)   ;(00000000000000000000000000000000) (0) (0) (00)   ;
;1008;(00000000000000000000000000000000) (0) (0) (00)    ;(00000000000000000000000000000000) (0) (0) (00)   ;(00000000000000000000000000000000) (0) (0) (00)   ;(00000000000000000000000000000000) (0) (0) (00)   ;(00000000000000000000000000000000) (0) (0) (00)   ;(00000000000000000000000000000000) (0) (0) (00)   ;(00000000000000000000000000000000) (0) (0) (00)   ;(00000000000000000000000000000000) (0) (0) (00)   ;
;1016;(00000000000000000000000000000000) (0) (0) (00)    ;(00000000000000000000000000000000) (0) (0) (00)   ;(00000000000000000000000000000000) (0) (0) (00)   ;(00000000000000000000000000000000) (0) (0) (00)   ;(00000000000000000000000000000000) (0) (0) (00)   ;(00000000000000000000000000000000) (0) (0) (00)   ;(00000000000000000000000000000000) (0) (0) (00)   ;(00000000000000000000000000000000) (0) (0) (00)   ;


+-------------------------------------------------+
; Routing Usage Summary                           ;
+-----------------------+-------------------------+
; Routing Resource Type ; Usage                   ;
+-----------------------+-------------------------+
; Block interconnects   ; 6,143 / 32,401 ( 19 % ) ;
; C16 interconnects     ; 162 / 1,326 ( 12 % )    ;
; C4 interconnects      ; 4,575 / 21,816 ( 21 % ) ;
; Direct links          ; 356 / 32,401 ( 1 % )    ;
; Global clocks         ; 3 / 10 ( 30 % )         ;
; Local interconnects   ; 1,629 / 10,320 ( 16 % ) ;
; R24 interconnects     ; 207 / 1,289 ( 16 % )    ;
; R4 interconnects      ; 5,746 / 28,186 ( 20 % ) ;
+-----------------------+-------------------------+


+-----------------------------------------------------------------------------+
; LAB Logic Elements                                                          ;
+---------------------------------------------+-------------------------------+
; Number of Logic Elements  (Average = 13.03) ; Number of LABs  (Total = 222) ;
+---------------------------------------------+-------------------------------+
; 1                                           ; 6                             ;
; 2                                           ; 4                             ;
; 3                                           ; 3                             ;
; 4                                           ; 5                             ;
; 5                                           ; 2                             ;
; 6                                           ; 5                             ;
; 7                                           ; 7                             ;
; 8                                           ; 4                             ;
; 9                                           ; 7                             ;
; 10                                          ; 8                             ;
; 11                                          ; 7                             ;
; 12                                          ; 10                            ;
; 13                                          ; 11                            ;
; 14                                          ; 16                            ;
; 15                                          ; 11                            ;
; 16                                          ; 116                           ;
+---------------------------------------------+-------------------------------+


+--------------------------------------------------------------------+
; LAB-wide Signals                                                   ;
+------------------------------------+-------------------------------+
; LAB-wide Signals  (Average = 2.75) ; Number of LABs  (Total = 222) ;
+------------------------------------+-------------------------------+
; 1 Async. clear                     ; 204                           ;
; 1 Clock                            ; 205                           ;
; 1 Clock enable                     ; 21                            ;
; 1 Sync. load                       ; 4                             ;
; 2 Clock enables                    ; 177                           ;
+------------------------------------+-------------------------------+


+------------------------------------------------------------------------------+
; LAB Signals Sourced                                                          ;
+----------------------------------------------+-------------------------------+
; Number of Signals Sourced  (Average = 17.50) ; Number of LABs  (Total = 222) ;
+----------------------------------------------+-------------------------------+
; 0                                            ; 0                             ;
; 1                                            ; 6                             ;
; 2                                            ; 2                             ;
; 3                                            ; 3                             ;
; 4                                            ; 3                             ;
; 5                                            ; 1                             ;
; 6                                            ; 5                             ;
; 7                                            ; 2                             ;
; 8                                            ; 3                             ;
; 9                                            ; 9                             ;
; 10                                           ; 2                             ;
; 11                                           ; 3                             ;
; 12                                           ; 5                             ;
; 13                                           ; 2                             ;
; 14                                           ; 12                            ;
; 15                                           ; 13                            ;
; 16                                           ; 16                            ;
; 17                                           ; 15                            ;
; 18                                           ; 25                            ;
; 19                                           ; 14                            ;
; 20                                           ; 16                            ;
; 21                                           ; 9                             ;
; 22                                           ; 10                            ;
; 23                                           ; 4                             ;
; 24                                           ; 6                             ;
; 25                                           ; 4                             ;
; 26                                           ; 8                             ;
; 27                                           ; 4                             ;
; 28                                           ; 8                             ;
; 29                                           ; 2                             ;
; 30                                           ; 4                             ;
; 31                                           ; 4                             ;
; 32                                           ; 2                             ;
+----------------------------------------------+-------------------------------+


+----------------------------------------------------------------------------------+
; LAB Signals Sourced Out                                                          ;
+--------------------------------------------------+-------------------------------+
; Number of Signals Sourced Out  (Average = 10.33) ; Number of LABs  (Total = 222) ;
+--------------------------------------------------+-------------------------------+
; 0                                                ; 0                             ;
; 1                                                ; 9                             ;
; 2                                                ; 4                             ;
; 3                                                ; 4                             ;
; 4                                                ; 17                            ;
; 5                                                ; 22                            ;
; 6                                                ; 14                            ;
; 7                                                ; 17                            ;
; 8                                                ; 15                            ;
; 9                                                ; 17                            ;
; 10                                               ; 19                            ;
; 11                                               ; 6                             ;
; 12                                               ; 12                            ;
; 13                                               ; 6                             ;
; 14                                               ; 3                             ;
; 15                                               ; 7                             ;
; 16                                               ; 9                             ;
; 17                                               ; 7                             ;
; 18                                               ; 4                             ;
; 19                                               ; 8                             ;
; 20                                               ; 7                             ;
; 21                                               ; 3                             ;
; 22                                               ; 1                             ;
; 23                                               ; 2                             ;
; 24                                               ; 4                             ;
; 25                                               ; 3                             ;
; 26                                               ; 0                             ;
; 27                                               ; 1                             ;
; 28                                               ; 0                             ;
; 29                                               ; 1                             ;
+--------------------------------------------------+-------------------------------+


+------------------------------------------------------------------------------+
; LAB Distinct Inputs                                                          ;
+----------------------------------------------+-------------------------------+
; Number of Distinct Inputs  (Average = 25.59) ; Number of LABs  (Total = 222) ;
+----------------------------------------------+-------------------------------+
; 0                                            ; 0                             ;
; 1                                            ; 1                             ;
; 2                                            ; 0                             ;
; 3                                            ; 0                             ;
; 4                                            ; 5                             ;
; 5                                            ; 1                             ;
; 6                                            ; 0                             ;
; 7                                            ; 2                             ;
; 8                                            ; 0                             ;
; 9                                            ; 1                             ;
; 10                                           ; 3                             ;
; 11                                           ; 4                             ;
; 12                                           ; 4                             ;
; 13                                           ; 5                             ;
; 14                                           ; 0                             ;
; 15                                           ; 4                             ;
; 16                                           ; 3                             ;
; 17                                           ; 3                             ;
; 18                                           ; 8                             ;
; 19                                           ; 9                             ;
; 20                                           ; 3                             ;
; 21                                           ; 4                             ;
; 22                                           ; 8                             ;
; 23                                           ; 14                            ;
; 24                                           ; 2                             ;
; 25                                           ; 5                             ;
; 26                                           ; 13                            ;
; 27                                           ; 5                             ;
; 28                                           ; 12                            ;
; 29                                           ; 12                            ;
; 30                                           ; 11                            ;
; 31                                           ; 13                            ;
; 32                                           ; 17                            ;
; 33                                           ; 9                             ;
; 34                                           ; 10                            ;
; 35                                           ; 9                             ;
; 36                                           ; 10                            ;
; 37                                           ; 8                             ;
; 38                                           ; 3                             ;
+----------------------------------------------+-------------------------------+


+------------------------------------------+
; I/O Rules Summary                        ;
+----------------------------------+-------+
; I/O Rules Statistic              ; Total ;
+----------------------------------+-------+
; Total I/O Rules                  ; 30    ;
; Number of I/O Rules Passed       ; 9     ;
; Number of I/O Rules Failed       ; 0     ;
; Number of I/O Rules Unchecked    ; 0     ;
; Number of I/O Rules Inapplicable ; 21    ;
+----------------------------------+-------+


+-----------------------------------------------------------------------------------------------------------------------------------------------------------------------------------------------------------------------------------------------------------------------------------------------------+
; I/O Rules Details                                                                                                                                                                                                                                                                                   ;
+--------------+-----------+-----------------------------------+------------------------------------------------------------------------------------------------------+----------+--------------------------------------------------------------------------+---------------------+-------------------+
; Status       ; ID        ; Category                          ; Rule Description                                                                                     ; Severity ; Information                                                              ; Area                ; Extra Information ;
+--------------+-----------+-----------------------------------+------------------------------------------------------------------------------------------------------+----------+--------------------------------------------------------------------------+---------------------+-------------------+
; Inapplicable ; IO_000001 ; Capacity Checks                   ; Number of pins in an I/O bank should not exceed the number of locations available.                   ; Critical ; No Location assignments found.                                           ; I/O                 ;                   ;
; Inapplicable ; IO_000002 ; Capacity Checks                   ; Number of clocks in an I/O bank should not exceed the number of clocks available.                    ; Critical ; No Global Signal assignments found.                                      ; I/O                 ;                   ;
; Inapplicable ; IO_000003 ; Capacity Checks                   ; Number of pins in a Vrefgroup should not exceed the number of locations available.                   ; Critical ; No Location assignments found.                                           ; I/O                 ;                   ;
; Inapplicable ; IO_000004 ; Voltage Compatibility Checks      ; The I/O bank should support the requested VCCIO.                                                     ; Critical ; No IOBANK_VCCIO assignments found.                                       ; I/O                 ;                   ;
; Inapplicable ; IO_000005 ; Voltage Compatibility Checks      ; The I/O bank should not have competing VREF values.                                                  ; Critical ; No VREF I/O Standard assignments found.                                  ; I/O                 ;                   ;
; Pass         ; IO_000006 ; Voltage Compatibility Checks      ; The I/O bank should not have competing VCCIO values.                                                 ; Critical ; 0 such failures found.                                                   ; I/O                 ;                   ;
; Inapplicable ; IO_000007 ; Valid Location Checks             ; Checks for unavailable locations.                                                                    ; Critical ; No Location assignments found.                                           ; I/O                 ;                   ;
; Inapplicable ; IO_000008 ; Valid Location Checks             ; Checks for reserved locations.                                                                       ; Critical ; No reserved LogicLock region found.                                      ; I/O                 ;                   ;
; Pass         ; IO_000009 ; I/O Properties Checks for One I/O ; The location should support the requested I/O standard.                                              ; Critical ; 0 such failures found.                                                   ; I/O                 ;                   ;
; Pass         ; IO_000010 ; I/O Properties Checks for One I/O ; The location should support the requested I/O direction.                                             ; Critical ; 0 such failures found.                                                   ; I/O                 ;                   ;
; Inapplicable ; IO_000011 ; I/O Properties Checks for One I/O ; The location should support the requested Current Strength.                                          ; Critical ; No Current Strength assignments found.                                   ; I/O                 ;                   ;
; Pass         ; IO_000012 ; I/O Properties Checks for One I/O ; The location should support the requested On Chip Termination value.                                 ; Critical ; 0 such failures found.                                                   ; I/O                 ;                   ;
; Inapplicable ; IO_000013 ; I/O Properties Checks for One I/O ; The location should support the requested Bus Hold value.                                            ; Critical ; No Enable Bus-Hold Circuitry assignments found.                          ; I/O                 ;                   ;
; Inapplicable ; IO_000014 ; I/O Properties Checks for One I/O ; The location should support the requested Weak Pull Up value.                                        ; Critical ; No Weak Pull-Up Resistor assignments found.                              ; I/O                 ;                   ;
; Pass         ; IO_000015 ; I/O Properties Checks for One I/O ; The location should support the requested PCI Clamp Diode.                                           ; Critical ; 0 such failures found.                                                   ; I/O                 ;                   ;
; Inapplicable ; IO_000018 ; I/O Properties Checks for One I/O ; The I/O standard should support the requested Current Strength.                                      ; Critical ; No Current Strength assignments found.                                   ; I/O                 ;                   ;
; Pass         ; IO_000019 ; I/O Properties Checks for One I/O ; The I/O standard should support the requested On Chip Termination value.                             ; Critical ; 0 such failures found.                                                   ; I/O                 ;                   ;
; Pass         ; IO_000020 ; I/O Properties Checks for One I/O ; The I/O standard should support the requested PCI Clamp Diode.                                       ; Critical ; 0 such failures found.                                                   ; I/O                 ;                   ;
; Inapplicable ; IO_000021 ; I/O Properties Checks for One I/O ; The I/O standard should support the requested Weak Pull Up value.                                    ; Critical ; No Weak Pull-Up Resistor assignments found.                              ; I/O                 ;                   ;
; Inapplicable ; IO_000022 ; I/O Properties Checks for One I/O ; The I/O standard should support the requested Bus Hold value.                                        ; Critical ; No Enable Bus-Hold Circuitry assignments found.                          ; I/O                 ;                   ;
; Inapplicable ; IO_000023 ; I/O Properties Checks for One I/O ; The I/O standard should support the Open Drain value.                                                ; Critical ; No open drain assignments found.                                         ; I/O                 ;                   ;
; Pass         ; IO_000024 ; I/O Properties Checks for One I/O ; The I/O direction should support the On Chip Termination value.                                      ; Critical ; 0 such failures found.                                                   ; I/O                 ;                   ;
; Inapplicable ; IO_000026 ; I/O Properties Checks for One I/O ; On Chip Termination and Current Strength should not be used at the same time.                        ; Critical ; No Current Strength assignments found.                                   ; I/O                 ;                   ;
; Inapplicable ; IO_000027 ; I/O Properties Checks for One I/O ; Weak Pull Up and Bus Hold should not be used at the same time.                                       ; Critical ; No Enable Bus-Hold Circuitry or Weak Pull-Up Resistor assignments found. ; I/O                 ;                   ;
; Inapplicable ; IO_000045 ; I/O Properties Checks for One I/O ; The I/O standard should support the requested Slew Rate value.                                       ; Critical ; No Slew Rate assignments found.                                          ; I/O                 ;                   ;
; Inapplicable ; IO_000046 ; I/O Properties Checks for One I/O ; The location should support the requested Slew Rate value.                                           ; Critical ; No Slew Rate assignments found.                                          ; I/O                 ;                   ;
; Inapplicable ; IO_000047 ; I/O Properties Checks for One I/O ; On Chip Termination and Slew Rate should not be used at the same time.                               ; Critical ; No Slew Rate assignments found.                                          ; I/O                 ;                   ;
; Pass         ; IO_000033 ; Electromigration Checks           ; Current density for consecutive I/Os should not exceed 240mA for row I/Os and 240mA for column I/Os. ; Critical ; 0 such failures found.                                                   ; I/O                 ;                   ;
; Inapplicable ; IO_000034 ; SI Related Distance Checks        ; Single-ended outputs should be 5 LAB row(s) away from a differential I/O.                            ; High     ; No Differential I/O Standard assignments found.                          ; I/O                 ;                   ;
; Inapplicable ; IO_000042 ; SI Related SSO Limit Checks       ; No more than 20 outputs are allowed in a VREF group when VREF is being read from.                    ; High     ; No VREF I/O Standard assignments found.                                  ; I/O                 ;                   ;
; ----         ; ----      ; Disclaimer                        ; OCT rules are checked but not reported.                                                              ; None     ; ----                                                                     ; On Chip Termination ;                   ;
+--------------+-----------+-----------------------------------+------------------------------------------------------------------------------------------------------+----------+--------------------------------------------------------------------------+---------------------+-------------------+


+--------------------------------------------------------------------------------------------------------------------------------------------------------------------------------------------------------------------------------------------------------------------------------------------------------------------------------------------------------------------------------------------------------------------------------------------------------------------------+
; I/O Rules Matrix                                                                                                                                                                                                                                                                                                                                                                                                                                                         ;
+--------------------+--------------+--------------+--------------+--------------+--------------+-----------+--------------+--------------+-----------+-----------+--------------+--------------+--------------+--------------+--------------+--------------+--------------+--------------+--------------+--------------+--------------+--------------+--------------+--------------+--------------+--------------+--------------+-----------+--------------+--------------+
; Pin/Rules          ; IO_000001    ; IO_000002    ; IO_000003    ; IO_000004    ; IO_000005    ; IO_000006 ; IO_000007    ; IO_000008    ; IO_000009 ; IO_000010 ; IO_000011    ; IO_000012    ; IO_000013    ; IO_000014    ; IO_000015    ; IO_000018    ; IO_000019    ; IO_000020    ; IO_000021    ; IO_000022    ; IO_000023    ; IO_000024    ; IO_000026    ; IO_000027    ; IO_000045    ; IO_000046    ; IO_000047    ; IO_000033 ; IO_000034    ; IO_000042    ;
+--------------------+--------------+--------------+--------------+--------------+--------------+-----------+--------------+--------------+-----------+-----------+--------------+--------------+--------------+--------------+--------------+--------------+--------------+--------------+--------------+--------------+--------------+--------------+--------------+--------------+--------------+--------------+--------------+-----------+--------------+--------------+
; Total Pass         ; 0            ; 0            ; 0            ; 0            ; 0            ; 108       ; 0            ; 0            ; 108       ; 108       ; 0            ; 101          ; 0            ; 0            ; 7            ; 0            ; 101          ; 7            ; 0            ; 0            ; 0            ; 101          ; 0            ; 0            ; 0            ; 0            ; 0            ; 108       ; 0            ; 0            ;
; Total Unchecked    ; 0            ; 0            ; 0            ; 0            ; 0            ; 0         ; 0            ; 0            ; 0         ; 0         ; 0            ; 0            ; 0            ; 0            ; 0            ; 0            ; 0            ; 0            ; 0            ; 0            ; 0            ; 0            ; 0            ; 0            ; 0            ; 0            ; 0            ; 0         ; 0            ; 0            ;
; Total Inapplicable ; 108          ; 108          ; 108          ; 108          ; 108          ; 0         ; 108          ; 108          ; 0         ; 0         ; 108          ; 7            ; 108          ; 108          ; 101          ; 108          ; 7            ; 101          ; 108          ; 108          ; 108          ; 7            ; 108          ; 108          ; 108          ; 108          ; 108          ; 0         ; 108          ; 108          ;
; Total Fail         ; 0            ; 0            ; 0            ; 0            ; 0            ; 0         ; 0            ; 0            ; 0         ; 0         ; 0            ; 0            ; 0            ; 0            ; 0            ; 0            ; 0            ; 0            ; 0            ; 0            ; 0            ; 0            ; 0            ; 0            ; 0            ; 0            ; 0            ; 0         ; 0            ; 0            ;
; ClockDIV           ; Inapplicable ; Inapplicable ; Inapplicable ; Inapplicable ; Inapplicable ; Pass      ; Inapplicable ; Inapplicable ; Pass      ; Pass      ; Inapplicable ; Pass         ; Inapplicable ; Inapplicable ; Inapplicable ; Inapplicable ; Pass         ; Inapplicable ; Inapplicable ; Inapplicable ; Inapplicable ; Pass         ; Inapplicable ; Inapplicable ; Inapplicable ; Inapplicable ; Inapplicable ; Pass      ; Inapplicable ; Inapplicable ;
; PC[0]              ; Inapplicable ; Inapplicable ; Inapplicable ; Inapplicable ; Inapplicable ; Pass      ; Inapplicable ; Inapplicable ; Pass      ; Pass      ; Inapplicable ; Pass         ; Inapplicable ; Inapplicable ; Inapplicable ; Inapplicable ; Pass         ; Inapplicable ; Inapplicable ; Inapplicable ; Inapplicable ; Pass         ; Inapplicable ; Inapplicable ; Inapplicable ; Inapplicable ; Inapplicable ; Pass      ; Inapplicable ; Inapplicable ;
; PC[1]              ; Inapplicable ; Inapplicable ; Inapplicable ; Inapplicable ; Inapplicable ; Pass      ; Inapplicable ; Inapplicable ; Pass      ; Pass      ; Inapplicable ; Pass         ; Inapplicable ; Inapplicable ; Inapplicable ; Inapplicable ; Pass         ; Inapplicable ; Inapplicable ; Inapplicable ; Inapplicable ; Pass         ; Inapplicable ; Inapplicable ; Inapplicable ; Inapplicable ; Inapplicable ; Pass      ; Inapplicable ; Inapplicable ;
; PC[2]              ; Inapplicable ; Inapplicable ; Inapplicable ; Inapplicable ; Inapplicable ; Pass      ; Inapplicable ; Inapplicable ; Pass      ; Pass      ; Inapplicable ; Pass         ; Inapplicable ; Inapplicable ; Inapplicable ; Inapplicable ; Pass         ; Inapplicable ; Inapplicable ; Inapplicable ; Inapplicable ; Pass         ; Inapplicable ; Inapplicable ; Inapplicable ; Inapplicable ; Inapplicable ; Pass      ; Inapplicable ; Inapplicable ;
; PC[3]              ; Inapplicable ; Inapplicable ; Inapplicable ; Inapplicable ; Inapplicable ; Pass      ; Inapplicable ; Inapplicable ; Pass      ; Pass      ; Inapplicable ; Pass         ; Inapplicable ; Inapplicable ; Inapplicable ; Inapplicable ; Pass         ; Inapplicable ; Inapplicable ; Inapplicable ; Inapplicable ; Pass         ; Inapplicable ; Inapplicable ; Inapplicable ; Inapplicable ; Inapplicable ; Pass      ; Inapplicable ; Inapplicable ;
; PC[4]              ; Inapplicable ; Inapplicable ; Inapplicable ; Inapplicable ; Inapplicable ; Pass      ; Inapplicable ; Inapplicable ; Pass      ; Pass      ; Inapplicable ; Pass         ; Inapplicable ; Inapplicable ; Inapplicable ; Inapplicable ; Pass         ; Inapplicable ; Inapplicable ; Inapplicable ; Inapplicable ; Pass         ; Inapplicable ; Inapplicable ; Inapplicable ; Inapplicable ; Inapplicable ; Pass      ; Inapplicable ; Inapplicable ;
; PC[5]              ; Inapplicable ; Inapplicable ; Inapplicable ; Inapplicable ; Inapplicable ; Pass      ; Inapplicable ; Inapplicable ; Pass      ; Pass      ; Inapplicable ; Pass         ; Inapplicable ; Inapplicable ; Inapplicable ; Inapplicable ; Pass         ; Inapplicable ; Inapplicable ; Inapplicable ; Inapplicable ; Pass         ; Inapplicable ; Inapplicable ; Inapplicable ; Inapplicable ; Inapplicable ; Pass      ; Inapplicable ; Inapplicable ;
; PC[6]              ; Inapplicable ; Inapplicable ; Inapplicable ; Inapplicable ; Inapplicable ; Pass      ; Inapplicable ; Inapplicable ; Pass      ; Pass      ; Inapplicable ; Pass         ; Inapplicable ; Inapplicable ; Inapplicable ; Inapplicable ; Pass         ; Inapplicable ; Inapplicable ; Inapplicable ; Inapplicable ; Pass         ; Inapplicable ; Inapplicable ; Inapplicable ; Inapplicable ; Inapplicable ; Pass      ; Inapplicable ; Inapplicable ;
; PC[7]              ; Inapplicable ; Inapplicable ; Inapplicable ; Inapplicable ; Inapplicable ; Pass      ; Inapplicable ; Inapplicable ; Pass      ; Pass      ; Inapplicable ; Pass         ; Inapplicable ; Inapplicable ; Inapplicable ; Inapplicable ; Pass         ; Inapplicable ; Inapplicable ; Inapplicable ; Inapplicable ; Pass         ; Inapplicable ; Inapplicable ; Inapplicable ; Inapplicable ; Inapplicable ; Pass      ; Inapplicable ; Inapplicable ;
; PC[8]              ; Inapplicable ; Inapplicable ; Inapplicable ; Inapplicable ; Inapplicable ; Pass      ; Inapplicable ; Inapplicable ; Pass      ; Pass      ; Inapplicable ; Pass         ; Inapplicable ; Inapplicable ; Inapplicable ; Inapplicable ; Pass         ; Inapplicable ; Inapplicable ; Inapplicable ; Inapplicable ; Pass         ; Inapplicable ; Inapplicable ; Inapplicable ; Inapplicable ; Inapplicable ; Pass      ; Inapplicable ; Inapplicable ;
; PC[9]              ; Inapplicable ; Inapplicable ; Inapplicable ; Inapplicable ; Inapplicable ; Pass      ; Inapplicable ; Inapplicable ; Pass      ; Pass      ; Inapplicable ; Pass         ; Inapplicable ; Inapplicable ; Inapplicable ; Inapplicable ; Pass         ; Inapplicable ; Inapplicable ; Inapplicable ; Inapplicable ; Pass         ; Inapplicable ; Inapplicable ; Inapplicable ; Inapplicable ; Inapplicable ; Pass      ; Inapplicable ; Inapplicable ;
; PC[10]             ; Inapplicable ; Inapplicable ; Inapplicable ; Inapplicable ; Inapplicable ; Pass      ; Inapplicable ; Inapplicable ; Pass      ; Pass      ; Inapplicable ; Pass         ; Inapplicable ; Inapplicable ; Inapplicable ; Inapplicable ; Pass         ; Inapplicable ; Inapplicable ; Inapplicable ; Inapplicable ; Pass         ; Inapplicable ; Inapplicable ; Inapplicable ; Inapplicable ; Inapplicable ; Pass      ; Inapplicable ; Inapplicable ;
; PC[11]             ; Inapplicable ; Inapplicable ; Inapplicable ; Inapplicable ; Inapplicable ; Pass      ; Inapplicable ; Inapplicable ; Pass      ; Pass      ; Inapplicable ; Pass         ; Inapplicable ; Inapplicable ; Inapplicable ; Inapplicable ; Pass         ; Inapplicable ; Inapplicable ; Inapplicable ; Inapplicable ; Pass         ; Inapplicable ; Inapplicable ; Inapplicable ; Inapplicable ; Inapplicable ; Pass      ; Inapplicable ; Inapplicable ;
; PC[12]             ; Inapplicable ; Inapplicable ; Inapplicable ; Inapplicable ; Inapplicable ; Pass      ; Inapplicable ; Inapplicable ; Pass      ; Pass      ; Inapplicable ; Pass         ; Inapplicable ; Inapplicable ; Inapplicable ; Inapplicable ; Pass         ; Inapplicable ; Inapplicable ; Inapplicable ; Inapplicable ; Pass         ; Inapplicable ; Inapplicable ; Inapplicable ; Inapplicable ; Inapplicable ; Pass      ; Inapplicable ; Inapplicable ;
; PC[13]             ; Inapplicable ; Inapplicable ; Inapplicable ; Inapplicable ; Inapplicable ; Pass      ; Inapplicable ; Inapplicable ; Pass      ; Pass      ; Inapplicable ; Pass         ; Inapplicable ; Inapplicable ; Inapplicable ; Inapplicable ; Pass         ; Inapplicable ; Inapplicable ; Inapplicable ; Inapplicable ; Pass         ; Inapplicable ; Inapplicable ; Inapplicable ; Inapplicable ; Inapplicable ; Pass      ; Inapplicable ; Inapplicable ;
; PC[14]             ; Inapplicable ; Inapplicable ; Inapplicable ; Inapplicable ; Inapplicable ; Pass      ; Inapplicable ; Inapplicable ; Pass      ; Pass      ; Inapplicable ; Pass         ; Inapplicable ; Inapplicable ; Inapplicable ; Inapplicable ; Pass         ; Inapplicable ; Inapplicable ; Inapplicable ; Inapplicable ; Pass         ; Inapplicable ; Inapplicable ; Inapplicable ; Inapplicable ; Inapplicable ; Pass      ; Inapplicable ; Inapplicable ;
; PC[15]             ; Inapplicable ; Inapplicable ; Inapplicable ; Inapplicable ; Inapplicable ; Pass      ; Inapplicable ; Inapplicable ; Pass      ; Pass      ; Inapplicable ; Pass         ; Inapplicable ; Inapplicable ; Inapplicable ; Inapplicable ; Pass         ; Inapplicable ; Inapplicable ; Inapplicable ; Inapplicable ; Pass         ; Inapplicable ; Inapplicable ; Inapplicable ; Inapplicable ; Inapplicable ; Pass      ; Inapplicable ; Inapplicable ;
; PC[16]             ; Inapplicable ; Inapplicable ; Inapplicable ; Inapplicable ; Inapplicable ; Pass      ; Inapplicable ; Inapplicable ; Pass      ; Pass      ; Inapplicable ; Pass         ; Inapplicable ; Inapplicable ; Inapplicable ; Inapplicable ; Pass         ; Inapplicable ; Inapplicable ; Inapplicable ; Inapplicable ; Pass         ; Inapplicable ; Inapplicable ; Inapplicable ; Inapplicable ; Inapplicable ; Pass      ; Inapplicable ; Inapplicable ;
; PC[17]             ; Inapplicable ; Inapplicable ; Inapplicable ; Inapplicable ; Inapplicable ; Pass      ; Inapplicable ; Inapplicable ; Pass      ; Pass      ; Inapplicable ; Pass         ; Inapplicable ; Inapplicable ; Inapplicable ; Inapplicable ; Pass         ; Inapplicable ; Inapplicable ; Inapplicable ; Inapplicable ; Pass         ; Inapplicable ; Inapplicable ; Inapplicable ; Inapplicable ; Inapplicable ; Pass      ; Inapplicable ; Inapplicable ;
; PC[18]             ; Inapplicable ; Inapplicable ; Inapplicable ; Inapplicable ; Inapplicable ; Pass      ; Inapplicable ; Inapplicable ; Pass      ; Pass      ; Inapplicable ; Pass         ; Inapplicable ; Inapplicable ; Inapplicable ; Inapplicable ; Pass         ; Inapplicable ; Inapplicable ; Inapplicable ; Inapplicable ; Pass         ; Inapplicable ; Inapplicable ; Inapplicable ; Inapplicable ; Inapplicable ; Pass      ; Inapplicable ; Inapplicable ;
; PC[19]             ; Inapplicable ; Inapplicable ; Inapplicable ; Inapplicable ; Inapplicable ; Pass      ; Inapplicable ; Inapplicable ; Pass      ; Pass      ; Inapplicable ; Pass         ; Inapplicable ; Inapplicable ; Inapplicable ; Inapplicable ; Pass         ; Inapplicable ; Inapplicable ; Inapplicable ; Inapplicable ; Pass         ; Inapplicable ; Inapplicable ; Inapplicable ; Inapplicable ; Inapplicable ; Pass      ; Inapplicable ; Inapplicable ;
; PC[20]             ; Inapplicable ; Inapplicable ; Inapplicable ; Inapplicable ; Inapplicable ; Pass      ; Inapplicable ; Inapplicable ; Pass      ; Pass      ; Inapplicable ; Pass         ; Inapplicable ; Inapplicable ; Inapplicable ; Inapplicable ; Pass         ; Inapplicable ; Inapplicable ; Inapplicable ; Inapplicable ; Pass         ; Inapplicable ; Inapplicable ; Inapplicable ; Inapplicable ; Inapplicable ; Pass      ; Inapplicable ; Inapplicable ;
; PC[21]             ; Inapplicable ; Inapplicable ; Inapplicable ; Inapplicable ; Inapplicable ; Pass      ; Inapplicable ; Inapplicable ; Pass      ; Pass      ; Inapplicable ; Pass         ; Inapplicable ; Inapplicable ; Inapplicable ; Inapplicable ; Pass         ; Inapplicable ; Inapplicable ; Inapplicable ; Inapplicable ; Pass         ; Inapplicable ; Inapplicable ; Inapplicable ; Inapplicable ; Inapplicable ; Pass      ; Inapplicable ; Inapplicable ;
; PC[22]             ; Inapplicable ; Inapplicable ; Inapplicable ; Inapplicable ; Inapplicable ; Pass      ; Inapplicable ; Inapplicable ; Pass      ; Pass      ; Inapplicable ; Pass         ; Inapplicable ; Inapplicable ; Inapplicable ; Inapplicable ; Pass         ; Inapplicable ; Inapplicable ; Inapplicable ; Inapplicable ; Pass         ; Inapplicable ; Inapplicable ; Inapplicable ; Inapplicable ; Inapplicable ; Pass      ; Inapplicable ; Inapplicable ;
; PC[23]             ; Inapplicable ; Inapplicable ; Inapplicable ; Inapplicable ; Inapplicable ; Pass      ; Inapplicable ; Inapplicable ; Pass      ; Pass      ; Inapplicable ; Pass         ; Inapplicable ; Inapplicable ; Inapplicable ; Inapplicable ; Pass         ; Inapplicable ; Inapplicable ; Inapplicable ; Inapplicable ; Pass         ; Inapplicable ; Inapplicable ; Inapplicable ; Inapplicable ; Inapplicable ; Pass      ; Inapplicable ; Inapplicable ;
; PC[24]             ; Inapplicable ; Inapplicable ; Inapplicable ; Inapplicable ; Inapplicable ; Pass      ; Inapplicable ; Inapplicable ; Pass      ; Pass      ; Inapplicable ; Pass         ; Inapplicable ; Inapplicable ; Inapplicable ; Inapplicable ; Pass         ; Inapplicable ; Inapplicable ; Inapplicable ; Inapplicable ; Pass         ; Inapplicable ; Inapplicable ; Inapplicable ; Inapplicable ; Inapplicable ; Pass      ; Inapplicable ; Inapplicable ;
; PC[25]             ; Inapplicable ; Inapplicable ; Inapplicable ; Inapplicable ; Inapplicable ; Pass      ; Inapplicable ; Inapplicable ; Pass      ; Pass      ; Inapplicable ; Pass         ; Inapplicable ; Inapplicable ; Inapplicable ; Inapplicable ; Pass         ; Inapplicable ; Inapplicable ; Inapplicable ; Inapplicable ; Pass         ; Inapplicable ; Inapplicable ; Inapplicable ; Inapplicable ; Inapplicable ; Pass      ; Inapplicable ; Inapplicable ;
; PC[26]             ; Inapplicable ; Inapplicable ; Inapplicable ; Inapplicable ; Inapplicable ; Pass      ; Inapplicable ; Inapplicable ; Pass      ; Pass      ; Inapplicable ; Pass         ; Inapplicable ; Inapplicable ; Inapplicable ; Inapplicable ; Pass         ; Inapplicable ; Inapplicable ; Inapplicable ; Inapplicable ; Pass         ; Inapplicable ; Inapplicable ; Inapplicable ; Inapplicable ; Inapplicable ; Pass      ; Inapplicable ; Inapplicable ;
; PC[27]             ; Inapplicable ; Inapplicable ; Inapplicable ; Inapplicable ; Inapplicable ; Pass      ; Inapplicable ; Inapplicable ; Pass      ; Pass      ; Inapplicable ; Pass         ; Inapplicable ; Inapplicable ; Inapplicable ; Inapplicable ; Pass         ; Inapplicable ; Inapplicable ; Inapplicable ; Inapplicable ; Pass         ; Inapplicable ; Inapplicable ; Inapplicable ; Inapplicable ; Inapplicable ; Pass      ; Inapplicable ; Inapplicable ;
; PC[28]             ; Inapplicable ; Inapplicable ; Inapplicable ; Inapplicable ; Inapplicable ; Pass      ; Inapplicable ; Inapplicable ; Pass      ; Pass      ; Inapplicable ; Pass         ; Inapplicable ; Inapplicable ; Inapplicable ; Inapplicable ; Pass         ; Inapplicable ; Inapplicable ; Inapplicable ; Inapplicable ; Pass         ; Inapplicable ; Inapplicable ; Inapplicable ; Inapplicable ; Inapplicable ; Pass      ; Inapplicable ; Inapplicable ;
; PC[29]             ; Inapplicable ; Inapplicable ; Inapplicable ; Inapplicable ; Inapplicable ; Pass      ; Inapplicable ; Inapplicable ; Pass      ; Pass      ; Inapplicable ; Pass         ; Inapplicable ; Inapplicable ; Inapplicable ; Inapplicable ; Pass         ; Inapplicable ; Inapplicable ; Inapplicable ; Inapplicable ; Pass         ; Inapplicable ; Inapplicable ; Inapplicable ; Inapplicable ; Inapplicable ; Pass      ; Inapplicable ; Inapplicable ;
; PC[30]             ; Inapplicable ; Inapplicable ; Inapplicable ; Inapplicable ; Inapplicable ; Pass      ; Inapplicable ; Inapplicable ; Pass      ; Pass      ; Inapplicable ; Pass         ; Inapplicable ; Inapplicable ; Inapplicable ; Inapplicable ; Pass         ; Inapplicable ; Inapplicable ; Inapplicable ; Inapplicable ; Pass         ; Inapplicable ; Inapplicable ; Inapplicable ; Inapplicable ; Inapplicable ; Pass      ; Inapplicable ; Inapplicable ;
; PC[31]             ; Inapplicable ; Inapplicable ; Inapplicable ; Inapplicable ; Inapplicable ; Pass      ; Inapplicable ; Inapplicable ; Pass      ; Pass      ; Inapplicable ; Pass         ; Inapplicable ; Inapplicable ; Inapplicable ; Inapplicable ; Pass         ; Inapplicable ; Inapplicable ; Inapplicable ; Inapplicable ; Pass         ; Inapplicable ; Inapplicable ; Inapplicable ; Inapplicable ; Inapplicable ; Pass      ; Inapplicable ; Inapplicable ;
; Instr[0]           ; Inapplicable ; Inapplicable ; Inapplicable ; Inapplicable ; Inapplicable ; Pass      ; Inapplicable ; Inapplicable ; Pass      ; Pass      ; Inapplicable ; Pass         ; Inapplicable ; Inapplicable ; Inapplicable ; Inapplicable ; Pass         ; Inapplicable ; Inapplicable ; Inapplicable ; Inapplicable ; Pass         ; Inapplicable ; Inapplicable ; Inapplicable ; Inapplicable ; Inapplicable ; Pass      ; Inapplicable ; Inapplicable ;
; Instr[1]           ; Inapplicable ; Inapplicable ; Inapplicable ; Inapplicable ; Inapplicable ; Pass      ; Inapplicable ; Inapplicable ; Pass      ; Pass      ; Inapplicable ; Pass         ; Inapplicable ; Inapplicable ; Inapplicable ; Inapplicable ; Pass         ; Inapplicable ; Inapplicable ; Inapplicable ; Inapplicable ; Pass         ; Inapplicable ; Inapplicable ; Inapplicable ; Inapplicable ; Inapplicable ; Pass      ; Inapplicable ; Inapplicable ;
; Instr[2]           ; Inapplicable ; Inapplicable ; Inapplicable ; Inapplicable ; Inapplicable ; Pass      ; Inapplicable ; Inapplicable ; Pass      ; Pass      ; Inapplicable ; Pass         ; Inapplicable ; Inapplicable ; Inapplicable ; Inapplicable ; Pass         ; Inapplicable ; Inapplicable ; Inapplicable ; Inapplicable ; Pass         ; Inapplicable ; Inapplicable ; Inapplicable ; Inapplicable ; Inapplicable ; Pass      ; Inapplicable ; Inapplicable ;
; Instr[3]           ; Inapplicable ; Inapplicable ; Inapplicable ; Inapplicable ; Inapplicable ; Pass      ; Inapplicable ; Inapplicable ; Pass      ; Pass      ; Inapplicable ; Pass         ; Inapplicable ; Inapplicable ; Inapplicable ; Inapplicable ; Pass         ; Inapplicable ; Inapplicable ; Inapplicable ; Inapplicable ; Pass         ; Inapplicable ; Inapplicable ; Inapplicable ; Inapplicable ; Inapplicable ; Pass      ; Inapplicable ; Inapplicable ;
; Instr[4]           ; Inapplicable ; Inapplicable ; Inapplicable ; Inapplicable ; Inapplicable ; Pass      ; Inapplicable ; Inapplicable ; Pass      ; Pass      ; Inapplicable ; Pass         ; Inapplicable ; Inapplicable ; Inapplicable ; Inapplicable ; Pass         ; Inapplicable ; Inapplicable ; Inapplicable ; Inapplicable ; Pass         ; Inapplicable ; Inapplicable ; Inapplicable ; Inapplicable ; Inapplicable ; Pass      ; Inapplicable ; Inapplicable ;
; Instr[5]           ; Inapplicable ; Inapplicable ; Inapplicable ; Inapplicable ; Inapplicable ; Pass      ; Inapplicable ; Inapplicable ; Pass      ; Pass      ; Inapplicable ; Pass         ; Inapplicable ; Inapplicable ; Inapplicable ; Inapplicable ; Pass         ; Inapplicable ; Inapplicable ; Inapplicable ; Inapplicable ; Pass         ; Inapplicable ; Inapplicable ; Inapplicable ; Inapplicable ; Inapplicable ; Pass      ; Inapplicable ; Inapplicable ;
; Instr[6]           ; Inapplicable ; Inapplicable ; Inapplicable ; Inapplicable ; Inapplicable ; Pass      ; Inapplicable ; Inapplicable ; Pass      ; Pass      ; Inapplicable ; Pass         ; Inapplicable ; Inapplicable ; Inapplicable ; Inapplicable ; Pass         ; Inapplicable ; Inapplicable ; Inapplicable ; Inapplicable ; Pass         ; Inapplicable ; Inapplicable ; Inapplicable ; Inapplicable ; Inapplicable ; Pass      ; Inapplicable ; Inapplicable ;
; Instr[7]           ; Inapplicable ; Inapplicable ; Inapplicable ; Inapplicable ; Inapplicable ; Pass      ; Inapplicable ; Inapplicable ; Pass      ; Pass      ; Inapplicable ; Pass         ; Inapplicable ; Inapplicable ; Inapplicable ; Inapplicable ; Pass         ; Inapplicable ; Inapplicable ; Inapplicable ; Inapplicable ; Pass         ; Inapplicable ; Inapplicable ; Inapplicable ; Inapplicable ; Inapplicable ; Pass      ; Inapplicable ; Inapplicable ;
; Instr[8]           ; Inapplicable ; Inapplicable ; Inapplicable ; Inapplicable ; Inapplicable ; Pass      ; Inapplicable ; Inapplicable ; Pass      ; Pass      ; Inapplicable ; Pass         ; Inapplicable ; Inapplicable ; Inapplicable ; Inapplicable ; Pass         ; Inapplicable ; Inapplicable ; Inapplicable ; Inapplicable ; Pass         ; Inapplicable ; Inapplicable ; Inapplicable ; Inapplicable ; Inapplicable ; Pass      ; Inapplicable ; Inapplicable ;
; Instr[9]           ; Inapplicable ; Inapplicable ; Inapplicable ; Inapplicable ; Inapplicable ; Pass      ; Inapplicable ; Inapplicable ; Pass      ; Pass      ; Inapplicable ; Pass         ; Inapplicable ; Inapplicable ; Inapplicable ; Inapplicable ; Pass         ; Inapplicable ; Inapplicable ; Inapplicable ; Inapplicable ; Pass         ; Inapplicable ; Inapplicable ; Inapplicable ; Inapplicable ; Inapplicable ; Pass      ; Inapplicable ; Inapplicable ;
; Instr[10]          ; Inapplicable ; Inapplicable ; Inapplicable ; Inapplicable ; Inapplicable ; Pass      ; Inapplicable ; Inapplicable ; Pass      ; Pass      ; Inapplicable ; Pass         ; Inapplicable ; Inapplicable ; Inapplicable ; Inapplicable ; Pass         ; Inapplicable ; Inapplicable ; Inapplicable ; Inapplicable ; Pass         ; Inapplicable ; Inapplicable ; Inapplicable ; Inapplicable ; Inapplicable ; Pass      ; Inapplicable ; Inapplicable ;
; Instr[11]          ; Inapplicable ; Inapplicable ; Inapplicable ; Inapplicable ; Inapplicable ; Pass      ; Inapplicable ; Inapplicable ; Pass      ; Pass      ; Inapplicable ; Pass         ; Inapplicable ; Inapplicable ; Inapplicable ; Inapplicable ; Pass         ; Inapplicable ; Inapplicable ; Inapplicable ; Inapplicable ; Pass         ; Inapplicable ; Inapplicable ; Inapplicable ; Inapplicable ; Inapplicable ; Pass      ; Inapplicable ; Inapplicable ;
; Instr[12]          ; Inapplicable ; Inapplicable ; Inapplicable ; Inapplicable ; Inapplicable ; Pass      ; Inapplicable ; Inapplicable ; Pass      ; Pass      ; Inapplicable ; Pass         ; Inapplicable ; Inapplicable ; Inapplicable ; Inapplicable ; Pass         ; Inapplicable ; Inapplicable ; Inapplicable ; Inapplicable ; Pass         ; Inapplicable ; Inapplicable ; Inapplicable ; Inapplicable ; Inapplicable ; Pass      ; Inapplicable ; Inapplicable ;
; Instr[13]          ; Inapplicable ; Inapplicable ; Inapplicable ; Inapplicable ; Inapplicable ; Pass      ; Inapplicable ; Inapplicable ; Pass      ; Pass      ; Inapplicable ; Pass         ; Inapplicable ; Inapplicable ; Inapplicable ; Inapplicable ; Pass         ; Inapplicable ; Inapplicable ; Inapplicable ; Inapplicable ; Pass         ; Inapplicable ; Inapplicable ; Inapplicable ; Inapplicable ; Inapplicable ; Pass      ; Inapplicable ; Inapplicable ;
; Instr[14]          ; Inapplicable ; Inapplicable ; Inapplicable ; Inapplicable ; Inapplicable ; Pass      ; Inapplicable ; Inapplicable ; Pass      ; Pass      ; Inapplicable ; Pass         ; Inapplicable ; Inapplicable ; Inapplicable ; Inapplicable ; Pass         ; Inapplicable ; Inapplicable ; Inapplicable ; Inapplicable ; Pass         ; Inapplicable ; Inapplicable ; Inapplicable ; Inapplicable ; Inapplicable ; Pass      ; Inapplicable ; Inapplicable ;
; Instr[15]          ; Inapplicable ; Inapplicable ; Inapplicable ; Inapplicable ; Inapplicable ; Pass      ; Inapplicable ; Inapplicable ; Pass      ; Pass      ; Inapplicable ; Pass         ; Inapplicable ; Inapplicable ; Inapplicable ; Inapplicable ; Pass         ; Inapplicable ; Inapplicable ; Inapplicable ; Inapplicable ; Pass         ; Inapplicable ; Inapplicable ; Inapplicable ; Inapplicable ; Inapplicable ; Pass      ; Inapplicable ; Inapplicable ;
; Instr[16]          ; Inapplicable ; Inapplicable ; Inapplicable ; Inapplicable ; Inapplicable ; Pass      ; Inapplicable ; Inapplicable ; Pass      ; Pass      ; Inapplicable ; Pass         ; Inapplicable ; Inapplicable ; Inapplicable ; Inapplicable ; Pass         ; Inapplicable ; Inapplicable ; Inapplicable ; Inapplicable ; Pass         ; Inapplicable ; Inapplicable ; Inapplicable ; Inapplicable ; Inapplicable ; Pass      ; Inapplicable ; Inapplicable ;
; Instr[17]          ; Inapplicable ; Inapplicable ; Inapplicable ; Inapplicable ; Inapplicable ; Pass      ; Inapplicable ; Inapplicable ; Pass      ; Pass      ; Inapplicable ; Pass         ; Inapplicable ; Inapplicable ; Inapplicable ; Inapplicable ; Pass         ; Inapplicable ; Inapplicable ; Inapplicable ; Inapplicable ; Pass         ; Inapplicable ; Inapplicable ; Inapplicable ; Inapplicable ; Inapplicable ; Pass      ; Inapplicable ; Inapplicable ;
; Instr[18]          ; Inapplicable ; Inapplicable ; Inapplicable ; Inapplicable ; Inapplicable ; Pass      ; Inapplicable ; Inapplicable ; Pass      ; Pass      ; Inapplicable ; Pass         ; Inapplicable ; Inapplicable ; Inapplicable ; Inapplicable ; Pass         ; Inapplicable ; Inapplicable ; Inapplicable ; Inapplicable ; Pass         ; Inapplicable ; Inapplicable ; Inapplicable ; Inapplicable ; Inapplicable ; Pass      ; Inapplicable ; Inapplicable ;
; Instr[19]          ; Inapplicable ; Inapplicable ; Inapplicable ; Inapplicable ; Inapplicable ; Pass      ; Inapplicable ; Inapplicable ; Pass      ; Pass      ; Inapplicable ; Pass         ; Inapplicable ; Inapplicable ; Inapplicable ; Inapplicable ; Pass         ; Inapplicable ; Inapplicable ; Inapplicable ; Inapplicable ; Pass         ; Inapplicable ; Inapplicable ; Inapplicable ; Inapplicable ; Inapplicable ; Pass      ; Inapplicable ; Inapplicable ;
; Instr[20]          ; Inapplicable ; Inapplicable ; Inapplicable ; Inapplicable ; Inapplicable ; Pass      ; Inapplicable ; Inapplicable ; Pass      ; Pass      ; Inapplicable ; Pass         ; Inapplicable ; Inapplicable ; Inapplicable ; Inapplicable ; Pass         ; Inapplicable ; Inapplicable ; Inapplicable ; Inapplicable ; Pass         ; Inapplicable ; Inapplicable ; Inapplicable ; Inapplicable ; Inapplicable ; Pass      ; Inapplicable ; Inapplicable ;
; Instr[21]          ; Inapplicable ; Inapplicable ; Inapplicable ; Inapplicable ; Inapplicable ; Pass      ; Inapplicable ; Inapplicable ; Pass      ; Pass      ; Inapplicable ; Pass         ; Inapplicable ; Inapplicable ; Inapplicable ; Inapplicable ; Pass         ; Inapplicable ; Inapplicable ; Inapplicable ; Inapplicable ; Pass         ; Inapplicable ; Inapplicable ; Inapplicable ; Inapplicable ; Inapplicable ; Pass      ; Inapplicable ; Inapplicable ;
; Instr[22]          ; Inapplicable ; Inapplicable ; Inapplicable ; Inapplicable ; Inapplicable ; Pass      ; Inapplicable ; Inapplicable ; Pass      ; Pass      ; Inapplicable ; Pass         ; Inapplicable ; Inapplicable ; Inapplicable ; Inapplicable ; Pass         ; Inapplicable ; Inapplicable ; Inapplicable ; Inapplicable ; Pass         ; Inapplicable ; Inapplicable ; Inapplicable ; Inapplicable ; Inapplicable ; Pass      ; Inapplicable ; Inapplicable ;
; Instr[23]          ; Inapplicable ; Inapplicable ; Inapplicable ; Inapplicable ; Inapplicable ; Pass      ; Inapplicable ; Inapplicable ; Pass      ; Pass      ; Inapplicable ; Pass         ; Inapplicable ; Inapplicable ; Inapplicable ; Inapplicable ; Pass         ; Inapplicable ; Inapplicable ; Inapplicable ; Inapplicable ; Pass         ; Inapplicable ; Inapplicable ; Inapplicable ; Inapplicable ; Inapplicable ; Pass      ; Inapplicable ; Inapplicable ;
; Instr[24]          ; Inapplicable ; Inapplicable ; Inapplicable ; Inapplicable ; Inapplicable ; Pass      ; Inapplicable ; Inapplicable ; Pass      ; Pass      ; Inapplicable ; Pass         ; Inapplicable ; Inapplicable ; Inapplicable ; Inapplicable ; Pass         ; Inapplicable ; Inapplicable ; Inapplicable ; Inapplicable ; Pass         ; Inapplicable ; Inapplicable ; Inapplicable ; Inapplicable ; Inapplicable ; Pass      ; Inapplicable ; Inapplicable ;
; Instr[25]          ; Inapplicable ; Inapplicable ; Inapplicable ; Inapplicable ; Inapplicable ; Pass      ; Inapplicable ; Inapplicable ; Pass      ; Pass      ; Inapplicable ; Pass         ; Inapplicable ; Inapplicable ; Inapplicable ; Inapplicable ; Pass         ; Inapplicable ; Inapplicable ; Inapplicable ; Inapplicable ; Pass         ; Inapplicable ; Inapplicable ; Inapplicable ; Inapplicable ; Inapplicable ; Pass      ; Inapplicable ; Inapplicable ;
; Instr[26]          ; Inapplicable ; Inapplicable ; Inapplicable ; Inapplicable ; Inapplicable ; Pass      ; Inapplicable ; Inapplicable ; Pass      ; Pass      ; Inapplicable ; Pass         ; Inapplicable ; Inapplicable ; Inapplicable ; Inapplicable ; Pass         ; Inapplicable ; Inapplicable ; Inapplicable ; Inapplicable ; Pass         ; Inapplicable ; Inapplicable ; Inapplicable ; Inapplicable ; Inapplicable ; Pass      ; Inapplicable ; Inapplicable ;
; Instr[27]          ; Inapplicable ; Inapplicable ; Inapplicable ; Inapplicable ; Inapplicable ; Pass      ; Inapplicable ; Inapplicable ; Pass      ; Pass      ; Inapplicable ; Pass         ; Inapplicable ; Inapplicable ; Inapplicable ; Inapplicable ; Pass         ; Inapplicable ; Inapplicable ; Inapplicable ; Inapplicable ; Pass         ; Inapplicable ; Inapplicable ; Inapplicable ; Inapplicable ; Inapplicable ; Pass      ; Inapplicable ; Inapplicable ;
; Instr[28]          ; Inapplicable ; Inapplicable ; Inapplicable ; Inapplicable ; Inapplicable ; Pass      ; Inapplicable ; Inapplicable ; Pass      ; Pass      ; Inapplicable ; Pass         ; Inapplicable ; Inapplicable ; Inapplicable ; Inapplicable ; Pass         ; Inapplicable ; Inapplicable ; Inapplicable ; Inapplicable ; Pass         ; Inapplicable ; Inapplicable ; Inapplicable ; Inapplicable ; Inapplicable ; Pass      ; Inapplicable ; Inapplicable ;
; Instr[29]          ; Inapplicable ; Inapplicable ; Inapplicable ; Inapplicable ; Inapplicable ; Pass      ; Inapplicable ; Inapplicable ; Pass      ; Pass      ; Inapplicable ; Pass         ; Inapplicable ; Inapplicable ; Inapplicable ; Inapplicable ; Pass         ; Inapplicable ; Inapplicable ; Inapplicable ; Inapplicable ; Pass         ; Inapplicable ; Inapplicable ; Inapplicable ; Inapplicable ; Inapplicable ; Pass      ; Inapplicable ; Inapplicable ;
; Instr[30]          ; Inapplicable ; Inapplicable ; Inapplicable ; Inapplicable ; Inapplicable ; Pass      ; Inapplicable ; Inapplicable ; Pass      ; Pass      ; Inapplicable ; Pass         ; Inapplicable ; Inapplicable ; Inapplicable ; Inapplicable ; Pass         ; Inapplicable ; Inapplicable ; Inapplicable ; Inapplicable ; Pass         ; Inapplicable ; Inapplicable ; Inapplicable ; Inapplicable ; Inapplicable ; Pass      ; Inapplicable ; Inapplicable ;
; Instr[31]          ; Inapplicable ; Inapplicable ; Inapplicable ; Inapplicable ; Inapplicable ; Pass      ; Inapplicable ; Inapplicable ; Pass      ; Pass      ; Inapplicable ; Pass         ; Inapplicable ; Inapplicable ; Inapplicable ; Inapplicable ; Pass         ; Inapplicable ; Inapplicable ; Inapplicable ; Inapplicable ; Pass         ; Inapplicable ; Inapplicable ; Inapplicable ; Inapplicable ; Inapplicable ; Pass      ; Inapplicable ; Inapplicable ;
; Regout[0]          ; Inapplicable ; Inapplicable ; Inapplicable ; Inapplicable ; Inapplicable ; Pass      ; Inapplicable ; Inapplicable ; Pass      ; Pass      ; Inapplicable ; Pass         ; Inapplicable ; Inapplicable ; Inapplicable ; Inapplicable ; Pass         ; Inapplicable ; Inapplicable ; Inapplicable ; Inapplicable ; Pass         ; Inapplicable ; Inapplicable ; Inapplicable ; Inapplicable ; Inapplicable ; Pass      ; Inapplicable ; Inapplicable ;
; Regout[1]          ; Inapplicable ; Inapplicable ; Inapplicable ; Inapplicable ; Inapplicable ; Pass      ; Inapplicable ; Inapplicable ; Pass      ; Pass      ; Inapplicable ; Pass         ; Inapplicable ; Inapplicable ; Inapplicable ; Inapplicable ; Pass         ; Inapplicable ; Inapplicable ; Inapplicable ; Inapplicable ; Pass         ; Inapplicable ; Inapplicable ; Inapplicable ; Inapplicable ; Inapplicable ; Pass      ; Inapplicable ; Inapplicable ;
; Regout[2]          ; Inapplicable ; Inapplicable ; Inapplicable ; Inapplicable ; Inapplicable ; Pass      ; Inapplicable ; Inapplicable ; Pass      ; Pass      ; Inapplicable ; Pass         ; Inapplicable ; Inapplicable ; Inapplicable ; Inapplicable ; Pass         ; Inapplicable ; Inapplicable ; Inapplicable ; Inapplicable ; Pass         ; Inapplicable ; Inapplicable ; Inapplicable ; Inapplicable ; Inapplicable ; Pass      ; Inapplicable ; Inapplicable ;
; Regout[3]          ; Inapplicable ; Inapplicable ; Inapplicable ; Inapplicable ; Inapplicable ; Pass      ; Inapplicable ; Inapplicable ; Pass      ; Pass      ; Inapplicable ; Pass         ; Inapplicable ; Inapplicable ; Inapplicable ; Inapplicable ; Pass         ; Inapplicable ; Inapplicable ; Inapplicable ; Inapplicable ; Pass         ; Inapplicable ; Inapplicable ; Inapplicable ; Inapplicable ; Inapplicable ; Pass      ; Inapplicable ; Inapplicable ;
; Regout[4]          ; Inapplicable ; Inapplicable ; Inapplicable ; Inapplicable ; Inapplicable ; Pass      ; Inapplicable ; Inapplicable ; Pass      ; Pass      ; Inapplicable ; Pass         ; Inapplicable ; Inapplicable ; Inapplicable ; Inapplicable ; Pass         ; Inapplicable ; Inapplicable ; Inapplicable ; Inapplicable ; Pass         ; Inapplicable ; Inapplicable ; Inapplicable ; Inapplicable ; Inapplicable ; Pass      ; Inapplicable ; Inapplicable ;
; Regout[5]          ; Inapplicable ; Inapplicable ; Inapplicable ; Inapplicable ; Inapplicable ; Pass      ; Inapplicable ; Inapplicable ; Pass      ; Pass      ; Inapplicable ; Pass         ; Inapplicable ; Inapplicable ; Inapplicable ; Inapplicable ; Pass         ; Inapplicable ; Inapplicable ; Inapplicable ; Inapplicable ; Pass         ; Inapplicable ; Inapplicable ; Inapplicable ; Inapplicable ; Inapplicable ; Pass      ; Inapplicable ; Inapplicable ;
; Regout[6]          ; Inapplicable ; Inapplicable ; Inapplicable ; Inapplicable ; Inapplicable ; Pass      ; Inapplicable ; Inapplicable ; Pass      ; Pass      ; Inapplicable ; Pass         ; Inapplicable ; Inapplicable ; Inapplicable ; Inapplicable ; Pass         ; Inapplicable ; Inapplicable ; Inapplicable ; Inapplicable ; Pass         ; Inapplicable ; Inapplicable ; Inapplicable ; Inapplicable ; Inapplicable ; Pass      ; Inapplicable ; Inapplicable ;
; Regout[7]          ; Inapplicable ; Inapplicable ; Inapplicable ; Inapplicable ; Inapplicable ; Pass      ; Inapplicable ; Inapplicable ; Pass      ; Pass      ; Inapplicable ; Pass         ; Inapplicable ; Inapplicable ; Inapplicable ; Inapplicable ; Pass         ; Inapplicable ; Inapplicable ; Inapplicable ; Inapplicable ; Pass         ; Inapplicable ; Inapplicable ; Inapplicable ; Inapplicable ; Inapplicable ; Pass      ; Inapplicable ; Inapplicable ;
; Regout[8]          ; Inapplicable ; Inapplicable ; Inapplicable ; Inapplicable ; Inapplicable ; Pass      ; Inapplicable ; Inapplicable ; Pass      ; Pass      ; Inapplicable ; Pass         ; Inapplicable ; Inapplicable ; Inapplicable ; Inapplicable ; Pass         ; Inapplicable ; Inapplicable ; Inapplicable ; Inapplicable ; Pass         ; Inapplicable ; Inapplicable ; Inapplicable ; Inapplicable ; Inapplicable ; Pass      ; Inapplicable ; Inapplicable ;
; Regout[9]          ; Inapplicable ; Inapplicable ; Inapplicable ; Inapplicable ; Inapplicable ; Pass      ; Inapplicable ; Inapplicable ; Pass      ; Pass      ; Inapplicable ; Pass         ; Inapplicable ; Inapplicable ; Inapplicable ; Inapplicable ; Pass         ; Inapplicable ; Inapplicable ; Inapplicable ; Inapplicable ; Pass         ; Inapplicable ; Inapplicable ; Inapplicable ; Inapplicable ; Inapplicable ; Pass      ; Inapplicable ; Inapplicable ;
; Regout[10]         ; Inapplicable ; Inapplicable ; Inapplicable ; Inapplicable ; Inapplicable ; Pass      ; Inapplicable ; Inapplicable ; Pass      ; Pass      ; Inapplicable ; Pass         ; Inapplicable ; Inapplicable ; Inapplicable ; Inapplicable ; Pass         ; Inapplicable ; Inapplicable ; Inapplicable ; Inapplicable ; Pass         ; Inapplicable ; Inapplicable ; Inapplicable ; Inapplicable ; Inapplicable ; Pass      ; Inapplicable ; Inapplicable ;
; Regout[11]         ; Inapplicable ; Inapplicable ; Inapplicable ; Inapplicable ; Inapplicable ; Pass      ; Inapplicable ; Inapplicable ; Pass      ; Pass      ; Inapplicable ; Pass         ; Inapplicable ; Inapplicable ; Inapplicable ; Inapplicable ; Pass         ; Inapplicable ; Inapplicable ; Inapplicable ; Inapplicable ; Pass         ; Inapplicable ; Inapplicable ; Inapplicable ; Inapplicable ; Inapplicable ; Pass      ; Inapplicable ; Inapplicable ;
; Regout[12]         ; Inapplicable ; Inapplicable ; Inapplicable ; Inapplicable ; Inapplicable ; Pass      ; Inapplicable ; Inapplicable ; Pass      ; Pass      ; Inapplicable ; Pass         ; Inapplicable ; Inapplicable ; Inapplicable ; Inapplicable ; Pass         ; Inapplicable ; Inapplicable ; Inapplicable ; Inapplicable ; Pass         ; Inapplicable ; Inapplicable ; Inapplicable ; Inapplicable ; Inapplicable ; Pass      ; Inapplicable ; Inapplicable ;
; Regout[13]         ; Inapplicable ; Inapplicable ; Inapplicable ; Inapplicable ; Inapplicable ; Pass      ; Inapplicable ; Inapplicable ; Pass      ; Pass      ; Inapplicable ; Pass         ; Inapplicable ; Inapplicable ; Inapplicable ; Inapplicable ; Pass         ; Inapplicable ; Inapplicable ; Inapplicable ; Inapplicable ; Pass         ; Inapplicable ; Inapplicable ; Inapplicable ; Inapplicable ; Inapplicable ; Pass      ; Inapplicable ; Inapplicable ;
; Regout[14]         ; Inapplicable ; Inapplicable ; Inapplicable ; Inapplicable ; Inapplicable ; Pass      ; Inapplicable ; Inapplicable ; Pass      ; Pass      ; Inapplicable ; Pass         ; Inapplicable ; Inapplicable ; Inapplicable ; Inapplicable ; Pass         ; Inapplicable ; Inapplicable ; Inapplicable ; Inapplicable ; Pass         ; Inapplicable ; Inapplicable ; Inapplicable ; Inapplicable ; Inapplicable ; Pass      ; Inapplicable ; Inapplicable ;
; Regout[15]         ; Inapplicable ; Inapplicable ; Inapplicable ; Inapplicable ; Inapplicable ; Pass      ; Inapplicable ; Inapplicable ; Pass      ; Pass      ; Inapplicable ; Pass         ; Inapplicable ; Inapplicable ; Inapplicable ; Inapplicable ; Pass         ; Inapplicable ; Inapplicable ; Inapplicable ; Inapplicable ; Pass         ; Inapplicable ; Inapplicable ; Inapplicable ; Inapplicable ; Inapplicable ; Pass      ; Inapplicable ; Inapplicable ;
; Regout[16]         ; Inapplicable ; Inapplicable ; Inapplicable ; Inapplicable ; Inapplicable ; Pass      ; Inapplicable ; Inapplicable ; Pass      ; Pass      ; Inapplicable ; Pass         ; Inapplicable ; Inapplicable ; Inapplicable ; Inapplicable ; Pass         ; Inapplicable ; Inapplicable ; Inapplicable ; Inapplicable ; Pass         ; Inapplicable ; Inapplicable ; Inapplicable ; Inapplicable ; Inapplicable ; Pass      ; Inapplicable ; Inapplicable ;
; Regout[17]         ; Inapplicable ; Inapplicable ; Inapplicable ; Inapplicable ; Inapplicable ; Pass      ; Inapplicable ; Inapplicable ; Pass      ; Pass      ; Inapplicable ; Pass         ; Inapplicable ; Inapplicable ; Inapplicable ; Inapplicable ; Pass         ; Inapplicable ; Inapplicable ; Inapplicable ; Inapplicable ; Pass         ; Inapplicable ; Inapplicable ; Inapplicable ; Inapplicable ; Inapplicable ; Pass      ; Inapplicable ; Inapplicable ;
; Regout[18]         ; Inapplicable ; Inapplicable ; Inapplicable ; Inapplicable ; Inapplicable ; Pass      ; Inapplicable ; Inapplicable ; Pass      ; Pass      ; Inapplicable ; Pass         ; Inapplicable ; Inapplicable ; Inapplicable ; Inapplicable ; Pass         ; Inapplicable ; Inapplicable ; Inapplicable ; Inapplicable ; Pass         ; Inapplicable ; Inapplicable ; Inapplicable ; Inapplicable ; Inapplicable ; Pass      ; Inapplicable ; Inapplicable ;
; Regout[19]         ; Inapplicable ; Inapplicable ; Inapplicable ; Inapplicable ; Inapplicable ; Pass      ; Inapplicable ; Inapplicable ; Pass      ; Pass      ; Inapplicable ; Pass         ; Inapplicable ; Inapplicable ; Inapplicable ; Inapplicable ; Pass         ; Inapplicable ; Inapplicable ; Inapplicable ; Inapplicable ; Pass         ; Inapplicable ; Inapplicable ; Inapplicable ; Inapplicable ; Inapplicable ; Pass      ; Inapplicable ; Inapplicable ;
; Regout[20]         ; Inapplicable ; Inapplicable ; Inapplicable ; Inapplicable ; Inapplicable ; Pass      ; Inapplicable ; Inapplicable ; Pass      ; Pass      ; Inapplicable ; Pass         ; Inapplicable ; Inapplicable ; Inapplicable ; Inapplicable ; Pass         ; Inapplicable ; Inapplicable ; Inapplicable ; Inapplicable ; Pass         ; Inapplicable ; Inapplicable ; Inapplicable ; Inapplicable ; Inapplicable ; Pass      ; Inapplicable ; Inapplicable ;
; Regout[21]         ; Inapplicable ; Inapplicable ; Inapplicable ; Inapplicable ; Inapplicable ; Pass      ; Inapplicable ; Inapplicable ; Pass      ; Pass      ; Inapplicable ; Pass         ; Inapplicable ; Inapplicable ; Inapplicable ; Inapplicable ; Pass         ; Inapplicable ; Inapplicable ; Inapplicable ; Inapplicable ; Pass         ; Inapplicable ; Inapplicable ; Inapplicable ; Inapplicable ; Inapplicable ; Pass      ; Inapplicable ; Inapplicable ;
; Regout[22]         ; Inapplicable ; Inapplicable ; Inapplicable ; Inapplicable ; Inapplicable ; Pass      ; Inapplicable ; Inapplicable ; Pass      ; Pass      ; Inapplicable ; Pass         ; Inapplicable ; Inapplicable ; Inapplicable ; Inapplicable ; Pass         ; Inapplicable ; Inapplicable ; Inapplicable ; Inapplicable ; Pass         ; Inapplicable ; Inapplicable ; Inapplicable ; Inapplicable ; Inapplicable ; Pass      ; Inapplicable ; Inapplicable ;
; Regout[23]         ; Inapplicable ; Inapplicable ; Inapplicable ; Inapplicable ; Inapplicable ; Pass      ; Inapplicable ; Inapplicable ; Pass      ; Pass      ; Inapplicable ; Pass         ; Inapplicable ; Inapplicable ; Inapplicable ; Inapplicable ; Pass         ; Inapplicable ; Inapplicable ; Inapplicable ; Inapplicable ; Pass         ; Inapplicable ; Inapplicable ; Inapplicable ; Inapplicable ; Inapplicable ; Pass      ; Inapplicable ; Inapplicable ;
; Regout[24]         ; Inapplicable ; Inapplicable ; Inapplicable ; Inapplicable ; Inapplicable ; Pass      ; Inapplicable ; Inapplicable ; Pass      ; Pass      ; Inapplicable ; Pass         ; Inapplicable ; Inapplicable ; Inapplicable ; Inapplicable ; Pass         ; Inapplicable ; Inapplicable ; Inapplicable ; Inapplicable ; Pass         ; Inapplicable ; Inapplicable ; Inapplicable ; Inapplicable ; Inapplicable ; Pass      ; Inapplicable ; Inapplicable ;
; Regout[25]         ; Inapplicable ; Inapplicable ; Inapplicable ; Inapplicable ; Inapplicable ; Pass      ; Inapplicable ; Inapplicable ; Pass      ; Pass      ; Inapplicable ; Pass         ; Inapplicable ; Inapplicable ; Inapplicable ; Inapplicable ; Pass         ; Inapplicable ; Inapplicable ; Inapplicable ; Inapplicable ; Pass         ; Inapplicable ; Inapplicable ; Inapplicable ; Inapplicable ; Inapplicable ; Pass      ; Inapplicable ; Inapplicable ;
; Regout[26]         ; Inapplicable ; Inapplicable ; Inapplicable ; Inapplicable ; Inapplicable ; Pass      ; Inapplicable ; Inapplicable ; Pass      ; Pass      ; Inapplicable ; Pass         ; Inapplicable ; Inapplicable ; Inapplicable ; Inapplicable ; Pass         ; Inapplicable ; Inapplicable ; Inapplicable ; Inapplicable ; Pass         ; Inapplicable ; Inapplicable ; Inapplicable ; Inapplicable ; Inapplicable ; Pass      ; Inapplicable ; Inapplicable ;
; Regout[27]         ; Inapplicable ; Inapplicable ; Inapplicable ; Inapplicable ; Inapplicable ; Pass      ; Inapplicable ; Inapplicable ; Pass      ; Pass      ; Inapplicable ; Pass         ; Inapplicable ; Inapplicable ; Inapplicable ; Inapplicable ; Pass         ; Inapplicable ; Inapplicable ; Inapplicable ; Inapplicable ; Pass         ; Inapplicable ; Inapplicable ; Inapplicable ; Inapplicable ; Inapplicable ; Pass      ; Inapplicable ; Inapplicable ;
; Regout[28]         ; Inapplicable ; Inapplicable ; Inapplicable ; Inapplicable ; Inapplicable ; Pass      ; Inapplicable ; Inapplicable ; Pass      ; Pass      ; Inapplicable ; Pass         ; Inapplicable ; Inapplicable ; Inapplicable ; Inapplicable ; Pass         ; Inapplicable ; Inapplicable ; Inapplicable ; Inapplicable ; Pass         ; Inapplicable ; Inapplicable ; Inapplicable ; Inapplicable ; Inapplicable ; Pass      ; Inapplicable ; Inapplicable ;
; Regout[29]         ; Inapplicable ; Inapplicable ; Inapplicable ; Inapplicable ; Inapplicable ; Pass      ; Inapplicable ; Inapplicable ; Pass      ; Pass      ; Inapplicable ; Pass         ; Inapplicable ; Inapplicable ; Inapplicable ; Inapplicable ; Pass         ; Inapplicable ; Inapplicable ; Inapplicable ; Inapplicable ; Pass         ; Inapplicable ; Inapplicable ; Inapplicable ; Inapplicable ; Inapplicable ; Pass      ; Inapplicable ; Inapplicable ;
; Regout[30]         ; Inapplicable ; Inapplicable ; Inapplicable ; Inapplicable ; Inapplicable ; Pass      ; Inapplicable ; Inapplicable ; Pass      ; Pass      ; Inapplicable ; Pass         ; Inapplicable ; Inapplicable ; Inapplicable ; Inapplicable ; Pass         ; Inapplicable ; Inapplicable ; Inapplicable ; Inapplicable ; Pass         ; Inapplicable ; Inapplicable ; Inapplicable ; Inapplicable ; Inapplicable ; Pass      ; Inapplicable ; Inapplicable ;
; Regout[31]         ; Inapplicable ; Inapplicable ; Inapplicable ; Inapplicable ; Inapplicable ; Pass      ; Inapplicable ; Inapplicable ; Pass      ; Pass      ; Inapplicable ; Pass         ; Inapplicable ; Inapplicable ; Inapplicable ; Inapplicable ; Pass         ; Inapplicable ; Inapplicable ; Inapplicable ; Inapplicable ; Pass         ; Inapplicable ; Inapplicable ; Inapplicable ; Inapplicable ; Inapplicable ; Pass      ; Inapplicable ; Inapplicable ;
; Estado[0]          ; Inapplicable ; Inapplicable ; Inapplicable ; Inapplicable ; Inapplicable ; Pass      ; Inapplicable ; Inapplicable ; Pass      ; Pass      ; Inapplicable ; Pass         ; Inapplicable ; Inapplicable ; Inapplicable ; Inapplicable ; Pass         ; Inapplicable ; Inapplicable ; Inapplicable ; Inapplicable ; Pass         ; Inapplicable ; Inapplicable ; Inapplicable ; Inapplicable ; Inapplicable ; Pass      ; Inapplicable ; Inapplicable ;
; Estado[1]          ; Inapplicable ; Inapplicable ; Inapplicable ; Inapplicable ; Inapplicable ; Pass      ; Inapplicable ; Inapplicable ; Pass      ; Pass      ; Inapplicable ; Pass         ; Inapplicable ; Inapplicable ; Inapplicable ; Inapplicable ; Pass         ; Inapplicable ; Inapplicable ; Inapplicable ; Inapplicable ; Pass         ; Inapplicable ; Inapplicable ; Inapplicable ; Inapplicable ; Inapplicable ; Pass      ; Inapplicable ; Inapplicable ;
; Estado[2]          ; Inapplicable ; Inapplicable ; Inapplicable ; Inapplicable ; Inapplicable ; Pass      ; Inapplicable ; Inapplicable ; Pass      ; Pass      ; Inapplicable ; Pass         ; Inapplicable ; Inapplicable ; Inapplicable ; Inapplicable ; Pass         ; Inapplicable ; Inapplicable ; Inapplicable ; Inapplicable ; Pass         ; Inapplicable ; Inapplicable ; Inapplicable ; Inapplicable ; Inapplicable ; Pass      ; Inapplicable ; Inapplicable ;
; Estado[3]          ; Inapplicable ; Inapplicable ; Inapplicable ; Inapplicable ; Inapplicable ; Pass      ; Inapplicable ; Inapplicable ; Pass      ; Pass      ; Inapplicable ; Pass         ; Inapplicable ; Inapplicable ; Inapplicable ; Inapplicable ; Pass         ; Inapplicable ; Inapplicable ; Inapplicable ; Inapplicable ; Pass         ; Inapplicable ; Inapplicable ; Inapplicable ; Inapplicable ; Inapplicable ; Pass      ; Inapplicable ; Inapplicable ;
; Regin[3]           ; Inapplicable ; Inapplicable ; Inapplicable ; Inapplicable ; Inapplicable ; Pass      ; Inapplicable ; Inapplicable ; Pass      ; Pass      ; Inapplicable ; Inapplicable ; Inapplicable ; Inapplicable ; Pass         ; Inapplicable ; Inapplicable ; Pass         ; Inapplicable ; Inapplicable ; Inapplicable ; Inapplicable ; Inapplicable ; Inapplicable ; Inapplicable ; Inapplicable ; Inapplicable ; Pass      ; Inapplicable ; Inapplicable ;
; Regin[2]           ; Inapplicable ; Inapplicable ; Inapplicable ; Inapplicable ; Inapplicable ; Pass      ; Inapplicable ; Inapplicable ; Pass      ; Pass      ; Inapplicable ; Inapplicable ; Inapplicable ; Inapplicable ; Pass         ; Inapplicable ; Inapplicable ; Pass         ; Inapplicable ; Inapplicable ; Inapplicable ; Inapplicable ; Inapplicable ; Inapplicable ; Inapplicable ; Inapplicable ; Inapplicable ; Pass      ; Inapplicable ; Inapplicable ;
; Regin[0]           ; Inapplicable ; Inapplicable ; Inapplicable ; Inapplicable ; Inapplicable ; Pass      ; Inapplicable ; Inapplicable ; Pass      ; Pass      ; Inapplicable ; Inapplicable ; Inapplicable ; Inapplicable ; Pass         ; Inapplicable ; Inapplicable ; Pass         ; Inapplicable ; Inapplicable ; Inapplicable ; Inapplicable ; Inapplicable ; Inapplicable ; Inapplicable ; Inapplicable ; Inapplicable ; Pass      ; Inapplicable ; Inapplicable ;
; Regin[1]           ; Inapplicable ; Inapplicable ; Inapplicable ; Inapplicable ; Inapplicable ; Pass      ; Inapplicable ; Inapplicable ; Pass      ; Pass      ; Inapplicable ; Inapplicable ; Inapplicable ; Inapplicable ; Pass         ; Inapplicable ; Inapplicable ; Pass         ; Inapplicable ; Inapplicable ; Inapplicable ; Inapplicable ; Inapplicable ; Inapplicable ; Inapplicable ; Inapplicable ; Inapplicable ; Pass      ; Inapplicable ; Inapplicable ;
; Regin[4]           ; Inapplicable ; Inapplicable ; Inapplicable ; Inapplicable ; Inapplicable ; Pass      ; Inapplicable ; Inapplicable ; Pass      ; Pass      ; Inapplicable ; Inapplicable ; Inapplicable ; Inapplicable ; Pass         ; Inapplicable ; Inapplicable ; Pass         ; Inapplicable ; Inapplicable ; Inapplicable ; Inapplicable ; Inapplicable ; Inapplicable ; Inapplicable ; Inapplicable ; Inapplicable ; Pass      ; Inapplicable ; Inapplicable ;
; CLOCK              ; Inapplicable ; Inapplicable ; Inapplicable ; Inapplicable ; Inapplicable ; Pass      ; Inapplicable ; Inapplicable ; Pass      ; Pass      ; Inapplicable ; Inapplicable ; Inapplicable ; Inapplicable ; Pass         ; Inapplicable ; Inapplicable ; Pass         ; Inapplicable ; Inapplicable ; Inapplicable ; Inapplicable ; Inapplicable ; Inapplicable ; Inapplicable ; Inapplicable ; Inapplicable ; Pass      ; Inapplicable ; Inapplicable ;
; Reset              ; Inapplicable ; Inapplicable ; Inapplicable ; Inapplicable ; Inapplicable ; Pass      ; Inapplicable ; Inapplicable ; Pass      ; Pass      ; Inapplicable ; Inapplicable ; Inapplicable ; Inapplicable ; Pass         ; Inapplicable ; Inapplicable ; Pass         ; Inapplicable ; Inapplicable ; Inapplicable ; Inapplicable ; Inapplicable ; Inapplicable ; Inapplicable ; Inapplicable ; Inapplicable ; Pass      ; Inapplicable ; Inapplicable ;
+--------------------+--------------+--------------+--------------+--------------+--------------+-----------+--------------+--------------+-----------+-----------+--------------+--------------+--------------+--------------+--------------+--------------+--------------+--------------+--------------+--------------+--------------+--------------+--------------+--------------+--------------+--------------+--------------+-----------+--------------+--------------+


+---------------------------------------------------------------------------------------------+
; Fitter Device Options                                                                       ;
+------------------------------------------------------------------+--------------------------+
; Option                                                           ; Setting                  ;
+------------------------------------------------------------------+--------------------------+
; Enable user-supplied start-up clock (CLKUSR)                     ; Off                      ;
; Enable device-wide reset (DEV_CLRn)                              ; Off                      ;
; Enable device-wide output enable (DEV_OE)                        ; Off                      ;
; Enable INIT_DONE output                                          ; Off                      ;
; Configuration scheme                                             ; Active Serial            ;
; Error detection CRC                                              ; Off                      ;
; Enable open drain on CRC_ERROR pin                               ; Off                      ;
; Enable input tri-state on active configuration pins in user mode ; Off                      ;
; Configuration Voltage Level                                      ; Auto                     ;
; Force Configuration Voltage Level                                ; Off                      ;
; nCEO                                                             ; As output driving ground ;
; Data[0]                                                          ; As input tri-stated      ;
; Data[1]/ASDO                                                     ; As input tri-stated      ;
; Data[7..2]                                                       ; Unreserved               ;
; FLASH_nCE/nCSO                                                   ; As input tri-stated      ;
; Other Active Parallel pins                                       ; Unreserved               ;
; DCLK                                                             ; As output driving ground ;
+------------------------------------------------------------------+--------------------------+


+------------------------------------+
; Operating Settings and Conditions  ;
+---------------------------+--------+
; Setting                   ; Value  ;
+---------------------------+--------+
; Nominal Core Voltage      ; 1.20 V ;
; Low Junction Temperature  ; 0 °C   ;
; High Junction Temperature ; 85 °C  ;
+---------------------------+--------+


+------------------------------------------------------------+
; Estimated Delay Added for Hold Timing Summary              ;
+-----------------+----------------------+-------------------+
; Source Clock(s) ; Destination Clock(s) ; Delay Added in ns ;
+-----------------+----------------------+-------------------+
; CLOCK           ; CLOCK                ; 2.3               ;
+-----------------+----------------------+-------------------+
Note: For more information on problematic transfers, consider running the Fitter again with the Optimize hold timing option (Settings Menu) turned off.
This will disable optimization of problematic paths and expose them for further analysis using the Timing Analyzer.


+--------------------------------------------------------------+
; Estimated Delay Added for Hold Timing Details                ;
+-------------------+----------------------+-------------------+
; Source Register   ; Destination Register ; Delay Added in ns ;
+-------------------+----------------------+-------------------+
; ClockDIV_internal ; ClockDIV_internal    ; 2.327             ;
+-------------------+----------------------+-------------------+
Note: This table only shows the top 1 path(s) that have the largest delay added for hold.


+-----------------+
; Fitter Messages ;
+-----------------+
Warning (18236): Number of processors has not been specified which may cause overloading on shared machines.  Set the global assignment NUM_PARALLEL_PROCESSORS in your QSF to an appropriate value for best performance.
Info (20030): Parallel compilation is enabled and will use 12 of the 12 processors detected
Info (119004): Automatically selected device EP4CE6F17C6 for design riscv
Info (119005): Fitting design with smaller device may be possible, but smaller device must be specified
Info (21076): High junction temperature operating condition is not set. Assuming a default value of '85'.
Info (21076): Low junction temperature operating condition is not set. Assuming a default value of '0'.
Warning (18550): Found RAM instances implemented as ROM because the write logic is disabled. One instance is listed below as an example.
    Info (119043): Atom "Uniciclo:UNI1|ramI:MemC|altsyncram:altsyncram_component|altsyncram_s9s3:auto_generated|ram_block1a0" is instantiated as RAM, but it is actually implemented as ROM function because the write logic is always disabled
Info (171003): Fitter is performing an Auto Fit compilation, which may decrease Fitter effort to reduce compilation time
Warning (292013): Feature LogicLock is only available with a valid subscription license. You can purchase a software subscription to gain full access to this feature.
Info (176444): Device migration not selected. If you intend to use device migration later, you may need to change the pin assignments as they may be incompatible with other devices
    Info (176445): Device EP4CE10F17C6 is compatible
    Info (176445): Device EP4CE15F17C6 is compatible
    Info (176445): Device EP4CE22F17C6 is compatible
Info (169124): Fitter converted 5 user pins into dedicated programming pins
    Info (169125): Pin ~ALTERA_ASDO_DATA1~ is reserved at location C1
    Info (169125): Pin ~ALTERA_FLASH_nCE_nCSO~ is reserved at location D2
    Info (169125): Pin ~ALTERA_DCLK~ is reserved at location H1
    Info (169125): Pin ~ALTERA_DATA0~ is reserved at location H2
    Info (169125): Pin ~ALTERA_nCEO~ is reserved at location F16
Warning (15714): Some pins have incomplete I/O assignments. Refer to the I/O Assignment Warnings report for details
Info (176045): Design uses memory blocks. Violating setup or hold times of memory block address registers for either read or write operations could cause memory contents to be corrupted. Make sure that all memory block address registers meet the setup and hold time requirements.
Critical Warning (169085): No exact pin location assignment(s) for 108 pins of 108 total pins. For the list of pins please refer to the I/O Assignment Warnings table in the fitter report.
Critical Warning (332012): Synopsys Design Constraints File file not found: 'riscv.sdc'. A Synopsys Design Constraints File is required by the Timing Analyzer to get proper timing constraints. Without it, the Compiler will not properly optimize the design.
Info (332144): No user constrained base clocks found in the design
Info (332143): No user constrained clock uncertainty found in the design. Calling "derive_clock_uncertainty"
Info (332123): Deriving Clock Uncertainty. Please refer to report_sdc in the Timing Analyzer to see clock uncertainties.
Info (332130): Timing requirements not specified -- quality metrics such as performance may be sacrificed to reduce compilation time.
Info (176353): Automatically promoted node CLOCK~input (placed in PIN E1 (CLK1, DIFFCLK_0n)) File: C:/tempOAC/riscv_restored/TopDE.vhd Line: 8
    Info (176355): Automatically promoted destinations to use location or clock signal Global Clock CLKCTRL_G2
Info (176353): Automatically promoted node ClockDIV_internal  File: C:/tempOAC/riscv_restored/TopDE.vhd Line: 20
    Info (176355): Automatically promoted destinations to use location or clock signal Global Clock
    Info (176356): Following destination nodes may be non-global or may not use global or regional clocks
        Info (176357): Destination node ClockDIV_internal~0 File: C:/tempOAC/riscv_restored/TopDE.vhd Line: 20
        Info (176357): Destination node ClockDIV~output File: C:/tempOAC/riscv_restored/TopDE.vhd Line: 11
Info (176353): Automatically promoted node Reset~input (placed in PIN M2 (CLK2, DIFFCLK_1p)) File: C:/tempOAC/riscv_restored/TopDE.vhd Line: 9
    Info (176355): Automatically promoted destinations to use location or clock signal Global Clock CLKCTRL_G4
Info (176233): Starting register packing
Info (176235): Finished register packing
    Extra Info (176219): No registers were packed into other blocks
Info (176214): Statistics of I/O pins that need to be placed that use the same VCCIO and VREF, before I/O pin placement
    Info (176211): Number of I/O pins in group: 106 (unused VREF, 2.5V VCCIO, 5 input, 101 output, 0 bidirectional)
        Info (176212): I/O standards used: 2.5 V.
Info (176215): I/O bank details before I/O pin placement
    Info (176214): Statistics of I/O banks
        Info (176213): I/O bank number 1 does not use VREF pins and has undetermined VCCIO pins. 5 total pin(s) used --  12 pins available
        Info (176213): I/O bank number 2 does not use VREF pins and has undetermined VCCIO pins. 1 total pin(s) used --  18 pins available
        Info (176213): I/O bank number 3 does not use VREF pins and has undetermined VCCIO pins. 0 total pin(s) used --  26 pins available
        Info (176213): I/O bank number 4 does not use VREF pins and has undetermined VCCIO pins. 0 total pin(s) used --  27 pins available
        Info (176213): I/O bank number 5 does not use VREF pins and has undetermined VCCIO pins. 0 total pin(s) used --  25 pins available
        Info (176213): I/O bank number 6 does not use VREF pins and has undetermined VCCIO pins. 1 total pin(s) used --  13 pins available
        Info (176213): I/O bank number 7 does not use VREF pins and has undetermined VCCIO pins. 0 total pin(s) used --  26 pins available
        Info (176213): I/O bank number 8 does not use VREF pins and has undetermined VCCIO pins. 0 total pin(s) used --  26 pins available
Info (171121): Fitter preparation operations ending: elapsed time is 00:00:01
Info (14896): Fitter has disabled Advanced Physical Optimization because it is not supported for the current family.
Info (170189): Fitter placement preparation operations beginning
Info (170190): Fitter placement preparation operations ending: elapsed time is 00:00:00
Info (170191): Fitter placement operations beginning
Info (170137): Fitter placement was successful
Info (170192): Fitter placement operations ending: elapsed time is 00:00:05
Info (170193): Fitter routing operations beginning
Info (170195): Router estimated average interconnect usage is 16% of the available device resources
    Info (170196): Router estimated peak interconnect usage is 36% of the available device resources in the region that extends from location X11_Y12 to location X22_Y24
Info (170199): The Fitter performed an Auto Fit compilation.  Optimizations were skipped to reduce compilation time.
    Info (170201): Optimizations that may affect the design's routability were skipped
Info (170194): Fitter routing operations ending: elapsed time is 00:00:11
Info (11888): Total time spent on timing analysis during the Fitter is 2.07 seconds.
Info (334003): Started post-fitting delay annotation
Info (334004): Delay annotation completed successfully
Info (334003): Started post-fitting delay annotation
Info (334004): Delay annotation completed successfully
Info (11218): Fitter post-fit operations ending: elapsed time is 00:00:01
Info (144001): Generated suppressed messages file C:/tempOAC/riscv_restored/output_files/riscv.fit.smsg
Info: Quartus Prime Fitter was successful. 0 errors, 6 warnings
    Info: Peak virtual memory: 6164 megabytes
    Info: Processing ended: Sun Jun  8 16:42:29 2025
    Info: Elapsed time: 00:00:21
    Info: Total CPU time (on all processors): 00:00:33


+----------------------------+
; Fitter Suppressed Messages ;
+----------------------------+
The suppressed messages can be found in C:/tempOAC/riscv_restored/output_files/riscv.fit.smsg.


