Timing Analyzer report for riscv
Sun Jun  8 16:42:33 2025
Quartus Prime Version 24.1std.0 Build 1077 03/04/2025 SC Lite Edition


---------------------
; Table of Contents ;
---------------------
  1. Legal Notice
  2. Timing Analyzer Summary
  3. Parallel Compilation
  4. Clocks
  5. Slow 1200mV 85C Model Fmax Summary
  6. Timing Closure Recommendations
  7. Slow 1200mV 85C Model Setup Summary
  8. Slow 1200mV 85C Model Hold Summary
  9. Slow 1200mV 85C Model Recovery Summary
 10. Slow 1200mV 85C Model Removal Summary
 11. Slow 1200mV 85C Model Minimum Pulse Width Summary
 12. Slow 1200mV 85C Model Setup: 'ClockDIV_internal'
 13. Slow 1200mV 85C Model Setup: 'CLOCK'
 14. Slow 1200mV 85C Model Hold: 'ClockDIV_internal'
 15. Slow 1200mV 85C Model Hold: 'CLOCK'
 16. Slow 1200mV 85C Model Metastability Summary
 17. Slow 1200mV 0C Model Fmax Summary
 18. Slow 1200mV 0C Model Setup Summary
 19. Slow 1200mV 0C Model Hold Summary
 20. Slow 1200mV 0C Model Recovery Summary
 21. Slow 1200mV 0C Model Removal Summary
 22. Slow 1200mV 0C Model Minimum Pulse Width Summary
 23. Slow 1200mV 0C Model Setup: 'ClockDIV_internal'
 24. Slow 1200mV 0C Model Setup: 'CLOCK'
 25. Slow 1200mV 0C Model Hold: 'ClockDIV_internal'
 26. Slow 1200mV 0C Model Hold: 'CLOCK'
 27. Slow 1200mV 0C Model Metastability Summary
 28. Fast 1200mV 0C Model Setup Summary
 29. Fast 1200mV 0C Model Hold Summary
 30. Fast 1200mV 0C Model Recovery Summary
 31. Fast 1200mV 0C Model Removal Summary
 32. Fast 1200mV 0C Model Minimum Pulse Width Summary
 33. Fast 1200mV 0C Model Setup: 'ClockDIV_internal'
 34. Fast 1200mV 0C Model Setup: 'CLOCK'
 35. Fast 1200mV 0C Model Hold: 'ClockDIV_internal'
 36. Fast 1200mV 0C Model Hold: 'CLOCK'
 37. Fast 1200mV 0C Model Metastability Summary
 38. Multicorner Timing Analysis Summary
 39. Board Trace Model Assignments
 40. Input Transition Times
 41. Signal Integrity Metrics (Slow 1200mv 0c Model)
 42. Signal Integrity Metrics (Slow 1200mv 85c Model)
 43. Signal Integrity Metrics (Fast 1200mv 0c Model)
 44. Setup Transfers
 45. Hold Transfers
 46. Report TCCS
 47. Report RSKM
 48. Unconstrained Paths Summary
 49. Clock Status Summary
 50. Unconstrained Input Ports
 51. Unconstrained Output Ports
 52. Unconstrained Input Ports
 53. Unconstrained Output Ports
 54. Timing Analyzer Messages



----------------
; Legal Notice ;
----------------
Copyright (C) 2025  Altera Corporation. All rights reserved.
Your use of Altera Corporation's design tools, logic functions 
and other software and tools, and any partner logic 
functions, and any output files from any of the foregoing 
(including device programming or simulation files), and any 
associated documentation or information are expressly subject 
to the terms and conditions of the Altera Program License 
Subscription Agreement, the Altera Quartus Prime License Agreement,
the Altera IP License Agreement, or other applicable license
agreement, including, without limitation, that your use is for
the sole purpose of programming logic devices manufactured by
Altera and sold by Altera or its authorized distributors.  Please
refer to the Altera Software License Subscription Agreements 
on the Quartus Prime software download page.



+---------------------------------------------------------------------------------+
; Timing Analyzer Summary                                                         ;
+-----------------------+---------------------------------------------------------+
; Quartus Prime Version ; Version 24.1std.0 Build 1077 03/04/2025 SC Lite Edition ;
; Timing Analyzer       ; Legacy Timing Analyzer                                  ;
; Revision Name         ; riscv                                                   ;
; Device Family         ; Cyclone IV E                                            ;
; Device Name           ; EP4CE6F17C6                                             ;
; Timing Models         ; Final                                                   ;
; Delay Model           ; Combined                                                ;
; Rise/Fall Delays      ; Enabled                                                 ;
+-----------------------+---------------------------------------------------------+


+------------------------------------------+
; Parallel Compilation                     ;
+----------------------------+-------------+
; Processors                 ; Number      ;
+----------------------------+-------------+
; Number detected on machine ; 12          ;
; Maximum allowed            ; 12          ;
;                            ;             ;
; Average used               ; 1.53        ;
; Maximum used               ; 12          ;
;                            ;             ;
; Usage by Processor         ; % Time Used ;
;     Processor 1            ; 100.0%      ;
;     Processor 2            ;  17.9%      ;
;     Processor 3            ;   5.0%      ;
;     Processor 4            ;   4.0%      ;
;     Processors 5-12        ;   3.3%      ;
+----------------------------+-------------+


+------------------------------------------------------------------------------------------------------------------------------------------------------------------------------------------------------+
; Clocks                                                                                                                                                                                               ;
+-------------------+------+--------+------------+-------+-------+------------+-----------+-------------+-------+--------+-----------+------------+----------+--------+--------+-----------------------+
; Clock Name        ; Type ; Period ; Frequency  ; Rise  ; Fall  ; Duty Cycle ; Divide by ; Multiply by ; Phase ; Offset ; Edge List ; Edge Shift ; Inverted ; Master ; Source ; Targets               ;
+-------------------+------+--------+------------+-------+-------+------------+-----------+-------------+-------+--------+-----------+------------+----------+--------+--------+-----------------------+
; CLOCK             ; Base ; 1.000  ; 1000.0 MHz ; 0.000 ; 0.500 ;            ;           ;             ;       ;        ;           ;            ;          ;        ;        ; { CLOCK }             ;
; ClockDIV_internal ; Base ; 1.000  ; 1000.0 MHz ; 0.000 ; 0.500 ;            ;           ;             ;       ;        ;           ;            ;          ;        ;        ; { ClockDIV_internal } ;
+-------------------+------+--------+------------+-------+-------+------------+-----------+-------------+-------+--------+-----------+------------+----------+--------+--------+-----------------------+


+--------------------------------------------------------+
; Slow 1200mV 85C Model Fmax Summary                     ;
+-----------+-----------------+-------------------+------+
; Fmax      ; Restricted Fmax ; Clock Name        ; Note ;
+-----------+-----------------+-------------------+------+
; 83.56 MHz ; 83.56 MHz       ; CLOCK             ;      ;
; 86.75 MHz ; 86.75 MHz       ; ClockDIV_internal ;      ;
+-----------+-----------------+-------------------+------+
This panel reports FMAX for every clock in the design, regardless of the user-specified clock periods.  FMAX is only computed for paths where the source and destination registers or ports are driven by the same clock.  Paths of different clocks, including generated clocks, are ignored.  For paths between a clock and its inversion, FMAX is computed as if the rising and falling edges are scaled along with FMAX, such that the duty cycle (in terms of a percentage) is maintained. Altera recommends that you always use clock constraints and other slack reports for sign-off analysis.


----------------------------------
; Timing Closure Recommendations ;
----------------------------------
HTML report is unavailable in plain text report export.


+---------------------------------------------+
; Slow 1200mV 85C Model Setup Summary         ;
+-------------------+---------+---------------+
; Clock             ; Slack   ; End Point TNS ;
+-------------------+---------+---------------+
; ClockDIV_internal ; -14.326 ; -13298.114    ;
; CLOCK             ; -10.968 ; -97.540       ;
+-------------------+---------+---------------+


+-------------------------------------------+
; Slow 1200mV 85C Model Hold Summary        ;
+-------------------+-------+---------------+
; Clock             ; Slack ; End Point TNS ;
+-------------------+-------+---------------+
; ClockDIV_internal ; 0.355 ; 0.000         ;
; CLOCK             ; 0.466 ; 0.000         ;
+-------------------+-------+---------------+


------------------------------------------
; Slow 1200mV 85C Model Recovery Summary ;
------------------------------------------
No paths to report.


-----------------------------------------
; Slow 1200mV 85C Model Removal Summary ;
-----------------------------------------
No paths to report.


+---------------------------------------------------+
; Slow 1200mV 85C Model Minimum Pulse Width Summary ;
+-------------------+--------+----------------------+
; Clock             ; Slack  ; End Point TNS        ;
+-------------------+--------+----------------------+
; CLOCK             ; -3.000 ; -47.480              ;
; ClockDIV_internal ; -1.000 ; -1024.000            ;
+-------------------+--------+----------------------+


+----------------------------------------------------------------------------------------------------------------------------------------------------------------------------------------------------------------------------------------------------------+
; Slow 1200mV 85C Model Setup: 'ClockDIV_internal'                                                                                                                                                                                                         ;
+---------+-------------------------------------------------------------------------------------------------------------------------+------------------------------------------+--------------+-------------------+--------------+------------+------------+
; Slack   ; From Node                                                                                                               ; To Node                                  ; Launch Clock ; Latch Clock       ; Relationship ; Clock Skew ; Data Delay ;
+---------+-------------------------------------------------------------------------------------------------------------------------+------------------------------------------+--------------+-------------------+--------------+------------+------------+
; -14.326 ; Uniciclo:UNI1|ramI:MemC|altsyncram:altsyncram_component|altsyncram_s9s3:auto_generated|ram_block1a18~porta_address_reg0 ; Uniciclo:UNI1|xregs:Regs1|xreg32[26][20] ; CLOCK        ; ClockDIV_internal ; 0.500        ; -0.498     ; 14.313     ;
; -14.199 ; Uniciclo:UNI1|ramI:MemC|altsyncram:altsyncram_component|altsyncram_s9s3:auto_generated|ram_block1a18~porta_address_reg0 ; Uniciclo:UNI1|xregs:Regs1|xreg32[30][22] ; CLOCK        ; ClockDIV_internal ; 0.500        ; -0.498     ; 14.186     ;
; -14.181 ; Uniciclo:UNI1|ramI:MemC|altsyncram:altsyncram_component|altsyncram_s9s3:auto_generated|ram_block1a9~porta_address_reg0  ; Uniciclo:UNI1|xregs:Regs1|xreg32[26][20] ; CLOCK        ; ClockDIV_internal ; 0.500        ; -0.501     ; 14.165     ;
; -14.081 ; Uniciclo:UNI1|ramI:MemC|altsyncram:altsyncram_component|altsyncram_s9s3:auto_generated|ram_block1a18~porta_address_reg0 ; Uniciclo:UNI1|xregs:Regs1|xreg32[18][18] ; CLOCK        ; ClockDIV_internal ; 0.500        ; -0.495     ; 14.071     ;
; -14.077 ; Uniciclo:UNI1|ramI:MemC|altsyncram:altsyncram_component|altsyncram_s9s3:auto_generated|ram_block1a18~porta_address_reg0 ; Uniciclo:UNI1|xregs:Regs1|xreg32[26][28] ; CLOCK        ; ClockDIV_internal ; 0.500        ; -0.498     ; 14.064     ;
; -14.039 ; Uniciclo:UNI1|ramI:MemC|altsyncram:altsyncram_component|altsyncram_s9s3:auto_generated|ram_block1a18~porta_address_reg0 ; Uniciclo:UNI1|xregs:Regs1|xreg32[26][23] ; CLOCK        ; ClockDIV_internal ; 0.500        ; -0.482     ; 14.042     ;
; -14.036 ; Uniciclo:UNI1|ramI:MemC|altsyncram:altsyncram_component|altsyncram_s9s3:auto_generated|ram_block1a18~porta_address_reg0 ; Uniciclo:UNI1|xregs:Regs1|xreg32[18][23] ; CLOCK        ; ClockDIV_internal ; 0.500        ; -0.482     ; 14.039     ;
; -14.020 ; Uniciclo:UNI1|ramI:MemC|altsyncram:altsyncram_component|altsyncram_s9s3:auto_generated|ram_block1a9~porta_address_reg0  ; Uniciclo:UNI1|xregs:Regs1|xreg32[26][23] ; CLOCK        ; ClockDIV_internal ; 0.500        ; -0.485     ; 14.020     ;
; -14.017 ; Uniciclo:UNI1|ramI:MemC|altsyncram:altsyncram_component|altsyncram_s9s3:auto_generated|ram_block1a9~porta_address_reg0  ; Uniciclo:UNI1|xregs:Regs1|xreg32[18][23] ; CLOCK        ; ClockDIV_internal ; 0.500        ; -0.485     ; 14.017     ;
; -14.005 ; Uniciclo:UNI1|ramI:MemC|altsyncram:altsyncram_component|altsyncram_s9s3:auto_generated|ram_block1a9~porta_address_reg0  ; Uniciclo:UNI1|xregs:Regs1|xreg32[30][22] ; CLOCK        ; ClockDIV_internal ; 0.500        ; -0.501     ; 13.989     ;
; -14.003 ; Uniciclo:UNI1|ramI:MemC|altsyncram:altsyncram_component|altsyncram_s9s3:auto_generated|ram_block1a18~porta_address_reg0 ; Uniciclo:UNI1|xregs:Regs1|xreg32[18][20] ; CLOCK        ; ClockDIV_internal ; 0.500        ; -0.175     ; 14.313     ;
; -13.984 ; Uniciclo:UNI1|ramI:MemC|altsyncram:altsyncram_component|altsyncram_s9s3:auto_generated|ram_block1a18~porta_address_reg0 ; Uniciclo:UNI1|xregs:Regs1|xreg32[20][22] ; CLOCK        ; ClockDIV_internal ; 0.500        ; -0.162     ; 14.307     ;
; -13.983 ; Uniciclo:UNI1|ramI:MemC|altsyncram:altsyncram_component|altsyncram_s9s3:auto_generated|ram_block1a18~porta_address_reg0 ; Uniciclo:UNI1|xregs:Regs1|xreg32[22][25] ; CLOCK        ; ClockDIV_internal ; 0.500        ; -0.507     ; 13.961     ;
; -13.964 ; Uniciclo:UNI1|ramI:MemC|altsyncram:altsyncram_component|altsyncram_s9s3:auto_generated|ram_block1a18~porta_address_reg0 ; Uniciclo:UNI1|xregs:Regs1|xreg32[23][21] ; CLOCK        ; ClockDIV_internal ; 0.500        ; -0.494     ; 13.955     ;
; -13.964 ; Uniciclo:UNI1|ramI:MemC|altsyncram:altsyncram_component|altsyncram_s9s3:auto_generated|ram_block1a9~porta_address_reg0  ; Uniciclo:UNI1|xregs:Regs1|xreg32[22][25] ; CLOCK        ; ClockDIV_internal ; 0.500        ; -0.510     ; 13.939     ;
; -13.948 ; Uniciclo:UNI1|ramI:MemC|altsyncram:altsyncram_component|altsyncram_s9s3:auto_generated|ram_block1a18~porta_address_reg0 ; Uniciclo:UNI1|xregs:Regs1|xreg32[18][25] ; CLOCK        ; ClockDIV_internal ; 0.500        ; -0.482     ; 13.951     ;
; -13.947 ; Uniciclo:UNI1|ramI:MemC|altsyncram:altsyncram_component|altsyncram_s9s3:auto_generated|ram_block1a18~porta_address_reg0 ; Uniciclo:UNI1|xregs:Regs1|xreg32[26][25] ; CLOCK        ; ClockDIV_internal ; 0.500        ; -0.482     ; 13.950     ;
; -13.947 ; Uniciclo:UNI1|ramI:MemC|altsyncram:altsyncram_component|altsyncram_s9s3:auto_generated|ram_block1a18~porta_address_reg0 ; Uniciclo:UNI1|xregs:Regs1|xreg32[30][19] ; CLOCK        ; ClockDIV_internal ; 0.500        ; -0.498     ; 13.934     ;
; -13.946 ; Uniciclo:UNI1|ramI:MemC|altsyncram:altsyncram_component|altsyncram_s9s3:auto_generated|ram_block1a18~porta_address_reg0 ; Uniciclo:UNI1|xregs:Regs1|xreg32[26][22] ; CLOCK        ; ClockDIV_internal ; 0.500        ; -0.498     ; 13.933     ;
; -13.945 ; Uniciclo:UNI1|ramI:MemC|altsyncram:altsyncram_component|altsyncram_s9s3:auto_generated|ram_block1a9~porta_address_reg0  ; Uniciclo:UNI1|xregs:Regs1|xreg32[23][21] ; CLOCK        ; ClockDIV_internal ; 0.500        ; -0.497     ; 13.933     ;
; -13.944 ; Uniciclo:UNI1|ramI:MemC|altsyncram:altsyncram_component|altsyncram_s9s3:auto_generated|ram_block1a18~porta_address_reg0 ; Uniciclo:UNI1|xregs:Regs1|xreg32[29][22] ; CLOCK        ; ClockDIV_internal ; 0.500        ; -0.122     ; 14.307     ;
; -13.936 ; Uniciclo:UNI1|ramI:MemC|altsyncram:altsyncram_component|altsyncram_s9s3:auto_generated|ram_block1a18~porta_address_reg0 ; Uniciclo:UNI1|xregs:Regs1|xreg32[22][20] ; CLOCK        ; ClockDIV_internal ; 0.500        ; -0.115     ; 14.306     ;
; -13.936 ; Uniciclo:UNI1|ramI:MemC|altsyncram:altsyncram_component|altsyncram_s9s3:auto_generated|ram_block1a9~porta_address_reg0  ; Uniciclo:UNI1|xregs:Regs1|xreg32[18][18] ; CLOCK        ; ClockDIV_internal ; 0.500        ; -0.498     ; 13.923     ;
; -13.932 ; Uniciclo:UNI1|ramI:MemC|altsyncram:altsyncram_component|altsyncram_s9s3:auto_generated|ram_block1a9~porta_address_reg0  ; Uniciclo:UNI1|xregs:Regs1|xreg32[26][28] ; CLOCK        ; ClockDIV_internal ; 0.500        ; -0.501     ; 13.916     ;
; -13.929 ; Uniciclo:UNI1|ramI:MemC|altsyncram:altsyncram_component|altsyncram_s9s3:auto_generated|ram_block1a9~porta_address_reg0  ; Uniciclo:UNI1|xregs:Regs1|xreg32[18][25] ; CLOCK        ; ClockDIV_internal ; 0.500        ; -0.485     ; 13.929     ;
; -13.928 ; Uniciclo:UNI1|ramI:MemC|altsyncram:altsyncram_component|altsyncram_s9s3:auto_generated|ram_block1a9~porta_address_reg0  ; Uniciclo:UNI1|xregs:Regs1|xreg32[26][25] ; CLOCK        ; ClockDIV_internal ; 0.500        ; -0.485     ; 13.928     ;
; -13.928 ; Uniciclo:UNI1|ramI:MemC|altsyncram:altsyncram_component|altsyncram_s9s3:auto_generated|ram_block1a9~porta_address_reg0  ; Uniciclo:UNI1|xregs:Regs1|xreg32[30][19] ; CLOCK        ; ClockDIV_internal ; 0.500        ; -0.501     ; 13.912     ;
; -13.912 ; Uniciclo:UNI1|ramI:MemC|altsyncram:altsyncram_component|altsyncram_s9s3:auto_generated|ram_block1a18~porta_address_reg0 ; Uniciclo:UNI1|xregs:Regs1|xreg32[23][20] ; CLOCK        ; ClockDIV_internal ; 0.500        ; -0.498     ; 13.899     ;
; -13.899 ; Uniciclo:UNI1|ramI:MemC|altsyncram:altsyncram_component|altsyncram_s9s3:auto_generated|ram_block1a18~porta_address_reg0 ; Uniciclo:UNI1|xregs:Regs1|xreg32[24][22] ; CLOCK        ; ClockDIV_internal ; 0.500        ; -0.515     ; 13.869     ;
; -13.897 ; Uniciclo:UNI1|ramI:MemC|altsyncram:altsyncram_component|altsyncram_s9s3:auto_generated|ram_block1a18~porta_address_reg0 ; Uniciclo:UNI1|xregs:Regs1|xreg32[19][22] ; CLOCK        ; ClockDIV_internal ; 0.500        ; -0.522     ; 13.860     ;
; -13.897 ; Uniciclo:UNI1|ramI:MemC|altsyncram:altsyncram_component|altsyncram_s9s3:auto_generated|ram_block1a18~porta_address_reg0 ; Uniciclo:UNI1|xregs:Regs1|xreg32[27][22] ; CLOCK        ; ClockDIV_internal ; 0.500        ; -0.522     ; 13.860     ;
; -13.890 ; Uniciclo:UNI1|ramI:MemC|altsyncram:altsyncram_component|altsyncram_s9s3:auto_generated|ram_block1a18~porta_address_reg0 ; Uniciclo:UNI1|xregs:Regs1|xreg32[13][29] ; CLOCK        ; ClockDIV_internal ; 0.500        ; -0.522     ; 13.853     ;
; -13.890 ; Uniciclo:UNI1|ramI:MemC|altsyncram:altsyncram_component|altsyncram_s9s3:auto_generated|ram_block1a18~porta_address_reg0 ; Uniciclo:UNI1|xregs:Regs1|xreg32[22][28] ; CLOCK        ; ClockDIV_internal ; 0.500        ; -0.507     ; 13.868     ;
; -13.889 ; Uniciclo:UNI1|ramI:MemC|altsyncram:altsyncram_component|altsyncram_s9s3:auto_generated|ram_block1a18~porta_address_reg0 ; Uniciclo:UNI1|xregs:Regs1|xreg32[27][16] ; CLOCK        ; ClockDIV_internal ; 0.500        ; -0.522     ; 13.852     ;
; -13.883 ; Uniciclo:UNI1|ramI:MemC|altsyncram:altsyncram_component|altsyncram_s9s3:auto_generated|ram_block1a18~porta_address_reg0 ; Uniciclo:UNI1|xregs:Regs1|xreg32[19][16] ; CLOCK        ; ClockDIV_internal ; 0.500        ; -0.522     ; 13.846     ;
; -13.878 ; Uniciclo:UNI1|ramI:MemC|altsyncram:altsyncram_component|altsyncram_s9s3:auto_generated|ram_block1a18~porta_address_reg0 ; Uniciclo:UNI1|xregs:Regs1|xreg32[30][16] ; CLOCK        ; ClockDIV_internal ; 0.500        ; -0.155     ; 14.208     ;
; -13.874 ; Uniciclo:UNI1|ramI:MemC|altsyncram:altsyncram_component|altsyncram_s9s3:auto_generated|ram_block1a18~porta_address_reg0 ; Uniciclo:UNI1|xregs:Regs1|xreg32[24][16] ; CLOCK        ; ClockDIV_internal ; 0.500        ; -0.515     ; 13.844     ;
; -13.871 ; Uniciclo:UNI1|ramI:MemC|altsyncram:altsyncram_component|altsyncram_s9s3:auto_generated|ram_block1a9~porta_address_reg0  ; Uniciclo:UNI1|xregs:Regs1|xreg32[13][29] ; CLOCK        ; ClockDIV_internal ; 0.500        ; -0.525     ; 13.831     ;
; -13.870 ; Uniciclo:UNI1|ramI:MemC|altsyncram:altsyncram_component|altsyncram_s9s3:auto_generated|ram_block1a18~porta_address_reg0 ; Uniciclo:UNI1|xregs:Regs1|xreg32[23][16] ; CLOCK        ; ClockDIV_internal ; 0.500        ; -0.521     ; 13.834     ;
; -13.858 ; Uniciclo:UNI1|ramI:MemC|altsyncram:altsyncram_component|altsyncram_s9s3:auto_generated|ram_block1a9~porta_address_reg0  ; Uniciclo:UNI1|xregs:Regs1|xreg32[18][20] ; CLOCK        ; ClockDIV_internal ; 0.500        ; -0.178     ; 14.165     ;
; -13.857 ; Uniciclo:UNI1|ramI:MemC|altsyncram:altsyncram_component|altsyncram_s9s3:auto_generated|ram_block1a18~porta_address_reg0 ; Uniciclo:UNI1|xregs:Regs1|xreg32[22][30] ; CLOCK        ; ClockDIV_internal ; 0.500        ; -0.507     ; 13.835     ;
; -13.843 ; Uniciclo:UNI1|ramI:MemC|altsyncram:altsyncram_component|altsyncram_s9s3:auto_generated|ram_block1a18~porta_address_reg0 ; Uniciclo:UNI1|xregs:Regs1|xreg32[11][20] ; CLOCK        ; ClockDIV_internal ; 0.500        ; -0.167     ; 14.161     ;
; -13.836 ; Uniciclo:UNI1|ramI:MemC|altsyncram:altsyncram_component|altsyncram_s9s3:auto_generated|ram_block1a18~porta_address_reg0 ; Uniciclo:UNI1|xregs:Regs1|xreg32[22][16] ; CLOCK        ; ClockDIV_internal ; 0.500        ; -0.115     ; 14.206     ;
; -13.836 ; Uniciclo:UNI1|ramI:MemC|altsyncram:altsyncram_component|altsyncram_s9s3:auto_generated|ram_block1a18~porta_address_reg0 ; Uniciclo:UNI1|xregs:Regs1|xreg32[22][22] ; CLOCK        ; ClockDIV_internal ; 0.500        ; -0.135     ; 14.186     ;
; -13.832 ; Uniciclo:UNI1|ramI:MemC|altsyncram:altsyncram_component|altsyncram_s9s3:auto_generated|ram_block1a18~porta_address_reg0 ; Uniciclo:UNI1|xregs:Regs1|xreg32[11][31] ; CLOCK        ; ClockDIV_internal ; 0.500        ; -0.502     ; 13.815     ;
; -13.831 ; Uniciclo:UNI1|ramI:MemC|altsyncram:altsyncram_component|altsyncram_s9s3:auto_generated|ram_block1a18~porta_address_reg0 ; Uniciclo:UNI1|xregs:Regs1|xreg32[10][31] ; CLOCK        ; ClockDIV_internal ; 0.500        ; -0.502     ; 13.814     ;
; -13.831 ; Uniciclo:UNI1|ramI:MemC|altsyncram:altsyncram_component|altsyncram_s9s3:auto_generated|ram_block1a18~porta_address_reg0 ; Uniciclo:UNI1|xregs:Regs1|xreg32[8][30]  ; CLOCK        ; ClockDIV_internal ; 0.500        ; -0.502     ; 13.814     ;
; -13.830 ; Uniciclo:UNI1|ramI:MemC|altsyncram:altsyncram_component|altsyncram_s9s3:auto_generated|ram_block1a18~porta_address_reg0 ; Uniciclo:UNI1|xregs:Regs1|xreg32[18][28] ; CLOCK        ; ClockDIV_internal ; 0.500        ; -0.161     ; 14.154     ;
; -13.824 ; Uniciclo:UNI1|ramI:MemC|altsyncram:altsyncram_component|altsyncram_s9s3:auto_generated|ram_block1a18~porta_address_reg0 ; Uniciclo:UNI1|xregs:Regs1|xreg32[13][30] ; CLOCK        ; ClockDIV_internal ; 0.500        ; -0.522     ; 13.787     ;
; -13.822 ; Uniciclo:UNI1|ramI:MemC|altsyncram:altsyncram_component|altsyncram_s9s3:auto_generated|ram_block1a18~porta_address_reg0 ; Uniciclo:UNI1|xregs:Regs1|xreg32[7][16]  ; CLOCK        ; ClockDIV_internal ; 0.500        ; -0.514     ; 13.793     ;
; -13.821 ; Uniciclo:UNI1|ramI:MemC|altsyncram:altsyncram_component|altsyncram_s9s3:auto_generated|ram_block1a18~porta_address_reg0 ; Uniciclo:UNI1|xregs:Regs1|xreg32[10][30] ; CLOCK        ; ClockDIV_internal ; 0.500        ; -0.502     ; 13.804     ;
; -13.820 ; Uniciclo:UNI1|ramI:MemC|altsyncram:altsyncram_component|altsyncram_s9s3:auto_generated|ram_block1a18~porta_address_reg0 ; Uniciclo:UNI1|xregs:Regs1|xreg32[8][29]  ; CLOCK        ; ClockDIV_internal ; 0.500        ; -0.502     ; 13.803     ;
; -13.819 ; Uniciclo:UNI1|ramI:MemC|altsyncram:altsyncram_component|altsyncram_s9s3:auto_generated|ram_block1a18~porta_address_reg0 ; Uniciclo:UNI1|xregs:Regs1|xreg32[1][16]  ; CLOCK        ; ClockDIV_internal ; 0.500        ; -0.514     ; 13.790     ;
; -13.819 ; Uniciclo:UNI1|ramI:MemC|altsyncram:altsyncram_component|altsyncram_s9s3:auto_generated|ram_block1a18~porta_address_reg0 ; Uniciclo:UNI1|xregs:Regs1|xreg32[11][30] ; CLOCK        ; ClockDIV_internal ; 0.500        ; -0.502     ; 13.802     ;
; -13.817 ; Uniciclo:UNI1|ramI:MemC|altsyncram:altsyncram_component|altsyncram_s9s3:auto_generated|ram_block1a9~porta_address_reg0  ; Uniciclo:UNI1|xregs:Regs1|xreg32[11][31] ; CLOCK        ; ClockDIV_internal ; 0.500        ; -0.505     ; 13.797     ;
; -13.816 ; Uniciclo:UNI1|ramI:MemC|altsyncram:altsyncram_component|altsyncram_s9s3:auto_generated|ram_block1a9~porta_address_reg0  ; Uniciclo:UNI1|xregs:Regs1|xreg32[10][31] ; CLOCK        ; ClockDIV_internal ; 0.500        ; -0.505     ; 13.796     ;
; -13.806 ; Uniciclo:UNI1|ramI:MemC|altsyncram:altsyncram_component|altsyncram_s9s3:auto_generated|ram_block1a18~porta_address_reg0 ; Uniciclo:UNI1|xregs:Regs1|xreg32[12][20] ; CLOCK        ; ClockDIV_internal ; 0.500        ; -0.161     ; 14.130     ;
; -13.804 ; Uniciclo:UNI1|ramI:MemC|altsyncram:altsyncram_component|altsyncram_s9s3:auto_generated|ram_block1a18~porta_address_reg0 ; Uniciclo:UNI1|xregs:Regs1|xreg32[31][31] ; CLOCK        ; ClockDIV_internal ; 0.500        ; -0.498     ; 13.791     ;
; -13.804 ; Uniciclo:UNI1|ramI:MemC|altsyncram:altsyncram_component|altsyncram_s9s3:auto_generated|ram_block1a18~porta_address_reg0 ; Uniciclo:UNI1|xregs:Regs1|xreg32[21][29] ; CLOCK        ; ClockDIV_internal ; 0.500        ; -0.494     ; 13.795     ;
; -13.802 ; Uniciclo:UNI1|ramI:MemC|altsyncram:altsyncram_component|altsyncram_s9s3:auto_generated|ram_block1a18~porta_address_reg0 ; Uniciclo:UNI1|xregs:Regs1|xreg32[9][20]  ; CLOCK        ; ClockDIV_internal ; 0.500        ; -0.127     ; 14.160     ;
; -13.801 ; Uniciclo:UNI1|ramI:MemC|altsyncram:altsyncram_component|altsyncram_s9s3:auto_generated|ram_block1a18~porta_address_reg0 ; Uniciclo:UNI1|xregs:Regs1|xreg32[19][31] ; CLOCK        ; ClockDIV_internal ; 0.500        ; -0.498     ; 13.788     ;
; -13.801 ; Uniciclo:UNI1|ramI:MemC|altsyncram:altsyncram_component|altsyncram_s9s3:auto_generated|ram_block1a9~porta_address_reg0  ; Uniciclo:UNI1|xregs:Regs1|xreg32[8][29]  ; CLOCK        ; ClockDIV_internal ; 0.500        ; -0.505     ; 13.781     ;
; -13.798 ; Uniciclo:UNI1|ramI:MemC|altsyncram:altsyncram_component|altsyncram_s9s3:auto_generated|ram_block1a18~porta_address_reg0 ; Uniciclo:UNI1|xregs:Regs1|xreg32[11][29] ; CLOCK        ; ClockDIV_internal ; 0.500        ; -0.502     ; 13.781     ;
; -13.795 ; Uniciclo:UNI1|ramI:MemC|altsyncram:altsyncram_component|altsyncram_s9s3:auto_generated|ram_block1a18~porta_address_reg0 ; Uniciclo:UNI1|xregs:Regs1|xreg32[10][29] ; CLOCK        ; ClockDIV_internal ; 0.500        ; -0.502     ; 13.778     ;
; -13.792 ; Uniciclo:UNI1|ramI:MemC|altsyncram:altsyncram_component|altsyncram_s9s3:auto_generated|ram_block1a18~porta_address_reg0 ; Uniciclo:UNI1|xregs:Regs1|xreg32[16][30] ; CLOCK        ; ClockDIV_internal ; 0.500        ; -0.496     ; 13.781     ;
; -13.791 ; Uniciclo:UNI1|ramI:MemC|altsyncram:altsyncram_component|altsyncram_s9s3:auto_generated|ram_block1a9~porta_address_reg0  ; Uniciclo:UNI1|xregs:Regs1|xreg32[22][20] ; CLOCK        ; ClockDIV_internal ; 0.500        ; -0.118     ; 14.158     ;
; -13.790 ; Uniciclo:UNI1|ramI:MemC|altsyncram:altsyncram_component|altsyncram_s9s3:auto_generated|ram_block1a9~porta_address_reg0  ; Uniciclo:UNI1|xregs:Regs1|xreg32[20][22] ; CLOCK        ; ClockDIV_internal ; 0.500        ; -0.165     ; 14.110     ;
; -13.789 ; Uniciclo:UNI1|ramI:MemC|altsyncram:altsyncram_component|altsyncram_s9s3:auto_generated|ram_block1a18~porta_address_reg0 ; Uniciclo:UNI1|xregs:Regs1|xreg32[24][29] ; CLOCK        ; ClockDIV_internal ; 0.500        ; -0.496     ; 13.778     ;
; -13.789 ; Uniciclo:UNI1|ramI:MemC|altsyncram:altsyncram_component|altsyncram_s9s3:auto_generated|ram_block1a9~porta_address_reg0  ; Uniciclo:UNI1|xregs:Regs1|xreg32[31][31] ; CLOCK        ; ClockDIV_internal ; 0.500        ; -0.501     ; 13.773     ;
; -13.788 ; Uniciclo:UNI1|ramI:MemC|altsyncram:altsyncram_component|altsyncram_s9s3:auto_generated|ram_block1a18~porta_address_reg0 ; Uniciclo:UNI1|xregs:Regs1|xreg32[24][19] ; CLOCK        ; ClockDIV_internal ; 0.500        ; -0.496     ; 13.777     ;
; -13.786 ; Uniciclo:UNI1|ramI:MemC|altsyncram:altsyncram_component|altsyncram_s9s3:auto_generated|ram_block1a9~porta_address_reg0  ; Uniciclo:UNI1|xregs:Regs1|xreg32[19][31] ; CLOCK        ; ClockDIV_internal ; 0.500        ; -0.501     ; 13.770     ;
; -13.785 ; Uniciclo:UNI1|ramI:MemC|altsyncram:altsyncram_component|altsyncram_s9s3:auto_generated|ram_block1a9~porta_address_reg0  ; Uniciclo:UNI1|xregs:Regs1|xreg32[21][29] ; CLOCK        ; ClockDIV_internal ; 0.500        ; -0.497     ; 13.773     ;
; -13.779 ; Uniciclo:UNI1|ramI:MemC|altsyncram:altsyncram_component|altsyncram_s9s3:auto_generated|ram_block1a9~porta_address_reg0  ; Uniciclo:UNI1|xregs:Regs1|xreg32[11][29] ; CLOCK        ; ClockDIV_internal ; 0.500        ; -0.505     ; 13.759     ;
; -13.776 ; Uniciclo:UNI1|ramI:MemC|altsyncram:altsyncram_component|altsyncram_s9s3:auto_generated|ram_block1a18~porta_address_reg0 ; Uniciclo:UNI1|xregs:Regs1|xreg32[13][20] ; CLOCK        ; ClockDIV_internal ; 0.500        ; -0.122     ; 14.139     ;
; -13.776 ; Uniciclo:UNI1|ramI:MemC|altsyncram:altsyncram_component|altsyncram_s9s3:auto_generated|ram_block1a9~porta_address_reg0  ; Uniciclo:UNI1|xregs:Regs1|xreg32[10][29] ; CLOCK        ; ClockDIV_internal ; 0.500        ; -0.505     ; 13.756     ;
; -13.772 ; Uniciclo:UNI1|ramI:MemC|altsyncram:altsyncram_component|altsyncram_s9s3:auto_generated|ram_block1a18~porta_address_reg0 ; Uniciclo:UNI1|xregs:Regs1|xreg32[30][21] ; CLOCK        ; ClockDIV_internal ; 0.500        ; -0.498     ; 13.759     ;
; -13.771 ; Uniciclo:UNI1|ramI:MemC|altsyncram:altsyncram_component|altsyncram_s9s3:auto_generated|ram_block1a18~porta_address_reg0 ; Uniciclo:UNI1|xregs:Regs1|xreg32[23][22] ; CLOCK        ; ClockDIV_internal ; 0.500        ; -0.521     ; 13.735     ;
; -13.770 ; Uniciclo:UNI1|ramI:MemC|altsyncram:altsyncram_component|altsyncram_s9s3:auto_generated|ram_block1a9~porta_address_reg0  ; Uniciclo:UNI1|xregs:Regs1|xreg32[24][29] ; CLOCK        ; ClockDIV_internal ; 0.500        ; -0.499     ; 13.756     ;
; -13.769 ; Uniciclo:UNI1|ramI:MemC|altsyncram:altsyncram_component|altsyncram_s9s3:auto_generated|ram_block1a9~porta_address_reg0  ; Uniciclo:UNI1|xregs:Regs1|xreg32[24][19] ; CLOCK        ; ClockDIV_internal ; 0.500        ; -0.499     ; 13.755     ;
; -13.767 ; Uniciclo:UNI1|ramI:MemC|altsyncram:altsyncram_component|altsyncram_s9s3:auto_generated|ram_block1a9~porta_address_reg0  ; Uniciclo:UNI1|xregs:Regs1|xreg32[23][20] ; CLOCK        ; ClockDIV_internal ; 0.500        ; -0.501     ; 13.751     ;
; -13.765 ; Uniciclo:UNI1|ramI:MemC|altsyncram:altsyncram_component|altsyncram_s9s3:auto_generated|ram_block1a18~porta_address_reg0 ; Uniciclo:UNI1|xregs:Regs1|xreg32[18][29] ; CLOCK        ; ClockDIV_internal ; 0.500        ; -0.482     ; 13.768     ;
; -13.764 ; Uniciclo:UNI1|ramI:MemC|altsyncram:altsyncram_component|altsyncram_s9s3:auto_generated|ram_block1a18~porta_address_reg0 ; Uniciclo:UNI1|xregs:Regs1|xreg32[26][29] ; CLOCK        ; ClockDIV_internal ; 0.500        ; -0.482     ; 13.767     ;
; -13.761 ; Uniciclo:UNI1|ramI:MemC|altsyncram:altsyncram_component|altsyncram_s9s3:auto_generated|ram_block1a18~porta_address_reg0 ; Uniciclo:UNI1|xregs:Regs1|xreg32[30][18] ; CLOCK        ; ClockDIV_internal ; 0.500        ; -0.155     ; 14.091     ;
; -13.755 ; Uniciclo:UNI1|ramI:MemC|altsyncram:altsyncram_component|altsyncram_s9s3:auto_generated|ram_block1a18~porta_address_reg0 ; Uniciclo:UNI1|xregs:Regs1|xreg32[30][23] ; CLOCK        ; ClockDIV_internal ; 0.500        ; -0.132     ; 14.108     ;
; -13.753 ; Uniciclo:UNI1|ramI:MemC|altsyncram:altsyncram_component|altsyncram_s9s3:auto_generated|ram_block1a18~porta_address_reg0 ; Uniciclo:UNI1|xregs:Regs1|xreg32[2][28]  ; CLOCK        ; ClockDIV_internal ; 0.500        ; -0.509     ; 13.729     ;
; -13.753 ; Uniciclo:UNI1|ramI:MemC|altsyncram:altsyncram_component|altsyncram_s9s3:auto_generated|ram_block1a18~porta_address_reg0 ; Uniciclo:UNI1|xregs:Regs1|xreg32[24][24] ; CLOCK        ; ClockDIV_internal ; 0.500        ; -0.495     ; 13.743     ;
; -13.753 ; Uniciclo:UNI1|ramI:MemC|altsyncram:altsyncram_component|altsyncram_s9s3:auto_generated|ram_block1a9~porta_address_reg0  ; Uniciclo:UNI1|xregs:Regs1|xreg32[30][21] ; CLOCK        ; ClockDIV_internal ; 0.500        ; -0.501     ; 13.737     ;
; -13.752 ; Uniciclo:UNI1|ramI:MemC|altsyncram:altsyncram_component|altsyncram_s9s3:auto_generated|ram_block1a9~porta_address_reg0  ; Uniciclo:UNI1|xregs:Regs1|xreg32[26][22] ; CLOCK        ; ClockDIV_internal ; 0.500        ; -0.501     ; 13.736     ;
; -13.750 ; Uniciclo:UNI1|ramI:MemC|altsyncram:altsyncram_component|altsyncram_s9s3:auto_generated|ram_block1a18~porta_address_reg0 ; Uniciclo:UNI1|xregs:Regs1|xreg32[24][25] ; CLOCK        ; ClockDIV_internal ; 0.500        ; -0.512     ; 13.723     ;
; -13.750 ; Uniciclo:UNI1|ramI:MemC|altsyncram:altsyncram_component|altsyncram_s9s3:auto_generated|ram_block1a9~porta_address_reg0  ; Uniciclo:UNI1|xregs:Regs1|xreg32[29][22] ; CLOCK        ; ClockDIV_internal ; 0.500        ; -0.125     ; 14.110     ;
; -13.747 ; Uniciclo:UNI1|ramI:MemC|altsyncram:altsyncram_component|altsyncram_s9s3:auto_generated|ram_block1a18~porta_address_reg0 ; Uniciclo:UNI1|xregs:Regs1|xreg32[28][25] ; CLOCK        ; ClockDIV_internal ; 0.500        ; -0.512     ; 13.720     ;
; -13.746 ; Uniciclo:UNI1|ramI:MemC|altsyncram:altsyncram_component|altsyncram_s9s3:auto_generated|ram_block1a18~porta_address_reg0 ; Uniciclo:UNI1|xregs:Regs1|xreg32[30][20] ; CLOCK        ; ClockDIV_internal ; 0.500        ; -0.155     ; 14.076     ;
; -13.746 ; Uniciclo:UNI1|ramI:MemC|altsyncram:altsyncram_component|altsyncram_s9s3:auto_generated|ram_block1a9~porta_address_reg0  ; Uniciclo:UNI1|xregs:Regs1|xreg32[18][29] ; CLOCK        ; ClockDIV_internal ; 0.500        ; -0.485     ; 13.746     ;
; -13.745 ; Uniciclo:UNI1|ramI:MemC|altsyncram:altsyncram_component|altsyncram_s9s3:auto_generated|ram_block1a9~porta_address_reg0  ; Uniciclo:UNI1|xregs:Regs1|xreg32[22][28] ; CLOCK        ; ClockDIV_internal ; 0.500        ; -0.510     ; 13.720     ;
; -13.745 ; Uniciclo:UNI1|ramI:MemC|altsyncram:altsyncram_component|altsyncram_s9s3:auto_generated|ram_block1a9~porta_address_reg0  ; Uniciclo:UNI1|xregs:Regs1|xreg32[26][29] ; CLOCK        ; ClockDIV_internal ; 0.500        ; -0.485     ; 13.745     ;
; -13.741 ; Uniciclo:UNI1|ramI:MemC|altsyncram:altsyncram_component|altsyncram_s9s3:auto_generated|ram_block1a9~porta_address_reg0  ; Uniciclo:UNI1|xregs:Regs1|xreg32[27][16] ; CLOCK        ; ClockDIV_internal ; 0.500        ; -0.525     ; 13.701     ;
; -13.740 ; Uniciclo:UNI1|ramI:MemC|altsyncram:altsyncram_component|altsyncram_s9s3:auto_generated|ram_block1a18~porta_address_reg0 ; Uniciclo:UNI1|xregs:Regs1|xreg32[24][23] ; CLOCK        ; ClockDIV_internal ; 0.500        ; -0.519     ; 13.706     ;
; -13.739 ; Uniciclo:UNI1|ramI:MemC|altsyncram:altsyncram_component|altsyncram_s9s3:auto_generated|ram_block1a18~porta_address_reg0 ; Uniciclo:UNI1|xregs:Regs1|xreg32[19][19] ; CLOCK        ; ClockDIV_internal ; 0.500        ; -0.481     ; 13.743     ;
; -13.738 ; Uniciclo:UNI1|ramI:MemC|altsyncram:altsyncram_component|altsyncram_s9s3:auto_generated|ram_block1a18~porta_address_reg0 ; Uniciclo:UNI1|xregs:Regs1|xreg32[26][24] ; CLOCK        ; ClockDIV_internal ; 0.500        ; -0.498     ; 13.725     ;
; -13.736 ; Uniciclo:UNI1|ramI:MemC|altsyncram:altsyncram_component|altsyncram_s9s3:auto_generated|ram_block1a9~porta_address_reg0  ; Uniciclo:UNI1|xregs:Regs1|xreg32[30][23] ; CLOCK        ; ClockDIV_internal ; 0.500        ; -0.135     ; 14.086     ;
+---------+-------------------------------------------------------------------------------------------------------------------------+------------------------------------------+--------------+-------------------+--------------+------------+------------+


+----------------------------------------------------------------------------------------------------------------------------------------------------------------------------------------------------------------------------------------------------------------------------------------------------------------------------------------+
; Slow 1200mV 85C Model Setup: 'CLOCK'                                                                                                                                                                                                                                                                                                   ;
+---------+-------------------------------------------------------------------------------------------------------------------------+-------------------------------------------------------------------------------------------------------------------------+-------------------+-------------+--------------+------------+------------+
; Slack   ; From Node                                                                                                               ; To Node                                                                                                                 ; Launch Clock      ; Latch Clock ; Relationship ; Clock Skew ; Data Delay ;
+---------+-------------------------------------------------------------------------------------------------------------------------+-------------------------------------------------------------------------------------------------------------------------+-------------------+-------------+--------------+------------+------------+
; -10.968 ; Uniciclo:UNI1|ramI:MemC|altsyncram:altsyncram_component|altsyncram_s9s3:auto_generated|ram_block1a18~porta_address_reg0 ; Uniciclo:UNI1|ramD:MemD|altsyncram:altsyncram_component|altsyncram_aos3:auto_generated|ram_block1a27~porta_address_reg0 ; CLOCK             ; CLOCK       ; 1.000        ; -0.094     ; 11.902     ;
; -10.820 ; Uniciclo:UNI1|ramI:MemC|altsyncram:altsyncram_component|altsyncram_s9s3:auto_generated|ram_block1a9~porta_address_reg0  ; Uniciclo:UNI1|ramD:MemD|altsyncram:altsyncram_component|altsyncram_aos3:auto_generated|ram_block1a27~porta_address_reg0 ; CLOCK             ; CLOCK       ; 1.000        ; -0.097     ; 11.751     ;
; -10.736 ; Uniciclo:UNI1|ramI:MemC|altsyncram:altsyncram_component|altsyncram_s9s3:auto_generated|ram_block1a18~porta_address_reg0 ; Uniciclo:UNI1|ramD:MemD|altsyncram:altsyncram_component|altsyncram_aos3:auto_generated|ram_block1a0~porta_address_reg0  ; CLOCK             ; CLOCK       ; 1.000        ; -0.084     ; 11.680     ;
; -10.733 ; Uniciclo:UNI1|ramI:MemC|altsyncram:altsyncram_component|altsyncram_s9s3:auto_generated|ram_block1a18~porta_address_reg0 ; Uniciclo:UNI1|ramD:MemD|altsyncram:altsyncram_component|altsyncram_aos3:auto_generated|ram_block1a18~porta_address_reg0 ; CLOCK             ; CLOCK       ; 1.000        ; -0.072     ; 11.689     ;
; -10.669 ; Uniciclo:UNI1|ramI:MemC|altsyncram:altsyncram_component|altsyncram_s9s3:auto_generated|ram_block1a18~porta_address_reg0 ; Uniciclo:UNI1|ramD:MemD|altsyncram:altsyncram_component|altsyncram_aos3:auto_generated|ram_block1a9~porta_address_reg0  ; CLOCK             ; CLOCK       ; 1.000        ; -0.084     ; 11.613     ;
; -10.598 ; Uniciclo:UNI1|ramI:MemC|altsyncram:altsyncram_component|altsyncram_s9s3:auto_generated|ram_block1a9~porta_address_reg0  ; Uniciclo:UNI1|ramD:MemD|altsyncram:altsyncram_component|altsyncram_aos3:auto_generated|ram_block1a0~porta_address_reg0  ; CLOCK             ; CLOCK       ; 1.000        ; -0.087     ; 11.539     ;
; -10.585 ; Uniciclo:UNI1|ramI:MemC|altsyncram:altsyncram_component|altsyncram_s9s3:auto_generated|ram_block1a9~porta_address_reg0  ; Uniciclo:UNI1|ramD:MemD|altsyncram:altsyncram_component|altsyncram_aos3:auto_generated|ram_block1a18~porta_address_reg0 ; CLOCK             ; CLOCK       ; 1.000        ; -0.075     ; 11.538     ;
; -10.551 ; Uniciclo:UNI1|ramI:MemC|altsyncram:altsyncram_component|altsyncram_s9s3:auto_generated|ram_block1a9~porta_address_reg0  ; Uniciclo:UNI1|ramD:MemD|altsyncram:altsyncram_component|altsyncram_aos3:auto_generated|ram_block1a9~porta_address_reg0  ; CLOCK             ; CLOCK       ; 1.000        ; -0.087     ; 11.492     ;
; -10.142 ; Uniciclo:UNI1|ramI:MemC|altsyncram:altsyncram_component|altsyncram_s9s3:auto_generated|ram_block1a0~porta_address_reg0  ; Uniciclo:UNI1|ramD:MemD|altsyncram:altsyncram_component|altsyncram_aos3:auto_generated|ram_block1a27~porta_address_reg0 ; CLOCK             ; CLOCK       ; 1.000        ; -0.081     ; 11.089     ;
; -9.996  ; Uniciclo:UNI1|ramI:MemC|altsyncram:altsyncram_component|altsyncram_s9s3:auto_generated|ram_block1a0~porta_address_reg0  ; Uniciclo:UNI1|ramD:MemD|altsyncram:altsyncram_component|altsyncram_aos3:auto_generated|ram_block1a9~porta_address_reg0  ; CLOCK             ; CLOCK       ; 1.000        ; -0.071     ; 10.953     ;
; -9.941  ; Uniciclo:UNI1|ramI:MemC|altsyncram:altsyncram_component|altsyncram_s9s3:auto_generated|ram_block1a0~porta_address_reg0  ; Uniciclo:UNI1|ramD:MemD|altsyncram:altsyncram_component|altsyncram_aos3:auto_generated|ram_block1a18~porta_address_reg0 ; CLOCK             ; CLOCK       ; 1.000        ; -0.059     ; 10.910     ;
; -9.938  ; Uniciclo:UNI1|ramI:MemC|altsyncram:altsyncram_component|altsyncram_s9s3:auto_generated|ram_block1a0~porta_address_reg0  ; Uniciclo:UNI1|ramD:MemD|altsyncram:altsyncram_component|altsyncram_aos3:auto_generated|ram_block1a0~porta_address_reg0  ; CLOCK             ; CLOCK       ; 1.000        ; -0.071     ; 10.895     ;
; -9.763  ; Uniciclo:UNI1|ramI:MemC|altsyncram:altsyncram_component|altsyncram_s9s3:auto_generated|ram_block1a27~porta_address_reg0 ; Uniciclo:UNI1|ramD:MemD|altsyncram:altsyncram_component|altsyncram_aos3:auto_generated|ram_block1a27~porta_address_reg0 ; CLOCK             ; CLOCK       ; 1.000        ; -0.071     ; 10.720     ;
; -9.541  ; Uniciclo:UNI1|ramI:MemC|altsyncram:altsyncram_component|altsyncram_s9s3:auto_generated|ram_block1a27~porta_address_reg0 ; Uniciclo:UNI1|ramD:MemD|altsyncram:altsyncram_component|altsyncram_aos3:auto_generated|ram_block1a0~porta_address_reg0  ; CLOCK             ; CLOCK       ; 1.000        ; -0.071     ; 10.498     ;
; -9.538  ; Uniciclo:UNI1|ramI:MemC|altsyncram:altsyncram_component|altsyncram_s9s3:auto_generated|ram_block1a27~porta_address_reg0 ; Uniciclo:UNI1|ramD:MemD|altsyncram:altsyncram_component|altsyncram_aos3:auto_generated|ram_block1a18~porta_address_reg0 ; CLOCK             ; CLOCK       ; 1.000        ; -0.059     ; 10.507     ;
; -9.260  ; Uniciclo:UNI1|ramI:MemC|altsyncram:altsyncram_component|altsyncram_s9s3:auto_generated|ram_block1a27~porta_address_reg0 ; Uniciclo:UNI1|ramD:MemD|altsyncram:altsyncram_component|altsyncram_aos3:auto_generated|ram_block1a9~porta_address_reg0  ; CLOCK             ; CLOCK       ; 1.000        ; -0.071     ; 10.217     ;
; -8.250  ; Uniciclo:UNI1|xregs:Regs1|xreg32[2][4]                                                                                  ; Uniciclo:UNI1|ramD:MemD|altsyncram:altsyncram_component|altsyncram_aos3:auto_generated|ram_block1a27~porta_address_reg0 ; ClockDIV_internal ; CLOCK       ; 0.500        ; 0.299      ; 9.067      ;
; -8.247  ; Uniciclo:UNI1|xregs:Regs1|xreg32[20][2]                                                                                 ; Uniciclo:UNI1|ramD:MemD|altsyncram:altsyncram_component|altsyncram_aos3:auto_generated|ram_block1a27~porta_address_reg0 ; ClockDIV_internal ; CLOCK       ; 0.500        ; 0.306      ; 9.071      ;
; -8.238  ; Uniciclo:UNI1|xregs:Regs1|xreg32[2][2]                                                                                  ; Uniciclo:UNI1|ramD:MemD|altsyncram:altsyncram_component|altsyncram_aos3:auto_generated|ram_block1a27~porta_address_reg0 ; ClockDIV_internal ; CLOCK       ; 0.500        ; 0.295      ; 9.051      ;
; -8.195  ; Uniciclo:UNI1|xregs:Regs1|xreg32[16][1]                                                                                 ; Uniciclo:UNI1|ramD:MemD|altsyncram:altsyncram_component|altsyncram_aos3:auto_generated|ram_block1a27~porta_address_reg0 ; ClockDIV_internal ; CLOCK       ; 0.500        ; 0.305      ; 9.018      ;
; -8.179  ; Uniciclo:UNI1|xregs:Regs1|xreg32[17][6]                                                                                 ; Uniciclo:UNI1|ramD:MemD|altsyncram:altsyncram_component|altsyncram_aos3:auto_generated|ram_block1a27~porta_address_reg0 ; ClockDIV_internal ; CLOCK       ; 0.500        ; 0.314      ; 9.011      ;
; -8.174  ; Uniciclo:UNI1|xregs:Regs1|xreg32[16][2]                                                                                 ; Uniciclo:UNI1|ramD:MemD|altsyncram:altsyncram_component|altsyncram_aos3:auto_generated|ram_block1a27~porta_address_reg0 ; ClockDIV_internal ; CLOCK       ; 0.500        ; 0.298      ; 8.990      ;
; -8.149  ; Uniciclo:UNI1|xregs:Regs1|xreg32[22][0]                                                                                 ; Uniciclo:UNI1|ramD:MemD|altsyncram:altsyncram_component|altsyncram_aos3:auto_generated|ram_block1a27~porta_address_reg0 ; ClockDIV_internal ; CLOCK       ; 0.500        ; 0.310      ; 8.977      ;
; -8.148  ; Uniciclo:UNI1|xregs:Regs1|xreg32[10][1]                                                                                 ; Uniciclo:UNI1|ramD:MemD|altsyncram:altsyncram_component|altsyncram_aos3:auto_generated|ram_block1a27~porta_address_reg0 ; ClockDIV_internal ; CLOCK       ; 0.500        ; 0.304      ; 8.970      ;
; -8.138  ; Uniciclo:UNI1|xregs:Regs1|xreg32[19][4]                                                                                 ; Uniciclo:UNI1|ramD:MemD|altsyncram:altsyncram_component|altsyncram_aos3:auto_generated|ram_block1a27~porta_address_reg0 ; ClockDIV_internal ; CLOCK       ; 0.500        ; 0.282      ; 8.938      ;
; -8.099  ; Uniciclo:UNI1|xregs:Regs1|xreg32[18][3]                                                                                 ; Uniciclo:UNI1|ramD:MemD|altsyncram:altsyncram_component|altsyncram_aos3:auto_generated|ram_block1a27~porta_address_reg0 ; ClockDIV_internal ; CLOCK       ; 0.500        ; 0.284      ; 8.901      ;
; -8.068  ; Uniciclo:UNI1|xregs:Regs1|xreg32[27][0]                                                                                 ; Uniciclo:UNI1|ramD:MemD|altsyncram:altsyncram_component|altsyncram_aos3:auto_generated|ram_block1a27~porta_address_reg0 ; ClockDIV_internal ; CLOCK       ; 0.500        ; 0.295      ; 8.881      ;
; -8.065  ; Uniciclo:UNI1|xregs:Regs1|xreg32[26][0]                                                                                 ; Uniciclo:UNI1|ramD:MemD|altsyncram:altsyncram_component|altsyncram_aos3:auto_generated|ram_block1a27~porta_address_reg0 ; ClockDIV_internal ; CLOCK       ; 0.500        ; 0.299      ; 8.882      ;
; -8.064  ; Uniciclo:UNI1|ramI:MemC|altsyncram:altsyncram_component|altsyncram_s9s3:auto_generated|ram_block1a18~porta_address_reg0 ; Uniciclo:UNI1|ramD:MemD|altsyncram:altsyncram_component|altsyncram_aos3:auto_generated|ram_block1a9~porta_datain_reg0   ; CLOCK             ; CLOCK       ; 1.000        ; -0.079     ; 9.013      ;
; -8.063  ; Uniciclo:UNI1|xregs:Regs1|xreg32[18][3]                                                                                 ; Uniciclo:UNI1|ramD:MemD|altsyncram:altsyncram_component|altsyncram_aos3:auto_generated|ram_block1a0~porta_address_reg0  ; ClockDIV_internal ; CLOCK       ; 0.500        ; 0.289      ; 8.870      ;
; -8.054  ; Uniciclo:UNI1|xregs:Regs1|xreg32[16][1]                                                                                 ; Uniciclo:UNI1|ramD:MemD|altsyncram:altsyncram_component|altsyncram_aos3:auto_generated|ram_block1a9~porta_address_reg0  ; ClockDIV_internal ; CLOCK       ; 0.500        ; 0.310      ; 8.882      ;
; -8.034  ; Uniciclo:UNI1|xregs:Regs1|xreg32[28][2]                                                                                 ; Uniciclo:UNI1|ramD:MemD|altsyncram:altsyncram_component|altsyncram_aos3:auto_generated|ram_block1a27~porta_address_reg0 ; ClockDIV_internal ; CLOCK       ; 0.500        ; 0.296      ; 8.848      ;
; -8.023  ; Uniciclo:UNI1|xregs:Regs1|xreg32[2][4]                                                                                  ; Uniciclo:UNI1|ramD:MemD|altsyncram:altsyncram_component|altsyncram_aos3:auto_generated|ram_block1a0~porta_address_reg0  ; ClockDIV_internal ; CLOCK       ; 0.500        ; 0.304      ; 8.845      ;
; -8.020  ; Uniciclo:UNI1|xregs:Regs1|xreg32[2][4]                                                                                  ; Uniciclo:UNI1|ramD:MemD|altsyncram:altsyncram_component|altsyncram_aos3:auto_generated|ram_block1a18~porta_address_reg0 ; ClockDIV_internal ; CLOCK       ; 0.500        ; 0.316      ; 8.854      ;
; -8.020  ; Uniciclo:UNI1|xregs:Regs1|xreg32[20][2]                                                                                 ; Uniciclo:UNI1|ramD:MemD|altsyncram:altsyncram_component|altsyncram_aos3:auto_generated|ram_block1a0~porta_address_reg0  ; ClockDIV_internal ; CLOCK       ; 0.500        ; 0.311      ; 8.849      ;
; -8.017  ; Uniciclo:UNI1|xregs:Regs1|xreg32[20][2]                                                                                 ; Uniciclo:UNI1|ramD:MemD|altsyncram:altsyncram_component|altsyncram_aos3:auto_generated|ram_block1a18~porta_address_reg0 ; ClockDIV_internal ; CLOCK       ; 0.500        ; 0.323      ; 8.858      ;
; -8.011  ; Uniciclo:UNI1|xregs:Regs1|xreg32[2][2]                                                                                  ; Uniciclo:UNI1|ramD:MemD|altsyncram:altsyncram_component|altsyncram_aos3:auto_generated|ram_block1a0~porta_address_reg0  ; ClockDIV_internal ; CLOCK       ; 0.500        ; 0.300      ; 8.829      ;
; -8.010  ; Uniciclo:UNI1|xregs:Regs1|xreg32[16][1]                                                                                 ; Uniciclo:UNI1|ramD:MemD|altsyncram:altsyncram_component|altsyncram_aos3:auto_generated|ram_block1a0~porta_address_reg0  ; ClockDIV_internal ; CLOCK       ; 0.500        ; 0.310      ; 8.838      ;
; -8.008  ; Uniciclo:UNI1|xregs:Regs1|xreg32[2][2]                                                                                  ; Uniciclo:UNI1|ramD:MemD|altsyncram:altsyncram_component|altsyncram_aos3:auto_generated|ram_block1a18~porta_address_reg0 ; ClockDIV_internal ; CLOCK       ; 0.500        ; 0.312      ; 8.838      ;
; -8.007  ; Uniciclo:UNI1|xregs:Regs1|xreg32[10][1]                                                                                 ; Uniciclo:UNI1|ramD:MemD|altsyncram:altsyncram_component|altsyncram_aos3:auto_generated|ram_block1a9~porta_address_reg0  ; ClockDIV_internal ; CLOCK       ; 0.500        ; 0.309      ; 8.834      ;
; -7.999  ; Uniciclo:UNI1|xregs:Regs1|xreg32[16][1]                                                                                 ; Uniciclo:UNI1|ramD:MemD|altsyncram:altsyncram_component|altsyncram_aos3:auto_generated|ram_block1a18~porta_address_reg0 ; ClockDIV_internal ; CLOCK       ; 0.500        ; 0.322      ; 8.839      ;
; -7.994  ; Uniciclo:UNI1|xregs:Regs1|xreg32[8][2]                                                                                  ; Uniciclo:UNI1|ramD:MemD|altsyncram:altsyncram_component|altsyncram_aos3:auto_generated|ram_block1a27~porta_address_reg0 ; ClockDIV_internal ; CLOCK       ; 0.500        ; 0.304      ; 8.816      ;
; -7.977  ; Uniciclo:UNI1|xregs:Regs1|xreg32[18][0]                                                                                 ; Uniciclo:UNI1|ramD:MemD|altsyncram:altsyncram_component|altsyncram_aos3:auto_generated|ram_block1a27~porta_address_reg0 ; ClockDIV_internal ; CLOCK       ; 0.500        ; -0.036     ; 8.459      ;
; -7.969  ; Uniciclo:UNI1|xregs:Regs1|xreg32[17][4]                                                                                 ; Uniciclo:UNI1|ramD:MemD|altsyncram:altsyncram_component|altsyncram_aos3:auto_generated|ram_block1a27~porta_address_reg0 ; ClockDIV_internal ; CLOCK       ; 0.500        ; 0.322      ; 8.809      ;
; -7.965  ; Uniciclo:UNI1|xregs:Regs1|xreg32[2][3]                                                                                  ; Uniciclo:UNI1|ramD:MemD|altsyncram:altsyncram_component|altsyncram_aos3:auto_generated|ram_block1a27~porta_address_reg0 ; ClockDIV_internal ; CLOCK       ; 0.500        ; 0.295      ; 8.778      ;
; -7.964  ; Uniciclo:UNI1|xregs:Regs1|xreg32[17][10]                                                                                ; Uniciclo:UNI1|ramD:MemD|altsyncram:altsyncram_component|altsyncram_aos3:auto_generated|ram_block1a27~porta_address_reg0 ; ClockDIV_internal ; CLOCK       ; 0.500        ; 0.324      ; 8.806      ;
; -7.960  ; Uniciclo:UNI1|ramI:MemC|altsyncram:altsyncram_component|altsyncram_s9s3:auto_generated|ram_block1a18~porta_address_reg0 ; Uniciclo:UNI1|ramD:MemD|altsyncram:altsyncram_component|altsyncram_aos3:auto_generated|ram_block1a0~porta_datain_reg0   ; CLOCK             ; CLOCK       ; 1.000        ; -0.079     ; 8.909      ;
; -7.958  ; Uniciclo:UNI1|xregs:Regs1|xreg32[19][4]                                                                                 ; Uniciclo:UNI1|ramD:MemD|altsyncram:altsyncram_component|altsyncram_aos3:auto_generated|ram_block1a0~porta_address_reg0  ; ClockDIV_internal ; CLOCK       ; 0.500        ; 0.287      ; 8.763      ;
; -7.957  ; Uniciclo:UNI1|xregs:Regs1|xreg32[30][0]                                                                                 ; Uniciclo:UNI1|ramD:MemD|altsyncram:altsyncram_component|altsyncram_aos3:auto_generated|ram_block1a27~porta_address_reg0 ; ClockDIV_internal ; CLOCK       ; 0.500        ; -0.061     ; 8.414      ;
; -7.956  ; Uniciclo:UNI1|xregs:Regs1|xreg32[2][4]                                                                                  ; Uniciclo:UNI1|ramD:MemD|altsyncram:altsyncram_component|altsyncram_aos3:auto_generated|ram_block1a9~porta_address_reg0  ; ClockDIV_internal ; CLOCK       ; 0.500        ; 0.304      ; 8.778      ;
; -7.953  ; Uniciclo:UNI1|xregs:Regs1|xreg32[20][2]                                                                                 ; Uniciclo:UNI1|ramD:MemD|altsyncram:altsyncram_component|altsyncram_aos3:auto_generated|ram_block1a9~porta_address_reg0  ; ClockDIV_internal ; CLOCK       ; 0.500        ; 0.311      ; 8.782      ;
; -7.952  ; Uniciclo:UNI1|xregs:Regs1|xreg32[17][6]                                                                                 ; Uniciclo:UNI1|ramD:MemD|altsyncram:altsyncram_component|altsyncram_aos3:auto_generated|ram_block1a0~porta_address_reg0  ; ClockDIV_internal ; CLOCK       ; 0.500        ; 0.319      ; 8.789      ;
; -7.952  ; Uniciclo:UNI1|xregs:Regs1|xreg32[10][1]                                                                                 ; Uniciclo:UNI1|ramD:MemD|altsyncram:altsyncram_component|altsyncram_aos3:auto_generated|ram_block1a18~porta_address_reg0 ; ClockDIV_internal ; CLOCK       ; 0.500        ; 0.321      ; 8.791      ;
; -7.949  ; Uniciclo:UNI1|xregs:Regs1|xreg32[17][6]                                                                                 ; Uniciclo:UNI1|ramD:MemD|altsyncram:altsyncram_component|altsyncram_aos3:auto_generated|ram_block1a18~porta_address_reg0 ; ClockDIV_internal ; CLOCK       ; 0.500        ; 0.331      ; 8.798      ;
; -7.949  ; Uniciclo:UNI1|xregs:Regs1|xreg32[10][1]                                                                                 ; Uniciclo:UNI1|ramD:MemD|altsyncram:altsyncram_component|altsyncram_aos3:auto_generated|ram_block1a0~porta_address_reg0  ; ClockDIV_internal ; CLOCK       ; 0.500        ; 0.309      ; 8.776      ;
; -7.947  ; Uniciclo:UNI1|xregs:Regs1|xreg32[16][2]                                                                                 ; Uniciclo:UNI1|ramD:MemD|altsyncram:altsyncram_component|altsyncram_aos3:auto_generated|ram_block1a0~porta_address_reg0  ; ClockDIV_internal ; CLOCK       ; 0.500        ; 0.303      ; 8.768      ;
; -7.944  ; Uniciclo:UNI1|xregs:Regs1|xreg32[16][2]                                                                                 ; Uniciclo:UNI1|ramD:MemD|altsyncram:altsyncram_component|altsyncram_aos3:auto_generated|ram_block1a18~porta_address_reg0 ; ClockDIV_internal ; CLOCK       ; 0.500        ; 0.315      ; 8.777      ;
; -7.944  ; Uniciclo:UNI1|xregs:Regs1|xreg32[2][2]                                                                                  ; Uniciclo:UNI1|ramD:MemD|altsyncram:altsyncram_component|altsyncram_aos3:auto_generated|ram_block1a9~porta_address_reg0  ; ClockDIV_internal ; CLOCK       ; 0.500        ; 0.300      ; 8.762      ;
; -7.942  ; Uniciclo:UNI1|xregs:Regs1|xreg32[17][10]                                                                                ; Uniciclo:UNI1|ramD:MemD|altsyncram:altsyncram_component|altsyncram_aos3:auto_generated|ram_block1a0~porta_address_reg0  ; ClockDIV_internal ; CLOCK       ; 0.500        ; 0.329      ; 8.789      ;
; -7.942  ; Uniciclo:UNI1|xregs:Regs1|xreg32[19][2]                                                                                 ; Uniciclo:UNI1|ramD:MemD|altsyncram:altsyncram_component|altsyncram_aos3:auto_generated|ram_block1a27~porta_address_reg0 ; ClockDIV_internal ; CLOCK       ; 0.500        ; 0.325      ; 8.785      ;
; -7.941  ; Uniciclo:UNI1|xregs:Regs1|xreg32[1][4]                                                                                  ; Uniciclo:UNI1|ramD:MemD|altsyncram:altsyncram_component|altsyncram_aos3:auto_generated|ram_block1a27~porta_address_reg0 ; ClockDIV_internal ; CLOCK       ; 0.500        ; 0.297      ; 8.756      ;
; -7.932  ; Uniciclo:UNI1|xregs:Regs1|xreg32[20][1]                                                                                 ; Uniciclo:UNI1|ramD:MemD|altsyncram:altsyncram_component|altsyncram_aos3:auto_generated|ram_block1a27~porta_address_reg0 ; ClockDIV_internal ; CLOCK       ; 0.500        ; 0.302      ; 8.752      ;
; -7.922  ; Uniciclo:UNI1|xregs:Regs1|xreg32[22][0]                                                                                 ; Uniciclo:UNI1|ramD:MemD|altsyncram:altsyncram_component|altsyncram_aos3:auto_generated|ram_block1a0~porta_address_reg0  ; ClockDIV_internal ; CLOCK       ; 0.500        ; 0.315      ; 8.755      ;
; -7.921  ; Uniciclo:UNI1|xregs:Regs1|xreg32[18][3]                                                                                 ; Uniciclo:UNI1|ramD:MemD|altsyncram:altsyncram_component|altsyncram_aos3:auto_generated|ram_block1a9~porta_address_reg0  ; ClockDIV_internal ; CLOCK       ; 0.500        ; 0.289      ; 8.728      ;
; -7.919  ; Uniciclo:UNI1|xregs:Regs1|xreg32[22][0]                                                                                 ; Uniciclo:UNI1|ramD:MemD|altsyncram:altsyncram_component|altsyncram_aos3:auto_generated|ram_block1a18~porta_address_reg0 ; ClockDIV_internal ; CLOCK       ; 0.500        ; 0.327      ; 8.764      ;
; -7.912  ; Uniciclo:UNI1|xregs:Regs1|xreg32[1][0]                                                                                  ; Uniciclo:UNI1|ramD:MemD|altsyncram:altsyncram_component|altsyncram_aos3:auto_generated|ram_block1a27~porta_address_reg0 ; ClockDIV_internal ; CLOCK       ; 0.500        ; 0.297      ; 8.727      ;
; -7.911  ; Uniciclo:UNI1|xregs:Regs1|xreg32[2][3]                                                                                  ; Uniciclo:UNI1|ramD:MemD|altsyncram:altsyncram_component|altsyncram_aos3:auto_generated|ram_block1a0~porta_address_reg0  ; ClockDIV_internal ; CLOCK       ; 0.500        ; 0.300      ; 8.729      ;
; -7.909  ; Uniciclo:UNI1|xregs:Regs1|xreg32[23][7]                                                                                 ; Uniciclo:UNI1|ramD:MemD|altsyncram:altsyncram_component|altsyncram_aos3:auto_generated|ram_block1a9~porta_address_reg0  ; ClockDIV_internal ; CLOCK       ; 0.500        ; 0.329      ; 8.756      ;
; -7.908  ; Uniciclo:UNI1|xregs:Regs1|xreg32[19][4]                                                                                 ; Uniciclo:UNI1|ramD:MemD|altsyncram:altsyncram_component|altsyncram_aos3:auto_generated|ram_block1a18~porta_address_reg0 ; ClockDIV_internal ; CLOCK       ; 0.500        ; 0.299      ; 8.725      ;
; -7.897  ; Uniciclo:UNI1|xregs:Regs1|xreg32[30][0]                                                                                 ; Uniciclo:UNI1|ramD:MemD|altsyncram:altsyncram_component|altsyncram_aos3:auto_generated|ram_block1a0~porta_address_reg0  ; ClockDIV_internal ; CLOCK       ; 0.500        ; -0.056     ; 8.359      ;
; -7.885  ; Uniciclo:UNI1|xregs:Regs1|xreg32[17][6]                                                                                 ; Uniciclo:UNI1|ramD:MemD|altsyncram:altsyncram_component|altsyncram_aos3:auto_generated|ram_block1a9~porta_address_reg0  ; ClockDIV_internal ; CLOCK       ; 0.500        ; 0.319      ; 8.722      ;
; -7.882  ; Uniciclo:UNI1|xregs:Regs1|xreg32[19][4]                                                                                 ; Uniciclo:UNI1|ramD:MemD|altsyncram:altsyncram_component|altsyncram_aos3:auto_generated|ram_block1a9~porta_address_reg0  ; ClockDIV_internal ; CLOCK       ; 0.500        ; 0.287      ; 8.687      ;
; -7.881  ; Uniciclo:UNI1|xregs:Regs1|xreg32[17][10]                                                                                ; Uniciclo:UNI1|ramD:MemD|altsyncram:altsyncram_component|altsyncram_aos3:auto_generated|ram_block1a18~porta_address_reg0 ; ClockDIV_internal ; CLOCK       ; 0.500        ; 0.341      ; 8.740      ;
; -7.880  ; Uniciclo:UNI1|xregs:Regs1|xreg32[16][2]                                                                                 ; Uniciclo:UNI1|ramD:MemD|altsyncram:altsyncram_component|altsyncram_aos3:auto_generated|ram_block1a9~porta_address_reg0  ; ClockDIV_internal ; CLOCK       ; 0.500        ; 0.303      ; 8.701      ;
; -7.874  ; Uniciclo:UNI1|xregs:Regs1|xreg32[22][2]                                                                                 ; Uniciclo:UNI1|ramD:MemD|altsyncram:altsyncram_component|altsyncram_aos3:auto_generated|ram_block1a27~porta_address_reg0 ; ClockDIV_internal ; CLOCK       ; 0.500        ; 0.298      ; 8.690      ;
; -7.874  ; Uniciclo:UNI1|xregs:Regs1|xreg32[23][7]                                                                                 ; Uniciclo:UNI1|ramD:MemD|altsyncram:altsyncram_component|altsyncram_aos3:auto_generated|ram_block1a27~porta_address_reg0 ; ClockDIV_internal ; CLOCK       ; 0.500        ; 0.324      ; 8.716      ;
; -7.869  ; Uniciclo:UNI1|xregs:Regs1|xreg32[1][0]                                                                                  ; Uniciclo:UNI1|ramD:MemD|altsyncram:altsyncram_component|altsyncram_aos3:auto_generated|ram_block1a0~porta_address_reg0  ; ClockDIV_internal ; CLOCK       ; 0.500        ; 0.302      ; 8.689      ;
; -7.866  ; Uniciclo:UNI1|xregs:Regs1|xreg32[18][3]                                                                                 ; Uniciclo:UNI1|ramD:MemD|altsyncram:altsyncram_component|altsyncram_aos3:auto_generated|ram_block1a18~porta_address_reg0 ; ClockDIV_internal ; CLOCK       ; 0.500        ; 0.301      ; 8.685      ;
; -7.865  ; Uniciclo:UNI1|xregs:Regs1|xreg32[16][0]                                                                                 ; Uniciclo:UNI1|ramD:MemD|altsyncram:altsyncram_component|altsyncram_aos3:auto_generated|ram_block1a27~porta_address_reg0 ; ClockDIV_internal ; CLOCK       ; 0.500        ; 0.317      ; 8.700      ;
; -7.863  ; Uniciclo:UNI1|xregs:Regs1|xreg32[21][3]                                                                                 ; Uniciclo:UNI1|ramD:MemD|altsyncram:altsyncram_component|altsyncram_aos3:auto_generated|ram_block1a27~porta_address_reg0 ; ClockDIV_internal ; CLOCK       ; 0.500        ; 0.322      ; 8.703      ;
; -7.855  ; Uniciclo:UNI1|xregs:Regs1|xreg32[22][0]                                                                                 ; Uniciclo:UNI1|ramD:MemD|altsyncram:altsyncram_component|altsyncram_aos3:auto_generated|ram_block1a9~porta_address_reg0  ; ClockDIV_internal ; CLOCK       ; 0.500        ; 0.315      ; 8.688      ;
; -7.854  ; Uniciclo:UNI1|xregs:Regs1|xreg32[23][7]                                                                                 ; Uniciclo:UNI1|ramD:MemD|altsyncram:altsyncram_component|altsyncram_aos3:auto_generated|ram_block1a18~porta_address_reg0 ; ClockDIV_internal ; CLOCK       ; 0.500        ; 0.341      ; 8.713      ;
; -7.853  ; Uniciclo:UNI1|xregs:Regs1|xreg32[30][10]                                                                                ; Uniciclo:UNI1|ramD:MemD|altsyncram:altsyncram_component|altsyncram_aos3:auto_generated|ram_block1a27~porta_address_reg0 ; ClockDIV_internal ; CLOCK       ; 0.500        ; 0.300      ; 8.671      ;
; -7.845  ; Uniciclo:UNI1|xregs:Regs1|xreg32[5][0]                                                                                  ; Uniciclo:UNI1|ramD:MemD|altsyncram:altsyncram_component|altsyncram_aos3:auto_generated|ram_block1a27~porta_address_reg0 ; ClockDIV_internal ; CLOCK       ; 0.500        ; 0.319      ; 8.682      ;
; -7.843  ; Uniciclo:UNI1|xregs:Regs1|xreg32[19][0]                                                                                 ; Uniciclo:UNI1|ramD:MemD|altsyncram:altsyncram_component|altsyncram_aos3:auto_generated|ram_block1a27~porta_address_reg0 ; ClockDIV_internal ; CLOCK       ; 0.500        ; 0.283      ; 8.644      ;
; -7.841  ; Uniciclo:UNI1|xregs:Regs1|xreg32[21][4]                                                                                 ; Uniciclo:UNI1|ramD:MemD|altsyncram:altsyncram_component|altsyncram_aos3:auto_generated|ram_block1a27~porta_address_reg0 ; ClockDIV_internal ; CLOCK       ; 0.500        ; 0.322      ; 8.681      ;
; -7.841  ; Uniciclo:UNI1|xregs:Regs1|xreg32[27][0]                                                                                 ; Uniciclo:UNI1|ramD:MemD|altsyncram:altsyncram_component|altsyncram_aos3:auto_generated|ram_block1a0~porta_address_reg0  ; ClockDIV_internal ; CLOCK       ; 0.500        ; 0.300      ; 8.659      ;
; -7.838  ; Uniciclo:UNI1|xregs:Regs1|xreg32[26][0]                                                                                 ; Uniciclo:UNI1|ramD:MemD|altsyncram:altsyncram_component|altsyncram_aos3:auto_generated|ram_block1a0~porta_address_reg0  ; ClockDIV_internal ; CLOCK       ; 0.500        ; 0.304      ; 8.660      ;
; -7.838  ; Uniciclo:UNI1|xregs:Regs1|xreg32[27][0]                                                                                 ; Uniciclo:UNI1|ramD:MemD|altsyncram:altsyncram_component|altsyncram_aos3:auto_generated|ram_block1a18~porta_address_reg0 ; ClockDIV_internal ; CLOCK       ; 0.500        ; 0.312      ; 8.668      ;
; -7.838  ; Uniciclo:UNI1|xregs:Regs1|xreg32[30][2]                                                                                 ; Uniciclo:UNI1|ramD:MemD|altsyncram:altsyncram_component|altsyncram_aos3:auto_generated|ram_block1a27~porta_address_reg0 ; ClockDIV_internal ; CLOCK       ; 0.500        ; 0.298      ; 8.654      ;
; -7.835  ; Uniciclo:UNI1|xregs:Regs1|xreg32[26][0]                                                                                 ; Uniciclo:UNI1|ramD:MemD|altsyncram:altsyncram_component|altsyncram_aos3:auto_generated|ram_block1a18~porta_address_reg0 ; ClockDIV_internal ; CLOCK       ; 0.500        ; 0.316      ; 8.669      ;
; -7.833  ; Uniciclo:UNI1|xregs:Regs1|xreg32[18][0]                                                                                 ; Uniciclo:UNI1|ramD:MemD|altsyncram:altsyncram_component|altsyncram_aos3:auto_generated|ram_block1a0~porta_address_reg0  ; ClockDIV_internal ; CLOCK       ; 0.500        ; -0.031     ; 8.320      ;
; -7.831  ; Uniciclo:UNI1|xregs:Regs1|xreg32[30][10]                                                                                ; Uniciclo:UNI1|ramD:MemD|altsyncram:altsyncram_component|altsyncram_aos3:auto_generated|ram_block1a0~porta_address_reg0  ; ClockDIV_internal ; CLOCK       ; 0.500        ; 0.305      ; 8.654      ;
; -7.830  ; Uniciclo:UNI1|xregs:Regs1|xreg32[23][7]                                                                                 ; Uniciclo:UNI1|ramD:MemD|altsyncram:altsyncram_component|altsyncram_aos3:auto_generated|ram_block1a0~porta_address_reg0  ; ClockDIV_internal ; CLOCK       ; 0.500        ; 0.329      ; 8.677      ;
; -7.824  ; Uniciclo:UNI1|xregs:Regs1|xreg32[2][3]                                                                                  ; Uniciclo:UNI1|ramD:MemD|altsyncram:altsyncram_component|altsyncram_aos3:auto_generated|ram_block1a9~porta_address_reg0  ; ClockDIV_internal ; CLOCK       ; 0.500        ; 0.300      ; 8.642      ;
; -7.819  ; Uniciclo:UNI1|xregs:Regs1|xreg32[21][3]                                                                                 ; Uniciclo:UNI1|ramD:MemD|altsyncram:altsyncram_component|altsyncram_aos3:auto_generated|ram_block1a0~porta_address_reg0  ; ClockDIV_internal ; CLOCK       ; 0.500        ; 0.327      ; 8.664      ;
; -7.814  ; Uniciclo:UNI1|xregs:Regs1|xreg32[1][1]                                                                                  ; Uniciclo:UNI1|ramD:MemD|altsyncram:altsyncram_component|altsyncram_aos3:auto_generated|ram_block1a27~porta_address_reg0 ; ClockDIV_internal ; CLOCK       ; 0.500        ; 0.323      ; 8.655      ;
; -7.810  ; Uniciclo:UNI1|xregs:Regs1|xreg32[28][4]                                                                                 ; Uniciclo:UNI1|ramD:MemD|altsyncram:altsyncram_component|altsyncram_aos3:auto_generated|ram_block1a27~porta_address_reg0 ; ClockDIV_internal ; CLOCK       ; 0.500        ; 0.298      ; 8.626      ;
; -7.807  ; Uniciclo:UNI1|xregs:Regs1|xreg32[28][2]                                                                                 ; Uniciclo:UNI1|ramD:MemD|altsyncram:altsyncram_component|altsyncram_aos3:auto_generated|ram_block1a0~porta_address_reg0  ; ClockDIV_internal ; CLOCK       ; 0.500        ; 0.301      ; 8.626      ;
; -7.807  ; Uniciclo:UNI1|xregs:Regs1|xreg32[19][0]                                                                                 ; Uniciclo:UNI1|ramD:MemD|altsyncram:altsyncram_component|altsyncram_aos3:auto_generated|ram_block1a0~porta_address_reg0  ; ClockDIV_internal ; CLOCK       ; 0.500        ; 0.288      ; 8.613      ;
+---------+-------------------------------------------------------------------------------------------------------------------------+-------------------------------------------------------------------------------------------------------------------------+-------------------+-------------+--------------+------------+------------+


+--------------------------------------------------------------------------------------------------------------------------------------------------------+
; Slow 1200mV 85C Model Hold: 'ClockDIV_internal'                                                                                                        ;
+-------+-------------------------------+-------------------------------+-------------------+-------------------+--------------+------------+------------+
; Slack ; From Node                     ; To Node                       ; Launch Clock      ; Latch Clock       ; Relationship ; Clock Skew ; Data Delay ;
+-------+-------------------------------+-------------------------------+-------------------+-------------------+--------------+------------+------------+
; 0.355 ; Uniciclo:UNI1|PC_internal[1]  ; Uniciclo:UNI1|PC_internal[1]  ; ClockDIV_internal ; ClockDIV_internal ; 0.000        ; 0.065      ; 0.577      ;
; 0.355 ; Uniciclo:UNI1|PC_internal[0]  ; Uniciclo:UNI1|PC_internal[0]  ; ClockDIV_internal ; ClockDIV_internal ; 0.000        ; 0.065      ; 0.577      ;
; 1.328 ; Uniciclo:UNI1|PC_internal[31] ; Uniciclo:UNI1|PC_internal[31] ; ClockDIV_internal ; ClockDIV_internal ; 0.000        ; 0.065      ; 1.550      ;
; 1.336 ; Uniciclo:UNI1|PC_internal[20] ; Uniciclo:UNI1|PC_internal[20] ; ClockDIV_internal ; ClockDIV_internal ; 0.000        ; 0.065      ; 1.558      ;
; 1.397 ; Uniciclo:UNI1|PC_internal[26] ; Uniciclo:UNI1|PC_internal[26] ; ClockDIV_internal ; ClockDIV_internal ; 0.000        ; 0.065      ; 1.619      ;
; 1.430 ; Uniciclo:UNI1|PC_internal[18] ; Uniciclo:UNI1|PC_internal[18] ; ClockDIV_internal ; ClockDIV_internal ; 0.000        ; 0.065      ; 1.652      ;
; 1.431 ; Uniciclo:UNI1|PC_internal[23] ; Uniciclo:UNI1|PC_internal[23] ; ClockDIV_internal ; ClockDIV_internal ; 0.000        ; 0.065      ; 1.653      ;
; 1.435 ; Uniciclo:UNI1|PC_internal[30] ; Uniciclo:UNI1|PC_internal[30] ; ClockDIV_internal ; ClockDIV_internal ; 0.000        ; 0.065      ; 1.657      ;
; 1.441 ; Uniciclo:UNI1|PC_internal[14] ; Uniciclo:UNI1|PC_internal[14] ; ClockDIV_internal ; ClockDIV_internal ; 0.000        ; 0.065      ; 1.663      ;
; 1.443 ; Uniciclo:UNI1|PC_internal[15] ; Uniciclo:UNI1|PC_internal[15] ; ClockDIV_internal ; ClockDIV_internal ; 0.000        ; 0.065      ; 1.665      ;
; 1.444 ; Uniciclo:UNI1|PC_internal[16] ; Uniciclo:UNI1|PC_internal[16] ; ClockDIV_internal ; ClockDIV_internal ; 0.000        ; 0.065      ; 1.666      ;
; 1.455 ; Uniciclo:UNI1|PC_internal[12] ; Uniciclo:UNI1|PC_internal[12] ; ClockDIV_internal ; ClockDIV_internal ; 0.000        ; 0.065      ; 1.677      ;
; 1.475 ; Uniciclo:UNI1|PC_internal[21] ; Uniciclo:UNI1|PC_internal[21] ; ClockDIV_internal ; ClockDIV_internal ; 0.000        ; 0.065      ; 1.697      ;
; 1.575 ; Uniciclo:UNI1|PC_internal[14] ; Uniciclo:UNI1|PC_internal[16] ; ClockDIV_internal ; ClockDIV_internal ; 0.000        ; 0.080      ; 1.812      ;
; 1.578 ; Uniciclo:UNI1|PC_internal[30] ; Uniciclo:UNI1|PC_internal[31] ; ClockDIV_internal ; ClockDIV_internal ; 0.000        ; 0.065      ; 1.800      ;
; 1.586 ; Uniciclo:UNI1|PC_internal[18] ; Uniciclo:UNI1|PC_internal[20] ; ClockDIV_internal ; ClockDIV_internal ; 0.000        ; 0.065      ; 1.808      ;
; 1.587 ; Uniciclo:UNI1|PC_internal[14] ; Uniciclo:UNI1|PC_internal[15] ; ClockDIV_internal ; ClockDIV_internal ; 0.000        ; 0.065      ; 1.809      ;
; 1.588 ; Uniciclo:UNI1|PC_internal[25] ; Uniciclo:UNI1|PC_internal[25] ; ClockDIV_internal ; ClockDIV_internal ; 0.000        ; 0.065      ; 1.810      ;
; 1.597 ; Uniciclo:UNI1|PC_internal[20] ; Uniciclo:UNI1|PC_internal[21] ; ClockDIV_internal ; ClockDIV_internal ; 0.000        ; 0.065      ; 1.819      ;
; 1.646 ; Uniciclo:UNI1|PC_internal[13] ; Uniciclo:UNI1|PC_internal[13] ; ClockDIV_internal ; ClockDIV_internal ; 0.000        ; 0.065      ; 1.868      ;
; 1.665 ; Uniciclo:UNI1|PC_internal[27] ; Uniciclo:UNI1|PC_internal[27] ; ClockDIV_internal ; ClockDIV_internal ; 0.000        ; 0.065      ; 1.887      ;
; 1.668 ; Uniciclo:UNI1|PC_internal[18] ; Uniciclo:UNI1|PC_internal[21] ; ClockDIV_internal ; ClockDIV_internal ; 0.000        ; 0.065      ; 1.890      ;
; 1.671 ; Uniciclo:UNI1|PC_internal[8]  ; Uniciclo:UNI1|PC_internal[8]  ; ClockDIV_internal ; ClockDIV_internal ; 0.000        ; 0.064      ; 1.892      ;
; 1.678 ; Uniciclo:UNI1|PC_internal[17] ; Uniciclo:UNI1|PC_internal[17] ; ClockDIV_internal ; ClockDIV_internal ; 0.000        ; 0.066      ; 1.901      ;
; 1.679 ; Uniciclo:UNI1|PC_internal[24] ; Uniciclo:UNI1|PC_internal[24] ; ClockDIV_internal ; ClockDIV_internal ; 0.000        ; 0.066      ; 1.902      ;
; 1.680 ; Uniciclo:UNI1|PC_internal[25] ; Uniciclo:UNI1|PC_internal[26] ; ClockDIV_internal ; ClockDIV_internal ; 0.000        ; 0.065      ; 1.902      ;
; 1.696 ; Uniciclo:UNI1|PC_internal[12] ; Uniciclo:UNI1|PC_internal[16] ; ClockDIV_internal ; ClockDIV_internal ; 0.000        ; 0.080      ; 1.933      ;
; 1.702 ; Uniciclo:UNI1|PC_internal[15] ; Uniciclo:UNI1|PC_internal[16] ; ClockDIV_internal ; ClockDIV_internal ; 0.000        ; 0.080      ; 1.939      ;
; 1.708 ; Uniciclo:UNI1|PC_internal[19] ; Uniciclo:UNI1|PC_internal[19] ; ClockDIV_internal ; ClockDIV_internal ; 0.000        ; 0.066      ; 1.931      ;
; 1.708 ; Uniciclo:UNI1|PC_internal[12] ; Uniciclo:UNI1|PC_internal[15] ; ClockDIV_internal ; ClockDIV_internal ; 0.000        ; 0.065      ; 1.930      ;
; 1.710 ; Uniciclo:UNI1|PC_internal[5]  ; Uniciclo:UNI1|PC_internal[5]  ; ClockDIV_internal ; ClockDIV_internal ; 0.000        ; 0.064      ; 1.931      ;
; 1.738 ; Uniciclo:UNI1|PC_internal[20] ; Uniciclo:UNI1|PC_internal[23] ; ClockDIV_internal ; ClockDIV_internal ; 0.000        ; 0.065      ; 1.960      ;
; 1.741 ; Uniciclo:UNI1|PC_internal[12] ; Uniciclo:UNI1|PC_internal[14] ; ClockDIV_internal ; ClockDIV_internal ; 0.000        ; 0.065      ; 1.963      ;
; 1.743 ; Uniciclo:UNI1|PC_internal[12] ; Uniciclo:UNI1|PC_internal[13] ; ClockDIV_internal ; ClockDIV_internal ; 0.000        ; 0.065      ; 1.965      ;
; 1.747 ; Uniciclo:UNI1|PC_internal[27] ; Uniciclo:UNI1|PC_internal[28] ; ClockDIV_internal ; ClockDIV_internal ; 0.000        ; 0.065      ; 1.969      ;
; 1.780 ; Uniciclo:UNI1|PC_internal[19] ; Uniciclo:UNI1|PC_internal[20] ; ClockDIV_internal ; ClockDIV_internal ; 0.000        ; 0.066      ; 2.003      ;
; 1.783 ; Uniciclo:UNI1|PC_internal[23] ; Uniciclo:UNI1|PC_internal[26] ; ClockDIV_internal ; ClockDIV_internal ; 0.000        ; 0.065      ; 2.005      ;
; 1.784 ; Uniciclo:UNI1|PC_internal[18] ; Uniciclo:UNI1|PC_internal[19] ; ClockDIV_internal ; ClockDIV_internal ; 0.000        ; 0.065      ; 2.006      ;
; 1.786 ; Uniciclo:UNI1|PC_internal[24] ; Uniciclo:UNI1|PC_internal[26] ; ClockDIV_internal ; ClockDIV_internal ; 0.000        ; 0.066      ; 2.009      ;
; 1.796 ; Uniciclo:UNI1|PC_internal[27] ; Uniciclo:UNI1|PC_internal[31] ; ClockDIV_internal ; ClockDIV_internal ; 0.000        ; 0.065      ; 2.018      ;
; 1.796 ; Uniciclo:UNI1|PC_internal[14] ; Uniciclo:UNI1|PC_internal[20] ; ClockDIV_internal ; ClockDIV_internal ; 0.000        ; 0.080      ; 2.033      ;
; 1.809 ; Uniciclo:UNI1|PC_internal[18] ; Uniciclo:UNI1|PC_internal[23] ; ClockDIV_internal ; ClockDIV_internal ; 0.000        ; 0.065      ; 2.031      ;
; 1.819 ; Uniciclo:UNI1|PC_internal[14] ; Uniciclo:UNI1|PC_internal[18] ; ClockDIV_internal ; ClockDIV_internal ; 0.000        ; 0.080      ; 2.056      ;
; 1.819 ; Uniciclo:UNI1|PC_internal[20] ; Uniciclo:UNI1|PC_internal[26] ; ClockDIV_internal ; ClockDIV_internal ; 0.000        ; 0.065      ; 2.041      ;
; 1.820 ; Uniciclo:UNI1|PC_internal[14] ; Uniciclo:UNI1|PC_internal[17] ; ClockDIV_internal ; ClockDIV_internal ; 0.000        ; 0.080      ; 2.057      ;
; 1.832 ; Uniciclo:UNI1|PC_internal[27] ; Uniciclo:UNI1|PC_internal[30] ; ClockDIV_internal ; ClockDIV_internal ; 0.000        ; 0.065      ; 2.054      ;
; 1.842 ; Uniciclo:UNI1|PC_internal[20] ; Uniciclo:UNI1|PC_internal[22] ; ClockDIV_internal ; ClockDIV_internal ; 0.000        ; 0.050      ; 2.049      ;
; 1.844 ; Uniciclo:UNI1|PC_internal[16] ; Uniciclo:UNI1|PC_internal[20] ; ClockDIV_internal ; ClockDIV_internal ; 0.000        ; 0.065      ; 2.066      ;
; 1.855 ; Uniciclo:UNI1|PC_internal[29] ; Uniciclo:UNI1|PC_internal[29] ; ClockDIV_internal ; ClockDIV_internal ; 0.000        ; 0.065      ; 2.077      ;
; 1.855 ; Uniciclo:UNI1|PC_internal[23] ; Uniciclo:UNI1|PC_internal[24] ; ClockDIV_internal ; ClockDIV_internal ; 0.000        ; 0.065      ; 2.077      ;
; 1.862 ; Uniciclo:UNI1|PC_internal[19] ; Uniciclo:UNI1|PC_internal[21] ; ClockDIV_internal ; ClockDIV_internal ; 0.000        ; 0.066      ; 2.085      ;
; 1.867 ; Uniciclo:UNI1|PC_internal[16] ; Uniciclo:UNI1|PC_internal[18] ; ClockDIV_internal ; ClockDIV_internal ; 0.000        ; 0.065      ; 2.089      ;
; 1.868 ; Uniciclo:UNI1|PC_internal[16] ; Uniciclo:UNI1|PC_internal[17] ; ClockDIV_internal ; ClockDIV_internal ; 0.000        ; 0.065      ; 2.090      ;
; 1.870 ; Uniciclo:UNI1|PC_internal[13] ; Uniciclo:UNI1|PC_internal[16] ; ClockDIV_internal ; ClockDIV_internal ; 0.000        ; 0.080      ; 2.107      ;
; 1.878 ; Uniciclo:UNI1|PC_internal[14] ; Uniciclo:UNI1|PC_internal[21] ; ClockDIV_internal ; ClockDIV_internal ; 0.000        ; 0.080      ; 2.115      ;
; 1.882 ; Uniciclo:UNI1|PC_internal[13] ; Uniciclo:UNI1|PC_internal[15] ; ClockDIV_internal ; ClockDIV_internal ; 0.000        ; 0.065      ; 2.104      ;
; 1.887 ; Uniciclo:UNI1|PC_internal[21] ; Uniciclo:UNI1|PC_internal[23] ; ClockDIV_internal ; ClockDIV_internal ; 0.000        ; 0.065      ; 2.109      ;
; 1.890 ; Uniciclo:UNI1|PC_internal[26] ; Uniciclo:UNI1|PC_internal[28] ; ClockDIV_internal ; ClockDIV_internal ; 0.000        ; 0.065      ; 2.112      ;
; 1.890 ; Uniciclo:UNI1|PC_internal[18] ; Uniciclo:UNI1|PC_internal[26] ; ClockDIV_internal ; ClockDIV_internal ; 0.000        ; 0.065      ; 2.112      ;
; 1.891 ; Uniciclo:UNI1|PC_internal[20] ; Uniciclo:UNI1|PC_internal[24] ; ClockDIV_internal ; ClockDIV_internal ; 0.000        ; 0.065      ; 2.113      ;
; 1.908 ; Uniciclo:UNI1|PC_internal[2]  ; Uniciclo:UNI1|PC_internal[2]  ; ClockDIV_internal ; ClockDIV_internal ; 0.000        ; 0.064      ; 2.129      ;
; 1.913 ; Uniciclo:UNI1|PC_internal[17] ; Uniciclo:UNI1|PC_internal[20] ; ClockDIV_internal ; ClockDIV_internal ; 0.000        ; 0.066      ; 2.136      ;
; 1.913 ; Uniciclo:UNI1|PC_internal[18] ; Uniciclo:UNI1|PC_internal[22] ; ClockDIV_internal ; ClockDIV_internal ; 0.000        ; 0.050      ; 2.120      ;
; 1.915 ; Uniciclo:UNI1|PC_internal[13] ; Uniciclo:UNI1|PC_internal[14] ; ClockDIV_internal ; ClockDIV_internal ; 0.000        ; 0.065      ; 2.137      ;
; 1.917 ; Uniciclo:UNI1|PC_internal[12] ; Uniciclo:UNI1|PC_internal[20] ; ClockDIV_internal ; ClockDIV_internal ; 0.000        ; 0.080      ; 2.154      ;
; 1.923 ; Uniciclo:UNI1|PC_internal[15] ; Uniciclo:UNI1|PC_internal[20] ; ClockDIV_internal ; ClockDIV_internal ; 0.000        ; 0.080      ; 2.160      ;
; 1.926 ; Uniciclo:UNI1|PC_internal[16] ; Uniciclo:UNI1|PC_internal[21] ; ClockDIV_internal ; ClockDIV_internal ; 0.000        ; 0.065      ; 2.148      ;
; 1.930 ; Uniciclo:UNI1|PC_internal[8]  ; Uniciclo:UNI1|PC_internal[9]  ; ClockDIV_internal ; ClockDIV_internal ; 0.000        ; 0.064      ; 2.151      ;
; 1.936 ; Uniciclo:UNI1|PC_internal[17] ; Uniciclo:UNI1|PC_internal[18] ; ClockDIV_internal ; ClockDIV_internal ; 0.000        ; 0.066      ; 2.159      ;
; 1.939 ; Uniciclo:UNI1|PC_internal[26] ; Uniciclo:UNI1|PC_internal[31] ; ClockDIV_internal ; ClockDIV_internal ; 0.000        ; 0.065      ; 2.161      ;
; 1.940 ; Uniciclo:UNI1|PC_internal[12] ; Uniciclo:UNI1|PC_internal[18] ; ClockDIV_internal ; ClockDIV_internal ; 0.000        ; 0.080      ; 2.177      ;
; 1.941 ; Uniciclo:UNI1|PC_internal[12] ; Uniciclo:UNI1|PC_internal[17] ; ClockDIV_internal ; ClockDIV_internal ; 0.000        ; 0.080      ; 2.178      ;
; 1.944 ; Uniciclo:UNI1|PC_internal[29] ; Uniciclo:UNI1|PC_internal[31] ; ClockDIV_internal ; ClockDIV_internal ; 0.000        ; 0.080      ; 2.181      ;
; 1.946 ; Uniciclo:UNI1|PC_internal[15] ; Uniciclo:UNI1|PC_internal[18] ; ClockDIV_internal ; ClockDIV_internal ; 0.000        ; 0.080      ; 2.183      ;
; 1.947 ; Uniciclo:UNI1|PC_internal[8]  ; Uniciclo:UNI1|PC_internal[10] ; ClockDIV_internal ; ClockDIV_internal ; 0.000        ; 0.064      ; 2.168      ;
; 1.947 ; Uniciclo:UNI1|PC_internal[15] ; Uniciclo:UNI1|PC_internal[17] ; ClockDIV_internal ; ClockDIV_internal ; 0.000        ; 0.080      ; 2.184      ;
; 1.953 ; Uniciclo:UNI1|PC_internal[28] ; Uniciclo:UNI1|PC_internal[30] ; ClockDIV_internal ; ClockDIV_internal ; 0.000        ; 0.065      ; 2.175      ;
; 1.959 ; Uniciclo:UNI1|PC_internal[1]  ; Uniciclo:UNI1|PC_internal[2]  ; ClockDIV_internal ; ClockDIV_internal ; 0.000        ; 0.064      ; 2.180      ;
; 1.962 ; Uniciclo:UNI1|PC_internal[23] ; Uniciclo:UNI1|PC_internal[25] ; ClockDIV_internal ; ClockDIV_internal ; 0.000        ; 0.065      ; 2.184      ;
; 1.962 ; Uniciclo:UNI1|PC_internal[18] ; Uniciclo:UNI1|PC_internal[24] ; ClockDIV_internal ; ClockDIV_internal ; 0.000        ; 0.065      ; 2.184      ;
; 1.965 ; Uniciclo:UNI1|PC_internal[24] ; Uniciclo:UNI1|PC_internal[25] ; ClockDIV_internal ; ClockDIV_internal ; 0.000        ; 0.066      ; 2.188      ;
; 1.968 ; Uniciclo:UNI1|PC_internal[21] ; Uniciclo:UNI1|PC_internal[26] ; ClockDIV_internal ; ClockDIV_internal ; 0.000        ; 0.065      ; 2.190      ;
; 1.975 ; Uniciclo:UNI1|PC_internal[26] ; Uniciclo:UNI1|PC_internal[30] ; ClockDIV_internal ; ClockDIV_internal ; 0.000        ; 0.065      ; 2.197      ;
; 1.976 ; Uniciclo:UNI1|PC_internal[0]  ; Uniciclo:UNI1|PC_internal[2]  ; ClockDIV_internal ; ClockDIV_internal ; 0.000        ; 0.064      ; 2.197      ;
; 1.978 ; Uniciclo:UNI1|PC_internal[27] ; Uniciclo:UNI1|PC_internal[29] ; ClockDIV_internal ; ClockDIV_internal ; 0.000        ; 0.050      ; 2.185      ;
; 1.979 ; Uniciclo:UNI1|PC_internal[0]  ; Uniciclo:UNI1|PC_internal[1]  ; ClockDIV_internal ; ClockDIV_internal ; 0.000        ; 0.065      ; 2.201      ;
; 1.980 ; Uniciclo:UNI1|PC_internal[29] ; Uniciclo:UNI1|PC_internal[30] ; ClockDIV_internal ; ClockDIV_internal ; 0.000        ; 0.080      ; 2.217      ;
; 1.987 ; Uniciclo:UNI1|PC_internal[22] ; Uniciclo:UNI1|PC_internal[22] ; ClockDIV_internal ; ClockDIV_internal ; 0.000        ; 0.065      ; 2.209      ;
; 1.991 ; Uniciclo:UNI1|PC_internal[21] ; Uniciclo:UNI1|PC_internal[22] ; ClockDIV_internal ; ClockDIV_internal ; 0.000        ; 0.050      ; 2.198      ;
; 1.992 ; Uniciclo:UNI1|PC_internal[17] ; Uniciclo:UNI1|PC_internal[21] ; ClockDIV_internal ; ClockDIV_internal ; 0.000        ; 0.066      ; 2.215      ;
; 1.994 ; Uniciclo:UNI1|PC_internal[14] ; Uniciclo:UNI1|PC_internal[19] ; ClockDIV_internal ; ClockDIV_internal ; 0.000        ; 0.080      ; 2.231      ;
; 1.994 ; Uniciclo:UNI1|PC_internal[25] ; Uniciclo:UNI1|PC_internal[28] ; ClockDIV_internal ; ClockDIV_internal ; 0.000        ; 0.065      ; 2.216      ;
; 1.998 ; Uniciclo:UNI1|PC_internal[20] ; Uniciclo:UNI1|PC_internal[25] ; ClockDIV_internal ; ClockDIV_internal ; 0.000        ; 0.065      ; 2.220      ;
; 1.999 ; Uniciclo:UNI1|PC_internal[12] ; Uniciclo:UNI1|PC_internal[21] ; ClockDIV_internal ; ClockDIV_internal ; 0.000        ; 0.080      ; 2.236      ;
; 2.003 ; Uniciclo:UNI1|PC_internal[19] ; Uniciclo:UNI1|PC_internal[23] ; ClockDIV_internal ; ClockDIV_internal ; 0.000        ; 0.066      ; 2.226      ;
; 2.005 ; Uniciclo:UNI1|PC_internal[1]  ; Uniciclo:UNI1|PC_internal[3]  ; ClockDIV_internal ; ClockDIV_internal ; 0.000        ; 0.402      ; 2.564      ;
; 2.005 ; Uniciclo:UNI1|PC_internal[15] ; Uniciclo:UNI1|PC_internal[21] ; ClockDIV_internal ; ClockDIV_internal ; 0.000        ; 0.080      ; 2.242      ;
; 2.016 ; Uniciclo:UNI1|PC_internal[5]  ; Uniciclo:UNI1|PC_internal[7]  ; ClockDIV_internal ; ClockDIV_internal ; 0.000        ; 0.402      ; 2.575      ;
; 2.019 ; Uniciclo:UNI1|PC_internal[14] ; Uniciclo:UNI1|PC_internal[23] ; ClockDIV_internal ; ClockDIV_internal ; 0.000        ; 0.080      ; 2.256      ;
; 2.022 ; Uniciclo:UNI1|PC_internal[0]  ; Uniciclo:UNI1|PC_internal[3]  ; ClockDIV_internal ; ClockDIV_internal ; 0.000        ; 0.402      ; 2.581      ;
+-------+-------------------------------+-------------------------------+-------------------+-------------------+--------------+------------+------------+


+-------------------------------------------------------------------------------------------------------------------------------------------------------------------------------------------------------------------------------------------------------+
; Slow 1200mV 85C Model Hold: 'CLOCK'                                                                                                                                                                                                                   ;
+-------+------------------------------------------+-------------------------------------------------------------------------------------------------------------------------+-------------------+-------------+--------------+------------+------------+
; Slack ; From Node                                ; To Node                                                                                                                 ; Launch Clock      ; Latch Clock ; Relationship ; Clock Skew ; Data Delay ;
+-------+------------------------------------------+-------------------------------------------------------------------------------------------------------------------------+-------------------+-------------+--------------+------------+------------+
; 0.466 ; ClockDIV_internal                        ; ClockDIV_internal                                                                                                       ; ClockDIV_internal ; CLOCK       ; 0.000        ; 2.076      ; 2.928      ;
; 0.953 ; Uniciclo:UNI1|PC_internal[11]            ; Uniciclo:UNI1|ramI:MemC|altsyncram:altsyncram_component|altsyncram_s9s3:auto_generated|ram_block1a27~porta_address_reg0 ; ClockDIV_internal ; CLOCK       ; -0.500       ; 0.488      ; 1.158      ;
; 0.955 ; Uniciclo:UNI1|PC_internal[9]             ; Uniciclo:UNI1|ramI:MemC|altsyncram:altsyncram_component|altsyncram_s9s3:auto_generated|ram_block1a0~porta_address_reg0  ; ClockDIV_internal ; CLOCK       ; -0.500       ; 0.493      ; 1.165      ;
; 0.958 ; Uniciclo:UNI1|PC_internal[8]             ; Uniciclo:UNI1|ramI:MemC|altsyncram:altsyncram_component|altsyncram_s9s3:auto_generated|ram_block1a0~porta_address_reg0  ; ClockDIV_internal ; CLOCK       ; -0.500       ; 0.493      ; 1.168      ;
; 0.979 ; Uniciclo:UNI1|PC_internal[9]             ; Uniciclo:UNI1|ramI:MemC|altsyncram:altsyncram_component|altsyncram_s9s3:auto_generated|ram_block1a27~porta_address_reg0 ; ClockDIV_internal ; CLOCK       ; -0.500       ; 0.488      ; 1.184      ;
; 0.997 ; Uniciclo:UNI1|PC_internal[10]            ; Uniciclo:UNI1|ramI:MemC|altsyncram:altsyncram_component|altsyncram_s9s3:auto_generated|ram_block1a0~porta_address_reg0  ; ClockDIV_internal ; CLOCK       ; -0.500       ; 0.493      ; 1.207      ;
; 1.002 ; Uniciclo:UNI1|PC_internal[8]             ; Uniciclo:UNI1|ramI:MemC|altsyncram:altsyncram_component|altsyncram_s9s3:auto_generated|ram_block1a27~porta_address_reg0 ; ClockDIV_internal ; CLOCK       ; -0.500       ; 0.488      ; 1.207      ;
; 1.003 ; Uniciclo:UNI1|PC_internal[5]             ; Uniciclo:UNI1|ramI:MemC|altsyncram:altsyncram_component|altsyncram_s9s3:auto_generated|ram_block1a27~porta_address_reg0 ; ClockDIV_internal ; CLOCK       ; -0.500       ; 0.488      ; 1.208      ;
; 1.008 ; ClockDIV_internal                        ; ClockDIV_internal                                                                                                       ; ClockDIV_internal ; CLOCK       ; -0.500       ; 2.076      ; 2.970      ;
; 1.109 ; Uniciclo:UNI1|PC_internal[11]            ; Uniciclo:UNI1|ramI:MemC|altsyncram:altsyncram_component|altsyncram_s9s3:auto_generated|ram_block1a0~porta_address_reg0  ; ClockDIV_internal ; CLOCK       ; -0.500       ; 0.493      ; 1.319      ;
; 1.161 ; Uniciclo:UNI1|PC_internal[2]             ; Uniciclo:UNI1|ramI:MemC|altsyncram:altsyncram_component|altsyncram_s9s3:auto_generated|ram_block1a27~porta_address_reg0 ; ClockDIV_internal ; CLOCK       ; -0.500       ; 0.488      ; 1.366      ;
; 1.219 ; Uniciclo:UNI1|PC_internal[10]            ; Uniciclo:UNI1|ramI:MemC|altsyncram:altsyncram_component|altsyncram_s9s3:auto_generated|ram_block1a27~porta_address_reg0 ; ClockDIV_internal ; CLOCK       ; -0.500       ; 0.488      ; 1.424      ;
; 1.233 ; Uniciclo:UNI1|PC_internal[2]             ; Uniciclo:UNI1|ramI:MemC|altsyncram:altsyncram_component|altsyncram_s9s3:auto_generated|ram_block1a0~porta_address_reg0  ; ClockDIV_internal ; CLOCK       ; -0.500       ; 0.493      ; 1.443      ;
; 1.253 ; Uniciclo:UNI1|PC_internal[8]             ; Uniciclo:UNI1|ramI:MemC|altsyncram:altsyncram_component|altsyncram_s9s3:auto_generated|ram_block1a18~porta_address_reg0 ; ClockDIV_internal ; CLOCK       ; -0.500       ; 0.506      ; 1.476      ;
; 1.261 ; Uniciclo:UNI1|PC_internal[5]             ; Uniciclo:UNI1|ramI:MemC|altsyncram:altsyncram_component|altsyncram_s9s3:auto_generated|ram_block1a0~porta_address_reg0  ; ClockDIV_internal ; CLOCK       ; -0.500       ; 0.493      ; 1.471      ;
; 1.280 ; Uniciclo:UNI1|PC_internal[3]             ; Uniciclo:UNI1|ramI:MemC|altsyncram:altsyncram_component|altsyncram_s9s3:auto_generated|ram_block1a27~porta_address_reg0 ; ClockDIV_internal ; CLOCK       ; -0.500       ; 0.164      ; 1.161      ;
; 1.283 ; Uniciclo:UNI1|PC_internal[8]             ; Uniciclo:UNI1|ramI:MemC|altsyncram:altsyncram_component|altsyncram_s9s3:auto_generated|ram_block1a9~porta_address_reg0  ; ClockDIV_internal ; CLOCK       ; -0.500       ; 0.509      ; 1.509      ;
; 1.308 ; Uniciclo:UNI1|PC_internal[7]             ; Uniciclo:UNI1|ramI:MemC|altsyncram:altsyncram_component|altsyncram_s9s3:auto_generated|ram_block1a0~porta_address_reg0  ; ClockDIV_internal ; CLOCK       ; -0.500       ; 0.169      ; 1.194      ;
; 1.311 ; Uniciclo:UNI1|PC_internal[4]             ; Uniciclo:UNI1|ramI:MemC|altsyncram:altsyncram_component|altsyncram_s9s3:auto_generated|ram_block1a27~porta_address_reg0 ; ClockDIV_internal ; CLOCK       ; -0.500       ; 0.164      ; 1.192      ;
; 1.316 ; Uniciclo:UNI1|PC_internal[6]             ; Uniciclo:UNI1|ramI:MemC|altsyncram:altsyncram_component|altsyncram_s9s3:auto_generated|ram_block1a27~porta_address_reg0 ; ClockDIV_internal ; CLOCK       ; -0.500       ; 0.164      ; 1.197      ;
; 1.328 ; Uniciclo:UNI1|PC_internal[4]             ; Uniciclo:UNI1|ramI:MemC|altsyncram:altsyncram_component|altsyncram_s9s3:auto_generated|ram_block1a0~porta_address_reg0  ; ClockDIV_internal ; CLOCK       ; -0.500       ; 0.169      ; 1.214      ;
; 1.336 ; Uniciclo:UNI1|PC_internal[6]             ; Uniciclo:UNI1|ramI:MemC|altsyncram:altsyncram_component|altsyncram_s9s3:auto_generated|ram_block1a0~porta_address_reg0  ; ClockDIV_internal ; CLOCK       ; -0.500       ; 0.169      ; 1.222      ;
; 1.344 ; Uniciclo:UNI1|PC_internal[11]            ; Uniciclo:UNI1|ramI:MemC|altsyncram:altsyncram_component|altsyncram_s9s3:auto_generated|ram_block1a9~porta_address_reg0  ; ClockDIV_internal ; CLOCK       ; -0.500       ; 0.509      ; 1.570      ;
; 1.353 ; Uniciclo:UNI1|PC_internal[9]             ; Uniciclo:UNI1|ramI:MemC|altsyncram:altsyncram_component|altsyncram_s9s3:auto_generated|ram_block1a9~porta_address_reg0  ; ClockDIV_internal ; CLOCK       ; -0.500       ; 0.509      ; 1.579      ;
; 1.364 ; Uniciclo:UNI1|PC_internal[5]             ; Uniciclo:UNI1|ramI:MemC|altsyncram:altsyncram_component|altsyncram_s9s3:auto_generated|ram_block1a9~porta_address_reg0  ; ClockDIV_internal ; CLOCK       ; -0.500       ; 0.509      ; 1.590      ;
; 1.368 ; Uniciclo:UNI1|PC_internal[10]            ; Uniciclo:UNI1|ramI:MemC|altsyncram:altsyncram_component|altsyncram_s9s3:auto_generated|ram_block1a9~porta_address_reg0  ; ClockDIV_internal ; CLOCK       ; -0.500       ; 0.509      ; 1.594      ;
; 1.429 ; Uniciclo:UNI1|PC_internal[2]             ; Uniciclo:UNI1|ramI:MemC|altsyncram:altsyncram_component|altsyncram_s9s3:auto_generated|ram_block1a9~porta_address_reg0  ; ClockDIV_internal ; CLOCK       ; -0.500       ; 0.509      ; 1.655      ;
; 1.450 ; Uniciclo:UNI1|PC_internal[4]             ; Uniciclo:UNI1|ramI:MemC|altsyncram:altsyncram_component|altsyncram_s9s3:auto_generated|ram_block1a9~porta_address_reg0  ; ClockDIV_internal ; CLOCK       ; -0.500       ; 0.185      ; 1.352      ;
; 1.485 ; Uniciclo:UNI1|PC_internal[6]             ; Uniciclo:UNI1|ramI:MemC|altsyncram:altsyncram_component|altsyncram_s9s3:auto_generated|ram_block1a9~porta_address_reg0  ; ClockDIV_internal ; CLOCK       ; -0.500       ; 0.185      ; 1.387      ;
; 1.490 ; Uniciclo:UNI1|PC_internal[7]             ; Uniciclo:UNI1|ramI:MemC|altsyncram:altsyncram_component|altsyncram_s9s3:auto_generated|ram_block1a9~porta_address_reg0  ; ClockDIV_internal ; CLOCK       ; -0.500       ; 0.185      ; 1.392      ;
; 1.511 ; Uniciclo:UNI1|PC_internal[6]             ; Uniciclo:UNI1|ramI:MemC|altsyncram:altsyncram_component|altsyncram_s9s3:auto_generated|ram_block1a18~porta_address_reg0 ; ClockDIV_internal ; CLOCK       ; -0.500       ; 0.182      ; 1.410      ;
; 1.527 ; Uniciclo:UNI1|PC_internal[3]             ; Uniciclo:UNI1|ramI:MemC|altsyncram:altsyncram_component|altsyncram_s9s3:auto_generated|ram_block1a18~porta_address_reg0 ; ClockDIV_internal ; CLOCK       ; -0.500       ; 0.182      ; 1.426      ;
; 1.534 ; Uniciclo:UNI1|PC_internal[3]             ; Uniciclo:UNI1|ramI:MemC|altsyncram:altsyncram_component|altsyncram_s9s3:auto_generated|ram_block1a0~porta_address_reg0  ; ClockDIV_internal ; CLOCK       ; -0.500       ; 0.169      ; 1.420      ;
; 1.544 ; Uniciclo:UNI1|PC_internal[3]             ; Uniciclo:UNI1|ramI:MemC|altsyncram:altsyncram_component|altsyncram_s9s3:auto_generated|ram_block1a9~porta_address_reg0  ; ClockDIV_internal ; CLOCK       ; -0.500       ; 0.185      ; 1.446      ;
; 1.560 ; Uniciclo:UNI1|PC_internal[5]             ; Uniciclo:UNI1|ramI:MemC|altsyncram:altsyncram_component|altsyncram_s9s3:auto_generated|ram_block1a18~porta_address_reg0 ; ClockDIV_internal ; CLOCK       ; -0.500       ; 0.506      ; 1.783      ;
; 1.566 ; Uniciclo:UNI1|PC_internal[11]            ; Uniciclo:UNI1|ramI:MemC|altsyncram:altsyncram_component|altsyncram_s9s3:auto_generated|ram_block1a18~porta_address_reg0 ; ClockDIV_internal ; CLOCK       ; -0.500       ; 0.506      ; 1.789      ;
; 1.589 ; Uniciclo:UNI1|PC_internal[7]             ; Uniciclo:UNI1|ramI:MemC|altsyncram:altsyncram_component|altsyncram_s9s3:auto_generated|ram_block1a27~porta_address_reg0 ; ClockDIV_internal ; CLOCK       ; -0.500       ; 0.164      ; 1.470      ;
; 1.668 ; Uniciclo:UNI1|PC_internal[9]             ; Uniciclo:UNI1|ramI:MemC|altsyncram:altsyncram_component|altsyncram_s9s3:auto_generated|ram_block1a18~porta_address_reg0 ; ClockDIV_internal ; CLOCK       ; -0.500       ; 0.506      ; 1.891      ;
; 1.686 ; Uniciclo:UNI1|PC_internal[10]            ; Uniciclo:UNI1|ramI:MemC|altsyncram:altsyncram_component|altsyncram_s9s3:auto_generated|ram_block1a18~porta_address_reg0 ; ClockDIV_internal ; CLOCK       ; -0.500       ; 0.506      ; 1.909      ;
; 1.688 ; Uniciclo:UNI1|PC_internal[4]             ; Uniciclo:UNI1|ramI:MemC|altsyncram:altsyncram_component|altsyncram_s9s3:auto_generated|ram_block1a18~porta_address_reg0 ; ClockDIV_internal ; CLOCK       ; -0.500       ; 0.182      ; 1.587      ;
; 1.692 ; Uniciclo:UNI1|PC_internal[2]             ; Uniciclo:UNI1|ramI:MemC|altsyncram:altsyncram_component|altsyncram_s9s3:auto_generated|ram_block1a18~porta_address_reg0 ; ClockDIV_internal ; CLOCK       ; -0.500       ; 0.506      ; 1.915      ;
; 1.766 ; Uniciclo:UNI1|PC_internal[7]             ; Uniciclo:UNI1|ramI:MemC|altsyncram:altsyncram_component|altsyncram_s9s3:auto_generated|ram_block1a18~porta_address_reg0 ; ClockDIV_internal ; CLOCK       ; -0.500       ; 0.182      ; 1.665      ;
; 1.937 ; Uniciclo:UNI1|xregs:Regs1|xreg32[3][4]   ; Uniciclo:UNI1|ramD:MemD|altsyncram:altsyncram_component|altsyncram_aos3:auto_generated|ram_block1a0~porta_datain_reg0   ; ClockDIV_internal ; CLOCK       ; -0.500       ; 0.477      ; 2.131      ;
; 1.963 ; Uniciclo:UNI1|xregs:Regs1|xreg32[14][11] ; Uniciclo:UNI1|ramD:MemD|altsyncram:altsyncram_component|altsyncram_aos3:auto_generated|ram_block1a9~porta_address_reg0  ; ClockDIV_internal ; CLOCK       ; -0.500       ; 0.471      ; 2.151      ;
; 2.106 ; Uniciclo:UNI1|xregs:Regs1|xreg32[13][4]  ; Uniciclo:UNI1|ramD:MemD|altsyncram:altsyncram_component|altsyncram_aos3:auto_generated|ram_block1a0~porta_datain_reg0   ; ClockDIV_internal ; CLOCK       ; -0.500       ; 0.483      ; 2.306      ;
; 2.140 ; Uniciclo:UNI1|xregs:Regs1|xreg32[15][11] ; Uniciclo:UNI1|ramD:MemD|altsyncram:altsyncram_component|altsyncram_aos3:auto_generated|ram_block1a9~porta_address_reg0  ; ClockDIV_internal ; CLOCK       ; -0.500       ; 0.471      ; 2.328      ;
; 2.219 ; Uniciclo:UNI1|xregs:Regs1|xreg32[12][5]  ; Uniciclo:UNI1|ramD:MemD|altsyncram:altsyncram_component|altsyncram_aos3:auto_generated|ram_block1a0~porta_datain_reg0   ; ClockDIV_internal ; CLOCK       ; -0.500       ; 0.483      ; 2.419      ;
; 2.220 ; Uniciclo:UNI1|xregs:Regs1|xreg32[11][11] ; Uniciclo:UNI1|ramD:MemD|altsyncram:altsyncram_component|altsyncram_aos3:auto_generated|ram_block1a9~porta_address_reg0  ; ClockDIV_internal ; CLOCK       ; -0.500       ; 0.470      ; 2.407      ;
; 2.227 ; Uniciclo:UNI1|xregs:Regs1|xreg32[14][11] ; Uniciclo:UNI1|ramD:MemD|altsyncram:altsyncram_component|altsyncram_aos3:auto_generated|ram_block1a18~porta_address_reg0 ; ClockDIV_internal ; CLOCK       ; -0.500       ; 0.484      ; 2.428      ;
; 2.268 ; Uniciclo:UNI1|xregs:Regs1|xreg32[14][11] ; Uniciclo:UNI1|ramD:MemD|altsyncram:altsyncram_component|altsyncram_aos3:auto_generated|ram_block1a0~porta_address_reg0  ; ClockDIV_internal ; CLOCK       ; -0.500       ; 0.471      ; 2.456      ;
; 2.282 ; Uniciclo:UNI1|xregs:Regs1|xreg32[13][2]  ; Uniciclo:UNI1|ramD:MemD|altsyncram:altsyncram_component|altsyncram_aos3:auto_generated|ram_block1a0~porta_datain_reg0   ; ClockDIV_internal ; CLOCK       ; -0.500       ; 0.483      ; 2.482      ;
; 2.284 ; Uniciclo:UNI1|xregs:Regs1|xreg32[14][11] ; Uniciclo:UNI1|ramD:MemD|altsyncram:altsyncram_component|altsyncram_aos3:auto_generated|ram_block1a27~porta_address_reg0 ; ClockDIV_internal ; CLOCK       ; -0.500       ; 0.465      ; 2.466      ;
; 2.333 ; Uniciclo:UNI1|xregs:Regs1|xreg32[3][0]   ; Uniciclo:UNI1|ramD:MemD|altsyncram:altsyncram_component|altsyncram_aos3:auto_generated|ram_block1a0~porta_datain_reg0   ; ClockDIV_internal ; CLOCK       ; -0.500       ; 0.477      ; 2.527      ;
; 2.342 ; Uniciclo:UNI1|xregs:Regs1|xreg32[23][14] ; Uniciclo:UNI1|ramD:MemD|altsyncram:altsyncram_component|altsyncram_aos3:auto_generated|ram_block1a9~porta_datain_reg0   ; ClockDIV_internal ; CLOCK       ; -0.500       ; 0.503      ; 2.562      ;
; 2.364 ; Uniciclo:UNI1|xregs:Regs1|xreg32[23][12] ; Uniciclo:UNI1|ramD:MemD|altsyncram:altsyncram_component|altsyncram_aos3:auto_generated|ram_block1a9~porta_datain_reg0   ; ClockDIV_internal ; CLOCK       ; -0.500       ; 0.503      ; 2.584      ;
; 2.380 ; Uniciclo:UNI1|xregs:Regs1|xreg32[30][9]  ; Uniciclo:UNI1|ramD:MemD|altsyncram:altsyncram_component|altsyncram_aos3:auto_generated|ram_block1a9~porta_datain_reg0   ; ClockDIV_internal ; CLOCK       ; -0.500       ; 0.494      ; 2.591      ;
; 2.404 ; Uniciclo:UNI1|xregs:Regs1|xreg32[15][11] ; Uniciclo:UNI1|ramD:MemD|altsyncram:altsyncram_component|altsyncram_aos3:auto_generated|ram_block1a18~porta_address_reg0 ; ClockDIV_internal ; CLOCK       ; -0.500       ; 0.484      ; 2.605      ;
; 2.420 ; Uniciclo:UNI1|xregs:Regs1|xreg32[7][19]  ; Uniciclo:UNI1|ramD:MemD|altsyncram:altsyncram_component|altsyncram_aos3:auto_generated|ram_block1a18~porta_datain_reg0  ; ClockDIV_internal ; CLOCK       ; -0.500       ; 0.511      ; 2.648      ;
; 2.421 ; Uniciclo:UNI1|xregs:Regs1|xreg32[29][19] ; Uniciclo:UNI1|ramD:MemD|altsyncram:altsyncram_component|altsyncram_aos3:auto_generated|ram_block1a18~porta_datain_reg0  ; ClockDIV_internal ; CLOCK       ; -0.500       ; 0.506      ; 2.644      ;
; 2.443 ; Uniciclo:UNI1|xregs:Regs1|xreg32[29][7]  ; Uniciclo:UNI1|ramD:MemD|altsyncram:altsyncram_component|altsyncram_aos3:auto_generated|ram_block1a0~porta_datain_reg0   ; ClockDIV_internal ; CLOCK       ; -0.500       ; 0.496      ; 2.656      ;
; 2.445 ; Uniciclo:UNI1|xregs:Regs1|xreg32[15][11] ; Uniciclo:UNI1|ramD:MemD|altsyncram:altsyncram_component|altsyncram_aos3:auto_generated|ram_block1a0~porta_address_reg0  ; ClockDIV_internal ; CLOCK       ; -0.500       ; 0.471      ; 2.633      ;
; 2.447 ; Uniciclo:UNI1|xregs:Regs1|xreg32[13][29] ; Uniciclo:UNI1|ramD:MemD|altsyncram:altsyncram_component|altsyncram_aos3:auto_generated|ram_block1a27~porta_datain_reg0  ; ClockDIV_internal ; CLOCK       ; -0.500       ; 0.498      ; 2.662      ;
; 2.461 ; Uniciclo:UNI1|xregs:Regs1|xreg32[15][11] ; Uniciclo:UNI1|ramD:MemD|altsyncram:altsyncram_component|altsyncram_aos3:auto_generated|ram_block1a27~porta_address_reg0 ; ClockDIV_internal ; CLOCK       ; -0.500       ; 0.465      ; 2.643      ;
; 2.482 ; Uniciclo:UNI1|xregs:Regs1|xreg32[25][4]  ; Uniciclo:UNI1|ramD:MemD|altsyncram:altsyncram_component|altsyncram_aos3:auto_generated|ram_block1a0~porta_datain_reg0   ; ClockDIV_internal ; CLOCK       ; -0.500       ; 0.494      ; 2.693      ;
; 2.484 ; Uniciclo:UNI1|xregs:Regs1|xreg32[11][11] ; Uniciclo:UNI1|ramD:MemD|altsyncram:altsyncram_component|altsyncram_aos3:auto_generated|ram_block1a18~porta_address_reg0 ; ClockDIV_internal ; CLOCK       ; -0.500       ; 0.483      ; 2.684      ;
; 2.493 ; Uniciclo:UNI1|xregs:Regs1|xreg32[7][5]   ; Uniciclo:UNI1|ramD:MemD|altsyncram:altsyncram_component|altsyncram_aos3:auto_generated|ram_block1a0~porta_datain_reg0   ; ClockDIV_internal ; CLOCK       ; -0.500       ; 0.481      ; 2.691      ;
; 2.501 ; Uniciclo:UNI1|xregs:Regs1|xreg32[15][10] ; Uniciclo:UNI1|ramD:MemD|altsyncram:altsyncram_component|altsyncram_aos3:auto_generated|ram_block1a9~porta_address_reg0  ; ClockDIV_internal ; CLOCK       ; -0.500       ; 0.474      ; 2.692      ;
; 2.507 ; Uniciclo:UNI1|xregs:Regs1|xreg32[7][17]  ; Uniciclo:UNI1|ramD:MemD|altsyncram:altsyncram_component|altsyncram_aos3:auto_generated|ram_block1a9~porta_datain_reg0   ; ClockDIV_internal ; CLOCK       ; -0.500       ; 0.496      ; 2.720      ;
; 2.512 ; Uniciclo:UNI1|xregs:Regs1|xreg32[15][10] ; Uniciclo:UNI1|ramD:MemD|altsyncram:altsyncram_component|altsyncram_aos3:auto_generated|ram_block1a18~porta_address_reg0 ; ClockDIV_internal ; CLOCK       ; -0.500       ; 0.487      ; 2.716      ;
; 2.525 ; Uniciclo:UNI1|xregs:Regs1|xreg32[11][11] ; Uniciclo:UNI1|ramD:MemD|altsyncram:altsyncram_component|altsyncram_aos3:auto_generated|ram_block1a0~porta_address_reg0  ; ClockDIV_internal ; CLOCK       ; -0.500       ; 0.470      ; 2.712      ;
; 2.527 ; Uniciclo:UNI1|xregs:Regs1|xreg32[19][23] ; Uniciclo:UNI1|ramD:MemD|altsyncram:altsyncram_component|altsyncram_aos3:auto_generated|ram_block1a18~porta_datain_reg0  ; ClockDIV_internal ; CLOCK       ; -0.500       ; 0.514      ; 2.758      ;
; 2.529 ; Uniciclo:UNI1|xregs:Regs1|xreg32[25][26] ; Uniciclo:UNI1|ramD:MemD|altsyncram:altsyncram_component|altsyncram_aos3:auto_generated|ram_block1a18~porta_datain_reg0  ; ClockDIV_internal ; CLOCK       ; -0.500       ; 0.143      ; 2.389      ;
; 2.529 ; Uniciclo:UNI1|xregs:Regs1|xreg32[12][19] ; Uniciclo:UNI1|ramD:MemD|altsyncram:altsyncram_component|altsyncram_aos3:auto_generated|ram_block1a18~porta_datain_reg0  ; ClockDIV_internal ; CLOCK       ; -0.500       ; 0.161      ; 2.407      ;
; 2.537 ; Uniciclo:UNI1|xregs:Regs1|xreg32[13][19] ; Uniciclo:UNI1|ramD:MemD|altsyncram:altsyncram_component|altsyncram_aos3:auto_generated|ram_block1a18~porta_datain_reg0  ; ClockDIV_internal ; CLOCK       ; -0.500       ; 0.117      ; 2.371      ;
; 2.538 ; Uniciclo:UNI1|xregs:Regs1|xreg32[13][21] ; Uniciclo:UNI1|ramD:MemD|altsyncram:altsyncram_component|altsyncram_aos3:auto_generated|ram_block1a18~porta_datain_reg0  ; ClockDIV_internal ; CLOCK       ; -0.500       ; 0.507      ; 2.762      ;
; 2.538 ; Uniciclo:UNI1|xregs:Regs1|xreg32[14][10] ; Uniciclo:UNI1|ramD:MemD|altsyncram:altsyncram_component|altsyncram_aos3:auto_generated|ram_block1a9~porta_address_reg0  ; ClockDIV_internal ; CLOCK       ; -0.500       ; 0.474      ; 2.729      ;
; 2.538 ; Uniciclo:UNI1|xregs:Regs1|xreg32[15][23] ; Uniciclo:UNI1|ramD:MemD|altsyncram:altsyncram_component|altsyncram_aos3:auto_generated|ram_block1a18~porta_datain_reg0  ; ClockDIV_internal ; CLOCK       ; -0.500       ; 0.511      ; 2.766      ;
; 2.541 ; Uniciclo:UNI1|xregs:Regs1|xreg32[11][11] ; Uniciclo:UNI1|ramD:MemD|altsyncram:altsyncram_component|altsyncram_aos3:auto_generated|ram_block1a27~porta_address_reg0 ; ClockDIV_internal ; CLOCK       ; -0.500       ; 0.464      ; 2.722      ;
; 2.549 ; Uniciclo:UNI1|xregs:Regs1|xreg32[14][10] ; Uniciclo:UNI1|ramD:MemD|altsyncram:altsyncram_component|altsyncram_aos3:auto_generated|ram_block1a18~porta_address_reg0 ; ClockDIV_internal ; CLOCK       ; -0.500       ; 0.487      ; 2.753      ;
; 2.557 ; Uniciclo:UNI1|xregs:Regs1|xreg32[29][6]  ; Uniciclo:UNI1|ramD:MemD|altsyncram:altsyncram_component|altsyncram_aos3:auto_generated|ram_block1a0~porta_datain_reg0   ; ClockDIV_internal ; CLOCK       ; -0.500       ; 0.486      ; 2.760      ;
; 2.557 ; Uniciclo:UNI1|xregs:Regs1|xreg32[13][0]  ; Uniciclo:UNI1|ramD:MemD|altsyncram:altsyncram_component|altsyncram_aos3:auto_generated|ram_block1a0~porta_datain_reg0   ; ClockDIV_internal ; CLOCK       ; -0.500       ; 0.504      ; 2.778      ;
; 2.559 ; Uniciclo:UNI1|xregs:Regs1|xreg32[13][14] ; Uniciclo:UNI1|ramD:MemD|altsyncram:altsyncram_component|altsyncram_aos3:auto_generated|ram_block1a9~porta_datain_reg0   ; ClockDIV_internal ; CLOCK       ; -0.500       ; 0.167      ; 2.443      ;
; 2.561 ; Uniciclo:UNI1|xregs:Regs1|xreg32[7][4]   ; Uniciclo:UNI1|ramD:MemD|altsyncram:altsyncram_component|altsyncram_aos3:auto_generated|ram_block1a0~porta_datain_reg0   ; ClockDIV_internal ; CLOCK       ; -0.500       ; 0.479      ; 2.757      ;
; 2.561 ; Uniciclo:UNI1|xregs:Regs1|xreg32[29][12] ; Uniciclo:UNI1|ramD:MemD|altsyncram:altsyncram_component|altsyncram_aos3:auto_generated|ram_block1a9~porta_datain_reg0   ; ClockDIV_internal ; CLOCK       ; -0.500       ; 0.502      ; 2.780      ;
; 2.570 ; Uniciclo:UNI1|xregs:Regs1|xreg32[29][14] ; Uniciclo:UNI1|ramD:MemD|altsyncram:altsyncram_component|altsyncram_aos3:auto_generated|ram_block1a9~porta_datain_reg0   ; ClockDIV_internal ; CLOCK       ; -0.500       ; 0.493      ; 2.780      ;
; 2.571 ; Uniciclo:UNI1|xregs:Regs1|xreg32[12][17] ; Uniciclo:UNI1|ramD:MemD|altsyncram:altsyncram_component|altsyncram_aos3:auto_generated|ram_block1a9~porta_datain_reg0   ; ClockDIV_internal ; CLOCK       ; -0.500       ; 0.503      ; 2.791      ;
; 2.579 ; Uniciclo:UNI1|xregs:Regs1|xreg32[13][26] ; Uniciclo:UNI1|ramD:MemD|altsyncram:altsyncram_component|altsyncram_aos3:auto_generated|ram_block1a18~porta_datain_reg0  ; ClockDIV_internal ; CLOCK       ; -0.500       ; 0.517      ; 2.813      ;
; 2.584 ; Uniciclo:UNI1|xregs:Regs1|xreg32[15][17] ; Uniciclo:UNI1|ramD:MemD|altsyncram:altsyncram_component|altsyncram_aos3:auto_generated|ram_block1a9~porta_datain_reg0   ; ClockDIV_internal ; CLOCK       ; -0.500       ; 0.480      ; 2.781      ;
; 2.592 ; Uniciclo:UNI1|xregs:Regs1|xreg32[15][24] ; Uniciclo:UNI1|ramD:MemD|altsyncram:altsyncram_component|altsyncram_aos3:auto_generated|ram_block1a18~porta_datain_reg0  ; ClockDIV_internal ; CLOCK       ; -0.500       ; 0.169      ; 2.478      ;
; 2.596 ; Uniciclo:UNI1|xregs:Regs1|xreg32[14][8]  ; Uniciclo:UNI1|ramD:MemD|altsyncram:altsyncram_component|altsyncram_aos3:auto_generated|ram_block1a0~porta_datain_reg0   ; ClockDIV_internal ; CLOCK       ; -0.500       ; 0.495      ; 2.808      ;
; 2.599 ; Uniciclo:UNI1|xregs:Regs1|xreg32[29][4]  ; Uniciclo:UNI1|ramD:MemD|altsyncram:altsyncram_component|altsyncram_aos3:auto_generated|ram_block1a0~porta_datain_reg0   ; ClockDIV_internal ; CLOCK       ; -0.500       ; 0.486      ; 2.802      ;
; 2.601 ; Uniciclo:UNI1|xregs:Regs1|xreg32[4][4]   ; Uniciclo:UNI1|ramD:MemD|altsyncram:altsyncram_component|altsyncram_aos3:auto_generated|ram_block1a0~porta_datain_reg0   ; ClockDIV_internal ; CLOCK       ; -0.500       ; 0.495      ; 2.813      ;
; 2.615 ; Uniciclo:UNI1|xregs:Regs1|xreg32[7][22]  ; Uniciclo:UNI1|ramD:MemD|altsyncram:altsyncram_component|altsyncram_aos3:auto_generated|ram_block1a18~porta_datain_reg0  ; ClockDIV_internal ; CLOCK       ; -0.500       ; 0.146      ; 2.478      ;
; 2.621 ; Uniciclo:UNI1|xregs:Regs1|xreg32[12][7]  ; Uniciclo:UNI1|ramD:MemD|altsyncram:altsyncram_component|altsyncram_aos3:auto_generated|ram_block1a0~porta_datain_reg0   ; ClockDIV_internal ; CLOCK       ; -0.500       ; 0.489      ; 2.827      ;
; 2.626 ; Uniciclo:UNI1|xregs:Regs1|xreg32[13][6]  ; Uniciclo:UNI1|ramD:MemD|altsyncram:altsyncram_component|altsyncram_aos3:auto_generated|ram_block1a0~porta_datain_reg0   ; ClockDIV_internal ; CLOCK       ; -0.500       ; 0.092      ; 2.435      ;
; 2.632 ; Uniciclo:UNI1|xregs:Regs1|xreg32[26][20] ; Uniciclo:UNI1|ramD:MemD|altsyncram:altsyncram_component|altsyncram_aos3:auto_generated|ram_block1a18~porta_datain_reg0  ; ClockDIV_internal ; CLOCK       ; -0.500       ; 0.493      ; 2.842      ;
; 2.635 ; Uniciclo:UNI1|xregs:Regs1|xreg32[25][12] ; Uniciclo:UNI1|ramD:MemD|altsyncram:altsyncram_component|altsyncram_aos3:auto_generated|ram_block1a9~porta_datain_reg0   ; ClockDIV_internal ; CLOCK       ; -0.500       ; 0.501      ; 2.853      ;
; 2.647 ; Uniciclo:UNI1|xregs:Regs1|xreg32[26][26] ; Uniciclo:UNI1|ramD:MemD|altsyncram:altsyncram_component|altsyncram_aos3:auto_generated|ram_block1a18~porta_datain_reg0  ; ClockDIV_internal ; CLOCK       ; -0.500       ; 0.493      ; 2.857      ;
; 2.656 ; Uniciclo:UNI1|xregs:Regs1|xreg32[7][11]  ; Uniciclo:UNI1|ramD:MemD|altsyncram:altsyncram_component|altsyncram_aos3:auto_generated|ram_block1a9~porta_datain_reg0   ; ClockDIV_internal ; CLOCK       ; -0.500       ; 0.496      ; 2.869      ;
; 2.657 ; Uniciclo:UNI1|xregs:Regs1|xreg32[25][18] ; Uniciclo:UNI1|ramD:MemD|altsyncram:altsyncram_component|altsyncram_aos3:auto_generated|ram_block1a18~porta_datain_reg0  ; ClockDIV_internal ; CLOCK       ; -0.500       ; 0.149      ; 2.523      ;
+-------+------------------------------------------+-------------------------------------------------------------------------------------------------------------------------+-------------------+-------------+--------------+------------+------------+


-----------------------------------------------
; Slow 1200mV 85C Model Metastability Summary ;
-----------------------------------------------
No synchronizer chains to report.


+--------------------------------------------------------+
; Slow 1200mV 0C Model Fmax Summary                      ;
+-----------+-----------------+-------------------+------+
; Fmax      ; Restricted Fmax ; Clock Name        ; Note ;
+-----------+-----------------+-------------------+------+
; 92.37 MHz ; 92.37 MHz       ; CLOCK             ;      ;
; 97.36 MHz ; 97.36 MHz       ; ClockDIV_internal ;      ;
+-----------+-----------------+-------------------+------+
This panel reports FMAX for every clock in the design, regardless of the user-specified clock periods.  FMAX is only computed for paths where the source and destination registers or ports are driven by the same clock.  Paths of different clocks, including generated clocks, are ignored.  For paths between a clock and its inversion, FMAX is computed as if the rising and falling edges are scaled along with FMAX, such that the duty cycle (in terms of a percentage) is maintained. Altera recommends that you always use clock constraints and other slack reports for sign-off analysis.


+---------------------------------------------+
; Slow 1200mV 0C Model Setup Summary          ;
+-------------------+---------+---------------+
; Clock             ; Slack   ; End Point TNS ;
+-------------------+---------+---------------+
; ClockDIV_internal ; -12.827 ; -11967.839    ;
; CLOCK             ; -9.826  ; -86.386       ;
+-------------------+---------+---------------+


+-------------------------------------------+
; Slow 1200mV 0C Model Hold Summary         ;
+-------------------+-------+---------------+
; Clock             ; Slack ; End Point TNS ;
+-------------------+-------+---------------+
; ClockDIV_internal ; 0.312 ; 0.000         ;
; CLOCK             ; 0.412 ; 0.000         ;
+-------------------+-------+---------------+


-----------------------------------------
; Slow 1200mV 0C Model Recovery Summary ;
-----------------------------------------
No paths to report.


----------------------------------------
; Slow 1200mV 0C Model Removal Summary ;
----------------------------------------
No paths to report.


+--------------------------------------------------+
; Slow 1200mV 0C Model Minimum Pulse Width Summary ;
+-------------------+--------+---------------------+
; Clock             ; Slack  ; End Point TNS       ;
+-------------------+--------+---------------------+
; CLOCK             ; -3.000 ; -47.480             ;
; ClockDIV_internal ; -1.000 ; -1024.000           ;
+-------------------+--------+---------------------+


+----------------------------------------------------------------------------------------------------------------------------------------------------------------------------------------------------------------------------------------------------------+
; Slow 1200mV 0C Model Setup: 'ClockDIV_internal'                                                                                                                                                                                                          ;
+---------+-------------------------------------------------------------------------------------------------------------------------+------------------------------------------+--------------+-------------------+--------------+------------+------------+
; Slack   ; From Node                                                                                                               ; To Node                                  ; Launch Clock ; Latch Clock       ; Relationship ; Clock Skew ; Data Delay ;
+---------+-------------------------------------------------------------------------------------------------------------------------+------------------------------------------+--------------+-------------------+--------------+------------+------------+
; -12.827 ; Uniciclo:UNI1|ramI:MemC|altsyncram:altsyncram_component|altsyncram_s9s3:auto_generated|ram_block1a18~porta_address_reg0 ; Uniciclo:UNI1|xregs:Regs1|xreg32[26][20] ; CLOCK        ; ClockDIV_internal ; 0.500        ; -0.503     ; 12.809     ;
; -12.732 ; Uniciclo:UNI1|ramI:MemC|altsyncram:altsyncram_component|altsyncram_s9s3:auto_generated|ram_block1a18~porta_address_reg0 ; Uniciclo:UNI1|xregs:Regs1|xreg32[30][22] ; CLOCK        ; ClockDIV_internal ; 0.500        ; -0.505     ; 12.712     ;
; -12.704 ; Uniciclo:UNI1|ramI:MemC|altsyncram:altsyncram_component|altsyncram_s9s3:auto_generated|ram_block1a9~porta_address_reg0  ; Uniciclo:UNI1|xregs:Regs1|xreg32[26][20] ; CLOCK        ; ClockDIV_internal ; 0.500        ; -0.504     ; 12.685     ;
; -12.683 ; Uniciclo:UNI1|ramI:MemC|altsyncram:altsyncram_component|altsyncram_s9s3:auto_generated|ram_block1a18~porta_address_reg0 ; Uniciclo:UNI1|xregs:Regs1|xreg32[26][23] ; CLOCK        ; ClockDIV_internal ; 0.500        ; -0.489     ; 12.679     ;
; -12.682 ; Uniciclo:UNI1|ramI:MemC|altsyncram:altsyncram_component|altsyncram_s9s3:auto_generated|ram_block1a18~porta_address_reg0 ; Uniciclo:UNI1|xregs:Regs1|xreg32[18][23] ; CLOCK        ; ClockDIV_internal ; 0.500        ; -0.489     ; 12.678     ;
; -12.657 ; Uniciclo:UNI1|ramI:MemC|altsyncram:altsyncram_component|altsyncram_s9s3:auto_generated|ram_block1a18~porta_address_reg0 ; Uniciclo:UNI1|xregs:Regs1|xreg32[22][25] ; CLOCK        ; ClockDIV_internal ; 0.500        ; -0.511     ; 12.631     ;
; -12.641 ; Uniciclo:UNI1|ramI:MemC|altsyncram:altsyncram_component|altsyncram_s9s3:auto_generated|ram_block1a18~porta_address_reg0 ; Uniciclo:UNI1|xregs:Regs1|xreg32[18][18] ; CLOCK        ; ClockDIV_internal ; 0.500        ; -0.501     ; 12.625     ;
; -12.623 ; Uniciclo:UNI1|ramI:MemC|altsyncram:altsyncram_component|altsyncram_s9s3:auto_generated|ram_block1a18~porta_address_reg0 ; Uniciclo:UNI1|xregs:Regs1|xreg32[18][25] ; CLOCK        ; ClockDIV_internal ; 0.500        ; -0.489     ; 12.619     ;
; -12.622 ; Uniciclo:UNI1|ramI:MemC|altsyncram:altsyncram_component|altsyncram_s9s3:auto_generated|ram_block1a18~porta_address_reg0 ; Uniciclo:UNI1|xregs:Regs1|xreg32[26][25] ; CLOCK        ; ClockDIV_internal ; 0.500        ; -0.489     ; 12.618     ;
; -12.614 ; Uniciclo:UNI1|ramI:MemC|altsyncram:altsyncram_component|altsyncram_s9s3:auto_generated|ram_block1a18~porta_address_reg0 ; Uniciclo:UNI1|xregs:Regs1|xreg32[26][28] ; CLOCK        ; ClockDIV_internal ; 0.500        ; -0.503     ; 12.596     ;
; -12.595 ; Uniciclo:UNI1|ramI:MemC|altsyncram:altsyncram_component|altsyncram_s9s3:auto_generated|ram_block1a9~porta_address_reg0  ; Uniciclo:UNI1|xregs:Regs1|xreg32[26][23] ; CLOCK        ; ClockDIV_internal ; 0.500        ; -0.490     ; 12.590     ;
; -12.594 ; Uniciclo:UNI1|ramI:MemC|altsyncram:altsyncram_component|altsyncram_s9s3:auto_generated|ram_block1a9~porta_address_reg0  ; Uniciclo:UNI1|xregs:Regs1|xreg32[18][23] ; CLOCK        ; ClockDIV_internal ; 0.500        ; -0.490     ; 12.589     ;
; -12.577 ; Uniciclo:UNI1|ramI:MemC|altsyncram:altsyncram_component|altsyncram_s9s3:auto_generated|ram_block1a9~porta_address_reg0  ; Uniciclo:UNI1|xregs:Regs1|xreg32[30][22] ; CLOCK        ; ClockDIV_internal ; 0.500        ; -0.506     ; 12.556     ;
; -12.572 ; Uniciclo:UNI1|ramI:MemC|altsyncram:altsyncram_component|altsyncram_s9s3:auto_generated|ram_block1a18~porta_address_reg0 ; Uniciclo:UNI1|xregs:Regs1|xreg32[23][21] ; CLOCK        ; ClockDIV_internal ; 0.500        ; -0.500     ; 12.557     ;
; -12.571 ; Uniciclo:UNI1|ramI:MemC|altsyncram:altsyncram_component|altsyncram_s9s3:auto_generated|ram_block1a18~porta_address_reg0 ; Uniciclo:UNI1|xregs:Regs1|xreg32[30][19] ; CLOCK        ; ClockDIV_internal ; 0.500        ; -0.505     ; 12.551     ;
; -12.569 ; Uniciclo:UNI1|ramI:MemC|altsyncram:altsyncram_component|altsyncram_s9s3:auto_generated|ram_block1a9~porta_address_reg0  ; Uniciclo:UNI1|xregs:Regs1|xreg32[22][25] ; CLOCK        ; ClockDIV_internal ; 0.500        ; -0.512     ; 12.542     ;
; -12.546 ; Uniciclo:UNI1|ramI:MemC|altsyncram:altsyncram_component|altsyncram_s9s3:auto_generated|ram_block1a18~porta_address_reg0 ; Uniciclo:UNI1|xregs:Regs1|xreg32[13][29] ; CLOCK        ; ClockDIV_internal ; 0.500        ; -0.527     ; 12.504     ;
; -12.543 ; Uniciclo:UNI1|ramI:MemC|altsyncram:altsyncram_component|altsyncram_s9s3:auto_generated|ram_block1a18~porta_address_reg0 ; Uniciclo:UNI1|xregs:Regs1|xreg32[18][20] ; CLOCK        ; ClockDIV_internal ; 0.500        ; -0.219     ; 12.809     ;
; -12.535 ; Uniciclo:UNI1|ramI:MemC|altsyncram:altsyncram_component|altsyncram_s9s3:auto_generated|ram_block1a9~porta_address_reg0  ; Uniciclo:UNI1|xregs:Regs1|xreg32[18][25] ; CLOCK        ; ClockDIV_internal ; 0.500        ; -0.490     ; 12.530     ;
; -12.534 ; Uniciclo:UNI1|ramI:MemC|altsyncram:altsyncram_component|altsyncram_s9s3:auto_generated|ram_block1a9~porta_address_reg0  ; Uniciclo:UNI1|xregs:Regs1|xreg32[26][25] ; CLOCK        ; ClockDIV_internal ; 0.500        ; -0.490     ; 12.529     ;
; -12.525 ; Uniciclo:UNI1|ramI:MemC|altsyncram:altsyncram_component|altsyncram_s9s3:auto_generated|ram_block1a18~porta_address_reg0 ; Uniciclo:UNI1|xregs:Regs1|xreg32[10][31] ; CLOCK        ; ClockDIV_internal ; 0.500        ; -0.507     ; 12.503     ;
; -12.525 ; Uniciclo:UNI1|ramI:MemC|altsyncram:altsyncram_component|altsyncram_s9s3:auto_generated|ram_block1a18~porta_address_reg0 ; Uniciclo:UNI1|xregs:Regs1|xreg32[11][31] ; CLOCK        ; ClockDIV_internal ; 0.500        ; -0.507     ; 12.503     ;
; -12.508 ; Uniciclo:UNI1|ramI:MemC|altsyncram:altsyncram_component|altsyncram_s9s3:auto_generated|ram_block1a18~porta_address_reg0 ; Uniciclo:UNI1|xregs:Regs1|xreg32[23][16] ; CLOCK        ; ClockDIV_internal ; 0.500        ; -0.527     ; 12.466     ;
; -12.508 ; Uniciclo:UNI1|ramI:MemC|altsyncram:altsyncram_component|altsyncram_s9s3:auto_generated|ram_block1a18~porta_address_reg0 ; Uniciclo:UNI1|xregs:Regs1|xreg32[24][16] ; CLOCK        ; ClockDIV_internal ; 0.500        ; -0.521     ; 12.472     ;
; -12.504 ; Uniciclo:UNI1|ramI:MemC|altsyncram:altsyncram_component|altsyncram_s9s3:auto_generated|ram_block1a18~porta_address_reg0 ; Uniciclo:UNI1|xregs:Regs1|xreg32[30][16] ; CLOCK        ; ClockDIV_internal ; 0.500        ; -0.201     ; 12.788     ;
; -12.500 ; Uniciclo:UNI1|ramI:MemC|altsyncram:altsyncram_component|altsyncram_s9s3:auto_generated|ram_block1a18~porta_address_reg0 ; Uniciclo:UNI1|xregs:Regs1|xreg32[22][20] ; CLOCK        ; ClockDIV_internal ; 0.500        ; -0.165     ; 12.820     ;
; -12.493 ; Uniciclo:UNI1|ramI:MemC|altsyncram:altsyncram_component|altsyncram_s9s3:auto_generated|ram_block1a18~porta_address_reg0 ; Uniciclo:UNI1|xregs:Regs1|xreg32[11][29] ; CLOCK        ; ClockDIV_internal ; 0.500        ; -0.507     ; 12.471     ;
; -12.491 ; Uniciclo:UNI1|ramI:MemC|altsyncram:altsyncram_component|altsyncram_s9s3:auto_generated|ram_block1a18~porta_address_reg0 ; Uniciclo:UNI1|xregs:Regs1|xreg32[10][29] ; CLOCK        ; ClockDIV_internal ; 0.500        ; -0.507     ; 12.469     ;
; -12.491 ; Uniciclo:UNI1|ramI:MemC|altsyncram:altsyncram_component|altsyncram_s9s3:auto_generated|ram_block1a9~porta_address_reg0  ; Uniciclo:UNI1|xregs:Regs1|xreg32[26][28] ; CLOCK        ; ClockDIV_internal ; 0.500        ; -0.504     ; 12.472     ;
; -12.489 ; Uniciclo:UNI1|ramI:MemC|altsyncram:altsyncram_component|altsyncram_s9s3:auto_generated|ram_block1a18~porta_address_reg0 ; Uniciclo:UNI1|xregs:Regs1|xreg32[27][16] ; CLOCK        ; ClockDIV_internal ; 0.500        ; -0.527     ; 12.447     ;
; -12.489 ; Uniciclo:UNI1|ramI:MemC|altsyncram:altsyncram_component|altsyncram_s9s3:auto_generated|ram_block1a18~porta_address_reg0 ; Uniciclo:UNI1|xregs:Regs1|xreg32[20][22] ; CLOCK        ; ClockDIV_internal ; 0.500        ; -0.208     ; 12.766     ;
; -12.484 ; Uniciclo:UNI1|ramI:MemC|altsyncram:altsyncram_component|altsyncram_s9s3:auto_generated|ram_block1a18~porta_address_reg0 ; Uniciclo:UNI1|xregs:Regs1|xreg32[31][31] ; CLOCK        ; ClockDIV_internal ; 0.500        ; -0.504     ; 12.465     ;
; -12.484 ; Uniciclo:UNI1|ramI:MemC|altsyncram:altsyncram_component|altsyncram_s9s3:auto_generated|ram_block1a9~porta_address_reg0  ; Uniciclo:UNI1|xregs:Regs1|xreg32[23][21] ; CLOCK        ; ClockDIV_internal ; 0.500        ; -0.501     ; 12.468     ;
; -12.483 ; Uniciclo:UNI1|ramI:MemC|altsyncram:altsyncram_component|altsyncram_s9s3:auto_generated|ram_block1a9~porta_address_reg0  ; Uniciclo:UNI1|xregs:Regs1|xreg32[30][19] ; CLOCK        ; ClockDIV_internal ; 0.500        ; -0.506     ; 12.462     ;
; -12.482 ; Uniciclo:UNI1|ramI:MemC|altsyncram:altsyncram_component|altsyncram_s9s3:auto_generated|ram_block1a18~porta_address_reg0 ; Uniciclo:UNI1|xregs:Regs1|xreg32[24][19] ; CLOCK        ; ClockDIV_internal ; 0.500        ; -0.501     ; 12.466     ;
; -12.481 ; Uniciclo:UNI1|ramI:MemC|altsyncram:altsyncram_component|altsyncram_s9s3:auto_generated|ram_block1a18~porta_address_reg0 ; Uniciclo:UNI1|xregs:Regs1|xreg32[19][31] ; CLOCK        ; ClockDIV_internal ; 0.500        ; -0.504     ; 12.462     ;
; -12.481 ; Uniciclo:UNI1|ramI:MemC|altsyncram:altsyncram_component|altsyncram_s9s3:auto_generated|ram_block1a18~porta_address_reg0 ; Uniciclo:UNI1|xregs:Regs1|xreg32[26][22] ; CLOCK        ; ClockDIV_internal ; 0.500        ; -0.503     ; 12.463     ;
; -12.480 ; Uniciclo:UNI1|ramI:MemC|altsyncram:altsyncram_component|altsyncram_s9s3:auto_generated|ram_block1a18~porta_address_reg0 ; Uniciclo:UNI1|xregs:Regs1|xreg32[24][29] ; CLOCK        ; ClockDIV_internal ; 0.500        ; -0.501     ; 12.464     ;
; -12.480 ; Uniciclo:UNI1|ramI:MemC|altsyncram:altsyncram_component|altsyncram_s9s3:auto_generated|ram_block1a9~porta_address_reg0  ; Uniciclo:UNI1|xregs:Regs1|xreg32[18][18] ; CLOCK        ; ClockDIV_internal ; 0.500        ; -0.502     ; 12.463     ;
; -12.477 ; Uniciclo:UNI1|ramI:MemC|altsyncram:altsyncram_component|altsyncram_s9s3:auto_generated|ram_block1a18~porta_address_reg0 ; Uniciclo:UNI1|xregs:Regs1|xreg32[8][29]  ; CLOCK        ; ClockDIV_internal ; 0.500        ; -0.508     ; 12.454     ;
; -12.471 ; Uniciclo:UNI1|ramI:MemC|altsyncram:altsyncram_component|altsyncram_s9s3:auto_generated|ram_block1a18~porta_address_reg0 ; Uniciclo:UNI1|xregs:Regs1|xreg32[19][16] ; CLOCK        ; ClockDIV_internal ; 0.500        ; -0.527     ; 12.429     ;
; -12.469 ; Uniciclo:UNI1|ramI:MemC|altsyncram:altsyncram_component|altsyncram_s9s3:auto_generated|ram_block1a18~porta_address_reg0 ; Uniciclo:UNI1|xregs:Regs1|xreg32[22][16] ; CLOCK        ; ClockDIV_internal ; 0.500        ; -0.168     ; 12.786     ;
; -12.468 ; Uniciclo:UNI1|ramI:MemC|altsyncram:altsyncram_component|altsyncram_s9s3:auto_generated|ram_block1a18~porta_address_reg0 ; Uniciclo:UNI1|xregs:Regs1|xreg32[7][16]  ; CLOCK        ; ClockDIV_internal ; 0.500        ; -0.519     ; 12.434     ;
; -12.467 ; Uniciclo:UNI1|ramI:MemC|altsyncram:altsyncram_component|altsyncram_s9s3:auto_generated|ram_block1a18~porta_address_reg0 ; Uniciclo:UNI1|xregs:Regs1|xreg32[1][16]  ; CLOCK        ; ClockDIV_internal ; 0.500        ; -0.519     ; 12.433     ;
; -12.466 ; Uniciclo:UNI1|ramI:MemC|altsyncram:altsyncram_component|altsyncram_s9s3:auto_generated|ram_block1a18~porta_address_reg0 ; Uniciclo:UNI1|xregs:Regs1|xreg32[21][29] ; CLOCK        ; ClockDIV_internal ; 0.500        ; -0.500     ; 12.451     ;
; -12.460 ; Uniciclo:UNI1|ramI:MemC|altsyncram:altsyncram_component|altsyncram_s9s3:auto_generated|ram_block1a18~porta_address_reg0 ; Uniciclo:UNI1|xregs:Regs1|xreg32[23][20] ; CLOCK        ; ClockDIV_internal ; 0.500        ; -0.503     ; 12.442     ;
; -12.458 ; Uniciclo:UNI1|ramI:MemC|altsyncram:altsyncram_component|altsyncram_s9s3:auto_generated|ram_block1a9~porta_address_reg0  ; Uniciclo:UNI1|xregs:Regs1|xreg32[13][29] ; CLOCK        ; ClockDIV_internal ; 0.500        ; -0.528     ; 12.415     ;
; -12.454 ; Uniciclo:UNI1|ramI:MemC|altsyncram:altsyncram_component|altsyncram_s9s3:auto_generated|ram_block1a18~porta_address_reg0 ; Uniciclo:UNI1|xregs:Regs1|xreg32[29][22] ; CLOCK        ; ClockDIV_internal ; 0.500        ; -0.173     ; 12.766     ;
; -12.451 ; Uniciclo:UNI1|ramI:MemC|altsyncram:altsyncram_component|altsyncram_s9s3:auto_generated|ram_block1a18~porta_address_reg0 ; Uniciclo:UNI1|xregs:Regs1|xreg32[18][29] ; CLOCK        ; ClockDIV_internal ; 0.500        ; -0.489     ; 12.447     ;
; -12.451 ; Uniciclo:UNI1|ramI:MemC|altsyncram:altsyncram_component|altsyncram_s9s3:auto_generated|ram_block1a18~porta_address_reg0 ; Uniciclo:UNI1|xregs:Regs1|xreg32[24][22] ; CLOCK        ; ClockDIV_internal ; 0.500        ; -0.521     ; 12.415     ;
; -12.450 ; Uniciclo:UNI1|ramI:MemC|altsyncram:altsyncram_component|altsyncram_s9s3:auto_generated|ram_block1a18~porta_address_reg0 ; Uniciclo:UNI1|xregs:Regs1|xreg32[26][29] ; CLOCK        ; ClockDIV_internal ; 0.500        ; -0.489     ; 12.446     ;
; -12.441 ; Uniciclo:UNI1|ramI:MemC|altsyncram:altsyncram_component|altsyncram_s9s3:auto_generated|ram_block1a18~porta_address_reg0 ; Uniciclo:UNI1|xregs:Regs1|xreg32[22][28] ; CLOCK        ; ClockDIV_internal ; 0.500        ; -0.511     ; 12.415     ;
; -12.438 ; Uniciclo:UNI1|ramI:MemC|altsyncram:altsyncram_component|altsyncram_s9s3:auto_generated|ram_block1a18~porta_address_reg0 ; Uniciclo:UNI1|xregs:Regs1|xreg32[30][23] ; CLOCK        ; ClockDIV_internal ; 0.500        ; -0.183     ; 12.740     ;
; -12.437 ; Uniciclo:UNI1|ramI:MemC|altsyncram:altsyncram_component|altsyncram_s9s3:auto_generated|ram_block1a18~porta_address_reg0 ; Uniciclo:UNI1|xregs:Regs1|xreg32[24][25] ; CLOCK        ; ClockDIV_internal ; 0.500        ; -0.518     ; 12.404     ;
; -12.437 ; Uniciclo:UNI1|ramI:MemC|altsyncram:altsyncram_component|altsyncram_s9s3:auto_generated|ram_block1a9~porta_address_reg0  ; Uniciclo:UNI1|xregs:Regs1|xreg32[10][31] ; CLOCK        ; ClockDIV_internal ; 0.500        ; -0.508     ; 12.414     ;
; -12.437 ; Uniciclo:UNI1|ramI:MemC|altsyncram:altsyncram_component|altsyncram_s9s3:auto_generated|ram_block1a9~porta_address_reg0  ; Uniciclo:UNI1|xregs:Regs1|xreg32[11][31] ; CLOCK        ; ClockDIV_internal ; 0.500        ; -0.508     ; 12.414     ;
; -12.436 ; Uniciclo:UNI1|ramI:MemC|altsyncram:altsyncram_component|altsyncram_s9s3:auto_generated|ram_block1a18~porta_address_reg0 ; Uniciclo:UNI1|xregs:Regs1|xreg32[28][25] ; CLOCK        ; ClockDIV_internal ; 0.500        ; -0.518     ; 12.403     ;
; -12.435 ; Uniciclo:UNI1|ramI:MemC|altsyncram:altsyncram_component|altsyncram_s9s3:auto_generated|ram_block1a18~porta_address_reg0 ; Uniciclo:UNI1|xregs:Regs1|xreg32[19][22] ; CLOCK        ; ClockDIV_internal ; 0.500        ; -0.527     ; 12.393     ;
; -12.435 ; Uniciclo:UNI1|ramI:MemC|altsyncram:altsyncram_component|altsyncram_s9s3:auto_generated|ram_block1a18~porta_address_reg0 ; Uniciclo:UNI1|xregs:Regs1|xreg32[27][22] ; CLOCK        ; ClockDIV_internal ; 0.500        ; -0.527     ; 12.393     ;
; -12.432 ; Uniciclo:UNI1|ramI:MemC|altsyncram:altsyncram_component|altsyncram_s9s3:auto_generated|ram_block1a18~porta_address_reg0 ; Uniciclo:UNI1|xregs:Regs1|xreg32[22][30] ; CLOCK        ; ClockDIV_internal ; 0.500        ; -0.511     ; 12.406     ;
; -12.420 ; Uniciclo:UNI1|ramI:MemC|altsyncram:altsyncram_component|altsyncram_s9s3:auto_generated|ram_block1a9~porta_address_reg0  ; Uniciclo:UNI1|xregs:Regs1|xreg32[18][20] ; CLOCK        ; ClockDIV_internal ; 0.500        ; -0.220     ; 12.685     ;
; -12.417 ; Uniciclo:UNI1|ramI:MemC|altsyncram:altsyncram_component|altsyncram_s9s3:auto_generated|ram_block1a18~porta_address_reg0 ; Uniciclo:UNI1|xregs:Regs1|xreg32[11][20] ; CLOCK        ; ClockDIV_internal ; 0.500        ; -0.211     ; 12.691     ;
; -12.414 ; Uniciclo:UNI1|ramI:MemC|altsyncram:altsyncram_component|altsyncram_s9s3:auto_generated|ram_block1a18~porta_address_reg0 ; Uniciclo:UNI1|xregs:Regs1|xreg32[19][19] ; CLOCK        ; ClockDIV_internal ; 0.500        ; -0.487     ; 12.412     ;
; -12.412 ; Uniciclo:UNI1|ramI:MemC|altsyncram:altsyncram_component|altsyncram_s9s3:auto_generated|ram_block1a18~porta_address_reg0 ; Uniciclo:UNI1|xregs:Regs1|xreg32[22][22] ; CLOCK        ; ClockDIV_internal ; 0.500        ; -0.185     ; 12.712     ;
; -12.410 ; Uniciclo:UNI1|ramI:MemC|altsyncram:altsyncram_component|altsyncram_s9s3:auto_generated|ram_block1a18~porta_address_reg0 ; Uniciclo:UNI1|xregs:Regs1|xreg32[18][31] ; CLOCK        ; ClockDIV_internal ; 0.500        ; -0.489     ; 12.406     ;
; -12.410 ; Uniciclo:UNI1|ramI:MemC|altsyncram:altsyncram_component|altsyncram_s9s3:auto_generated|ram_block1a18~porta_address_reg0 ; Uniciclo:UNI1|xregs:Regs1|xreg32[24][23] ; CLOCK        ; ClockDIV_internal ; 0.500        ; -0.524     ; 12.371     ;
; -12.409 ; Uniciclo:UNI1|ramI:MemC|altsyncram:altsyncram_component|altsyncram_s9s3:auto_generated|ram_block1a18~porta_address_reg0 ; Uniciclo:UNI1|xregs:Regs1|xreg32[26][31] ; CLOCK        ; ClockDIV_internal ; 0.500        ; -0.489     ; 12.405     ;
; -12.407 ; Uniciclo:UNI1|ramI:MemC|altsyncram:altsyncram_component|altsyncram_s9s3:auto_generated|ram_block1a18~porta_address_reg0 ; Uniciclo:UNI1|xregs:Regs1|xreg32[30][21] ; CLOCK        ; ClockDIV_internal ; 0.500        ; -0.505     ; 12.387     ;
; -12.406 ; Uniciclo:UNI1|ramI:MemC|altsyncram:altsyncram_component|altsyncram_s9s3:auto_generated|ram_block1a18~porta_address_reg0 ; Uniciclo:UNI1|xregs:Regs1|xreg32[8][30]  ; CLOCK        ; ClockDIV_internal ; 0.500        ; -0.508     ; 12.383     ;
; -12.405 ; Uniciclo:UNI1|ramI:MemC|altsyncram:altsyncram_component|altsyncram_s9s3:auto_generated|ram_block1a9~porta_address_reg0  ; Uniciclo:UNI1|xregs:Regs1|xreg32[11][29] ; CLOCK        ; ClockDIV_internal ; 0.500        ; -0.508     ; 12.382     ;
; -12.403 ; Uniciclo:UNI1|ramI:MemC|altsyncram:altsyncram_component|altsyncram_s9s3:auto_generated|ram_block1a18~porta_address_reg0 ; Uniciclo:UNI1|xregs:Regs1|xreg32[22][23] ; CLOCK        ; ClockDIV_internal ; 0.500        ; -0.152     ; 12.736     ;
; -12.403 ; Uniciclo:UNI1|ramI:MemC|altsyncram:altsyncram_component|altsyncram_s9s3:auto_generated|ram_block1a9~porta_address_reg0  ; Uniciclo:UNI1|xregs:Regs1|xreg32[10][29] ; CLOCK        ; ClockDIV_internal ; 0.500        ; -0.508     ; 12.380     ;
; -12.400 ; Uniciclo:UNI1|ramI:MemC|altsyncram:altsyncram_component|altsyncram_s9s3:auto_generated|ram_block1a18~porta_address_reg0 ; Uniciclo:UNI1|xregs:Regs1|xreg32[13][30] ; CLOCK        ; ClockDIV_internal ; 0.500        ; -0.527     ; 12.358     ;
; -12.397 ; Uniciclo:UNI1|ramI:MemC|altsyncram:altsyncram_component|altsyncram_s9s3:auto_generated|ram_block1a18~porta_address_reg0 ; Uniciclo:UNI1|xregs:Regs1|xreg32[10][30] ; CLOCK        ; ClockDIV_internal ; 0.500        ; -0.507     ; 12.375     ;
; -12.396 ; Uniciclo:UNI1|ramI:MemC|altsyncram:altsyncram_component|altsyncram_s9s3:auto_generated|ram_block1a9~porta_address_reg0  ; Uniciclo:UNI1|xregs:Regs1|xreg32[31][31] ; CLOCK        ; ClockDIV_internal ; 0.500        ; -0.505     ; 12.376     ;
; -12.395 ; Uniciclo:UNI1|ramI:MemC|altsyncram:altsyncram_component|altsyncram_s9s3:auto_generated|ram_block1a18~porta_address_reg0 ; Uniciclo:UNI1|xregs:Regs1|xreg32[11][30] ; CLOCK        ; ClockDIV_internal ; 0.500        ; -0.507     ; 12.373     ;
; -12.394 ; Uniciclo:UNI1|ramI:MemC|altsyncram:altsyncram_component|altsyncram_s9s3:auto_generated|ram_block1a9~porta_address_reg0  ; Uniciclo:UNI1|xregs:Regs1|xreg32[24][19] ; CLOCK        ; ClockDIV_internal ; 0.500        ; -0.502     ; 12.377     ;
; -12.393 ; Uniciclo:UNI1|ramI:MemC|altsyncram:altsyncram_component|altsyncram_s9s3:auto_generated|ram_block1a9~porta_address_reg0  ; Uniciclo:UNI1|xregs:Regs1|xreg32[19][31] ; CLOCK        ; ClockDIV_internal ; 0.500        ; -0.505     ; 12.373     ;
; -12.392 ; Uniciclo:UNI1|ramI:MemC|altsyncram:altsyncram_component|altsyncram_s9s3:auto_generated|ram_block1a9~porta_address_reg0  ; Uniciclo:UNI1|xregs:Regs1|xreg32[24][29] ; CLOCK        ; ClockDIV_internal ; 0.500        ; -0.502     ; 12.375     ;
; -12.389 ; Uniciclo:UNI1|ramI:MemC|altsyncram:altsyncram_component|altsyncram_s9s3:auto_generated|ram_block1a18~porta_address_reg0 ; Uniciclo:UNI1|xregs:Regs1|xreg32[18][28] ; CLOCK        ; ClockDIV_internal ; 0.500        ; -0.206     ; 12.668     ;
; -12.389 ; Uniciclo:UNI1|ramI:MemC|altsyncram:altsyncram_component|altsyncram_s9s3:auto_generated|ram_block1a18~porta_address_reg0 ; Uniciclo:UNI1|xregs:Regs1|xreg32[24][24] ; CLOCK        ; ClockDIV_internal ; 0.500        ; -0.500     ; 12.374     ;
; -12.389 ; Uniciclo:UNI1|ramI:MemC|altsyncram:altsyncram_component|altsyncram_s9s3:auto_generated|ram_block1a9~porta_address_reg0  ; Uniciclo:UNI1|xregs:Regs1|xreg32[8][29]  ; CLOCK        ; ClockDIV_internal ; 0.500        ; -0.509     ; 12.365     ;
; -12.387 ; Uniciclo:UNI1|ramI:MemC|altsyncram:altsyncram_component|altsyncram_s9s3:auto_generated|ram_block1a18~porta_address_reg0 ; Uniciclo:UNI1|xregs:Regs1|xreg32[16][30] ; CLOCK        ; ClockDIV_internal ; 0.500        ; -0.503     ; 12.369     ;
; -12.387 ; Uniciclo:UNI1|ramI:MemC|altsyncram:altsyncram_component|altsyncram_s9s3:auto_generated|ram_block1a18~porta_address_reg0 ; Uniciclo:UNI1|xregs:Regs1|xreg32[12][25] ; CLOCK        ; ClockDIV_internal ; 0.500        ; -0.227     ; 12.645     ;
; -12.384 ; Uniciclo:UNI1|ramI:MemC|altsyncram:altsyncram_component|altsyncram_s9s3:auto_generated|ram_block1a18~porta_address_reg0 ; Uniciclo:UNI1|xregs:Regs1|xreg32[2][23]  ; CLOCK        ; ClockDIV_internal ; 0.500        ; -0.181     ; 12.688     ;
; -12.382 ; Uniciclo:UNI1|ramI:MemC|altsyncram:altsyncram_component|altsyncram_s9s3:auto_generated|ram_block1a18~porta_address_reg0 ; Uniciclo:UNI1|xregs:Regs1|xreg32[11][25] ; CLOCK        ; ClockDIV_internal ; 0.500        ; -0.507     ; 12.360     ;
; -12.382 ; Uniciclo:UNI1|ramI:MemC|altsyncram:altsyncram_component|altsyncram_s9s3:auto_generated|ram_block1a18~porta_address_reg0 ; Uniciclo:UNI1|xregs:Regs1|xreg32[9][20]  ; CLOCK        ; ClockDIV_internal ; 0.500        ; -0.178     ; 12.689     ;
; -12.381 ; Uniciclo:UNI1|ramI:MemC|altsyncram:altsyncram_component|altsyncram_s9s3:auto_generated|ram_block1a18~porta_address_reg0 ; Uniciclo:UNI1|xregs:Regs1|xreg32[10][25] ; CLOCK        ; ClockDIV_internal ; 0.500        ; -0.507     ; 12.359     ;
; -12.379 ; Uniciclo:UNI1|ramI:MemC|altsyncram:altsyncram_component|altsyncram_s9s3:auto_generated|ram_block1a18~porta_address_reg0 ; Uniciclo:UNI1|xregs:Regs1|xreg32[18][16] ; CLOCK        ; ClockDIV_internal ; 0.500        ; -0.211     ; 12.653     ;
; -12.378 ; Uniciclo:UNI1|ramI:MemC|altsyncram:altsyncram_component|altsyncram_s9s3:auto_generated|ram_block1a18~porta_address_reg0 ; Uniciclo:UNI1|xregs:Regs1|xreg32[12][20] ; CLOCK        ; ClockDIV_internal ; 0.500        ; -0.206     ; 12.657     ;
; -12.378 ; Uniciclo:UNI1|ramI:MemC|altsyncram:altsyncram_component|altsyncram_s9s3:auto_generated|ram_block1a9~porta_address_reg0  ; Uniciclo:UNI1|xregs:Regs1|xreg32[21][29] ; CLOCK        ; ClockDIV_internal ; 0.500        ; -0.501     ; 12.362     ;
; -12.377 ; Uniciclo:UNI1|ramI:MemC|altsyncram:altsyncram_component|altsyncram_s9s3:auto_generated|ram_block1a18~porta_address_reg0 ; Uniciclo:UNI1|xregs:Regs1|xreg32[13][25] ; CLOCK        ; ClockDIV_internal ; 0.500        ; -0.527     ; 12.335     ;
; -12.377 ; Uniciclo:UNI1|ramI:MemC|altsyncram:altsyncram_component|altsyncram_s9s3:auto_generated|ram_block1a9~porta_address_reg0  ; Uniciclo:UNI1|xregs:Regs1|xreg32[22][20] ; CLOCK        ; ClockDIV_internal ; 0.500        ; -0.166     ; 12.696     ;
; -12.370 ; Uniciclo:UNI1|ramI:MemC|altsyncram:altsyncram_component|altsyncram_s9s3:auto_generated|ram_block1a18~porta_address_reg0 ; Uniciclo:UNI1|xregs:Regs1|xreg32[8][17]  ; CLOCK        ; ClockDIV_internal ; 0.500        ; -0.495     ; 12.360     ;
; -12.370 ; Uniciclo:UNI1|ramI:MemC|altsyncram:altsyncram_component|altsyncram_s9s3:auto_generated|ram_block1a18~porta_address_reg0 ; Uniciclo:UNI1|xregs:Regs1|xreg32[16][25] ; CLOCK        ; ClockDIV_internal ; 0.500        ; -0.511     ; 12.344     ;
; -12.370 ; Uniciclo:UNI1|ramI:MemC|altsyncram:altsyncram_component|altsyncram_s9s3:auto_generated|ram_block1a18~porta_address_reg0 ; Uniciclo:UNI1|xregs:Regs1|xreg32[13][20] ; CLOCK        ; ClockDIV_internal ; 0.500        ; -0.171     ; 12.684     ;
; -12.369 ; Uniciclo:UNI1|ramI:MemC|altsyncram:altsyncram_component|altsyncram_s9s3:auto_generated|ram_block1a18~porta_address_reg0 ; Uniciclo:UNI1|xregs:Regs1|xreg32[2][25]  ; CLOCK        ; ClockDIV_internal ; 0.500        ; -0.225     ; 12.629     ;
; -12.366 ; Uniciclo:UNI1|ramI:MemC|altsyncram:altsyncram_component|altsyncram_s9s3:auto_generated|ram_block1a18~porta_address_reg0 ; Uniciclo:UNI1|xregs:Regs1|xreg32[8][31]  ; CLOCK        ; ClockDIV_internal ; 0.500        ; -0.508     ; 12.343     ;
; -12.365 ; Uniciclo:UNI1|ramI:MemC|altsyncram:altsyncram_component|altsyncram_s9s3:auto_generated|ram_block1a18~porta_address_reg0 ; Uniciclo:UNI1|xregs:Regs1|xreg32[11][12] ; CLOCK        ; ClockDIV_internal ; 0.500        ; -0.498     ; 12.352     ;
; -12.363 ; Uniciclo:UNI1|ramI:MemC|altsyncram:altsyncram_component|altsyncram_s9s3:auto_generated|ram_block1a18~porta_address_reg0 ; Uniciclo:UNI1|xregs:Regs1|xreg32[10][12] ; CLOCK        ; ClockDIV_internal ; 0.500        ; -0.498     ; 12.350     ;
+---------+-------------------------------------------------------------------------------------------------------------------------+------------------------------------------+--------------+-------------------+--------------+------------+------------+


+---------------------------------------------------------------------------------------------------------------------------------------------------------------------------------------------------------------------------------------------------------------------------------------------------------------------------------------+
; Slow 1200mV 0C Model Setup: 'CLOCK'                                                                                                                                                                                                                                                                                                   ;
+--------+-------------------------------------------------------------------------------------------------------------------------+-------------------------------------------------------------------------------------------------------------------------+-------------------+-------------+--------------+------------+------------+
; Slack  ; From Node                                                                                                               ; To Node                                                                                                                 ; Launch Clock      ; Latch Clock ; Relationship ; Clock Skew ; Data Delay ;
+--------+-------------------------------------------------------------------------------------------------------------------------+-------------------------------------------------------------------------------------------------------------------------+-------------------+-------------+--------------+------------+------------+
; -9.826 ; Uniciclo:UNI1|ramI:MemC|altsyncram:altsyncram_component|altsyncram_s9s3:auto_generated|ram_block1a18~porta_address_reg0 ; Uniciclo:UNI1|ramD:MemD|altsyncram:altsyncram_component|altsyncram_aos3:auto_generated|ram_block1a27~porta_address_reg0 ; CLOCK             ; CLOCK       ; 1.000        ; -0.091     ; 10.755     ;
; -9.707 ; Uniciclo:UNI1|ramI:MemC|altsyncram:altsyncram_component|altsyncram_s9s3:auto_generated|ram_block1a9~porta_address_reg0  ; Uniciclo:UNI1|ramD:MemD|altsyncram:altsyncram_component|altsyncram_aos3:auto_generated|ram_block1a27~porta_address_reg0 ; CLOCK             ; CLOCK       ; 1.000        ; -0.092     ; 10.635     ;
; -9.614 ; Uniciclo:UNI1|ramI:MemC|altsyncram:altsyncram_component|altsyncram_s9s3:auto_generated|ram_block1a18~porta_address_reg0 ; Uniciclo:UNI1|ramD:MemD|altsyncram:altsyncram_component|altsyncram_aos3:auto_generated|ram_block1a0~porta_address_reg0  ; CLOCK             ; CLOCK       ; 1.000        ; -0.082     ; 10.552     ;
; -9.608 ; Uniciclo:UNI1|ramI:MemC|altsyncram:altsyncram_component|altsyncram_s9s3:auto_generated|ram_block1a18~porta_address_reg0 ; Uniciclo:UNI1|ramD:MemD|altsyncram:altsyncram_component|altsyncram_aos3:auto_generated|ram_block1a18~porta_address_reg0 ; CLOCK             ; CLOCK       ; 1.000        ; -0.073     ; 10.555     ;
; -9.495 ; Uniciclo:UNI1|ramI:MemC|altsyncram:altsyncram_component|altsyncram_s9s3:auto_generated|ram_block1a9~porta_address_reg0  ; Uniciclo:UNI1|ramD:MemD|altsyncram:altsyncram_component|altsyncram_aos3:auto_generated|ram_block1a0~porta_address_reg0  ; CLOCK             ; CLOCK       ; 1.000        ; -0.083     ; 10.432     ;
; -9.489 ; Uniciclo:UNI1|ramI:MemC|altsyncram:altsyncram_component|altsyncram_s9s3:auto_generated|ram_block1a9~porta_address_reg0  ; Uniciclo:UNI1|ramD:MemD|altsyncram:altsyncram_component|altsyncram_aos3:auto_generated|ram_block1a18~porta_address_reg0 ; CLOCK             ; CLOCK       ; 1.000        ; -0.074     ; 10.435     ;
; -9.475 ; Uniciclo:UNI1|ramI:MemC|altsyncram:altsyncram_component|altsyncram_s9s3:auto_generated|ram_block1a18~porta_address_reg0 ; Uniciclo:UNI1|ramD:MemD|altsyncram:altsyncram_component|altsyncram_aos3:auto_generated|ram_block1a9~porta_address_reg0  ; CLOCK             ; CLOCK       ; 1.000        ; -0.083     ; 10.412     ;
; -9.356 ; Uniciclo:UNI1|ramI:MemC|altsyncram:altsyncram_component|altsyncram_s9s3:auto_generated|ram_block1a9~porta_address_reg0  ; Uniciclo:UNI1|ramD:MemD|altsyncram:altsyncram_component|altsyncram_aos3:auto_generated|ram_block1a9~porta_address_reg0  ; CLOCK             ; CLOCK       ; 1.000        ; -0.084     ; 10.292     ;
; -9.049 ; Uniciclo:UNI1|ramI:MemC|altsyncram:altsyncram_component|altsyncram_s9s3:auto_generated|ram_block1a0~porta_address_reg0  ; Uniciclo:UNI1|ramD:MemD|altsyncram:altsyncram_component|altsyncram_aos3:auto_generated|ram_block1a27~porta_address_reg0 ; CLOCK             ; CLOCK       ; 1.000        ; -0.079     ; 9.990      ;
; -8.884 ; Uniciclo:UNI1|ramI:MemC|altsyncram:altsyncram_component|altsyncram_s9s3:auto_generated|ram_block1a0~porta_address_reg0  ; Uniciclo:UNI1|ramD:MemD|altsyncram:altsyncram_component|altsyncram_aos3:auto_generated|ram_block1a0~porta_address_reg0  ; CLOCK             ; CLOCK       ; 1.000        ; -0.070     ; 9.834      ;
; -8.846 ; Uniciclo:UNI1|ramI:MemC|altsyncram:altsyncram_component|altsyncram_s9s3:auto_generated|ram_block1a0~porta_address_reg0  ; Uniciclo:UNI1|ramD:MemD|altsyncram:altsyncram_component|altsyncram_aos3:auto_generated|ram_block1a9~porta_address_reg0  ; CLOCK             ; CLOCK       ; 1.000        ; -0.071     ; 9.795      ;
; -8.831 ; Uniciclo:UNI1|ramI:MemC|altsyncram:altsyncram_component|altsyncram_s9s3:auto_generated|ram_block1a0~porta_address_reg0  ; Uniciclo:UNI1|ramD:MemD|altsyncram:altsyncram_component|altsyncram_aos3:auto_generated|ram_block1a18~porta_address_reg0 ; CLOCK             ; CLOCK       ; 1.000        ; -0.061     ; 9.790      ;
; -8.628 ; Uniciclo:UNI1|ramI:MemC|altsyncram:altsyncram_component|altsyncram_s9s3:auto_generated|ram_block1a27~porta_address_reg0 ; Uniciclo:UNI1|ramD:MemD|altsyncram:altsyncram_component|altsyncram_aos3:auto_generated|ram_block1a27~porta_address_reg0 ; CLOCK             ; CLOCK       ; 1.000        ; -0.071     ; 9.577      ;
; -8.465 ; Uniciclo:UNI1|ramI:MemC|altsyncram:altsyncram_component|altsyncram_s9s3:auto_generated|ram_block1a27~porta_address_reg0 ; Uniciclo:UNI1|ramD:MemD|altsyncram:altsyncram_component|altsyncram_aos3:auto_generated|ram_block1a0~porta_address_reg0  ; CLOCK             ; CLOCK       ; 1.000        ; -0.070     ; 9.415      ;
; -8.418 ; Uniciclo:UNI1|ramI:MemC|altsyncram:altsyncram_component|altsyncram_s9s3:auto_generated|ram_block1a27~porta_address_reg0 ; Uniciclo:UNI1|ramD:MemD|altsyncram:altsyncram_component|altsyncram_aos3:auto_generated|ram_block1a18~porta_address_reg0 ; CLOCK             ; CLOCK       ; 1.000        ; -0.061     ; 9.377      ;
; -8.203 ; Uniciclo:UNI1|ramI:MemC|altsyncram:altsyncram_component|altsyncram_s9s3:auto_generated|ram_block1a27~porta_address_reg0 ; Uniciclo:UNI1|ramD:MemD|altsyncram:altsyncram_component|altsyncram_aos3:auto_generated|ram_block1a9~porta_address_reg0  ; CLOCK             ; CLOCK       ; 1.000        ; -0.071     ; 9.152      ;
; -7.427 ; Uniciclo:UNI1|xregs:Regs1|xreg32[2][4]                                                                                  ; Uniciclo:UNI1|ramD:MemD|altsyncram:altsyncram_component|altsyncram_aos3:auto_generated|ram_block1a27~porta_address_reg0 ; ClockDIV_internal ; CLOCK       ; 0.500        ; 0.322      ; 8.259      ;
; -7.385 ; Uniciclo:UNI1|xregs:Regs1|xreg32[2][2]                                                                                  ; Uniciclo:UNI1|ramD:MemD|altsyncram:altsyncram_component|altsyncram_aos3:auto_generated|ram_block1a27~porta_address_reg0 ; ClockDIV_internal ; CLOCK       ; 0.500        ; 0.317      ; 8.212      ;
; -7.364 ; Uniciclo:UNI1|xregs:Regs1|xreg32[20][2]                                                                                 ; Uniciclo:UNI1|ramD:MemD|altsyncram:altsyncram_component|altsyncram_aos3:auto_generated|ram_block1a27~porta_address_reg0 ; ClockDIV_internal ; CLOCK       ; 0.500        ; 0.328      ; 8.202      ;
; -7.362 ; Uniciclo:UNI1|xregs:Regs1|xreg32[17][6]                                                                                 ; Uniciclo:UNI1|ramD:MemD|altsyncram:altsyncram_component|altsyncram_aos3:auto_generated|ram_block1a27~porta_address_reg0 ; ClockDIV_internal ; CLOCK       ; 0.500        ; 0.335      ; 8.207      ;
; -7.324 ; Uniciclo:UNI1|xregs:Regs1|xreg32[22][0]                                                                                 ; Uniciclo:UNI1|ramD:MemD|altsyncram:altsyncram_component|altsyncram_aos3:auto_generated|ram_block1a27~porta_address_reg0 ; ClockDIV_internal ; CLOCK       ; 0.500        ; 0.330      ; 8.164      ;
; -7.302 ; Uniciclo:UNI1|xregs:Regs1|xreg32[18][3]                                                                                 ; Uniciclo:UNI1|ramD:MemD|altsyncram:altsyncram_component|altsyncram_aos3:auto_generated|ram_block1a27~porta_address_reg0 ; ClockDIV_internal ; CLOCK       ; 0.500        ; 0.306      ; 8.118      ;
; -7.290 ; Uniciclo:UNI1|xregs:Regs1|xreg32[19][4]                                                                                 ; Uniciclo:UNI1|ramD:MemD|altsyncram:altsyncram_component|altsyncram_aos3:auto_generated|ram_block1a27~porta_address_reg0 ; ClockDIV_internal ; CLOCK       ; 0.500        ; 0.305      ; 8.105      ;
; -7.289 ; Uniciclo:UNI1|xregs:Regs1|xreg32[16][1]                                                                                 ; Uniciclo:UNI1|ramD:MemD|altsyncram:altsyncram_component|altsyncram_aos3:auto_generated|ram_block1a27~porta_address_reg0 ; ClockDIV_internal ; CLOCK       ; 0.500        ; 0.328      ; 8.127      ;
; -7.286 ; Uniciclo:UNI1|xregs:Regs1|xreg32[18][3]                                                                                 ; Uniciclo:UNI1|ramD:MemD|altsyncram:altsyncram_component|altsyncram_aos3:auto_generated|ram_block1a0~porta_address_reg0  ; ClockDIV_internal ; CLOCK       ; 0.500        ; 0.311      ; 8.107      ;
; -7.279 ; Uniciclo:UNI1|xregs:Regs1|xreg32[16][2]                                                                                 ; Uniciclo:UNI1|ramD:MemD|altsyncram:altsyncram_component|altsyncram_aos3:auto_generated|ram_block1a27~porta_address_reg0 ; ClockDIV_internal ; CLOCK       ; 0.500        ; 0.321      ; 8.110      ;
; -7.254 ; Uniciclo:UNI1|xregs:Regs1|xreg32[10][1]                                                                                 ; Uniciclo:UNI1|ramD:MemD|altsyncram:altsyncram_component|altsyncram_aos3:auto_generated|ram_block1a27~porta_address_reg0 ; ClockDIV_internal ; CLOCK       ; 0.500        ; 0.326      ; 8.090      ;
; -7.219 ; Uniciclo:UNI1|xregs:Regs1|xreg32[2][4]                                                                                  ; Uniciclo:UNI1|ramD:MemD|altsyncram:altsyncram_component|altsyncram_aos3:auto_generated|ram_block1a0~porta_address_reg0  ; ClockDIV_internal ; CLOCK       ; 0.500        ; 0.327      ; 8.056      ;
; -7.213 ; Uniciclo:UNI1|xregs:Regs1|xreg32[2][4]                                                                                  ; Uniciclo:UNI1|ramD:MemD|altsyncram:altsyncram_component|altsyncram_aos3:auto_generated|ram_block1a18~porta_address_reg0 ; ClockDIV_internal ; CLOCK       ; 0.500        ; 0.336      ; 8.059      ;
; -7.209 ; Uniciclo:UNI1|xregs:Regs1|xreg32[28][2]                                                                                 ; Uniciclo:UNI1|ramD:MemD|altsyncram:altsyncram_component|altsyncram_aos3:auto_generated|ram_block1a27~porta_address_reg0 ; ClockDIV_internal ; CLOCK       ; 0.500        ; 0.318      ; 8.037      ;
; -7.204 ; Uniciclo:UNI1|xregs:Regs1|xreg32[26][0]                                                                                 ; Uniciclo:UNI1|ramD:MemD|altsyncram:altsyncram_component|altsyncram_aos3:auto_generated|ram_block1a27~porta_address_reg0 ; ClockDIV_internal ; CLOCK       ; 0.500        ; 0.322      ; 8.036      ;
; -7.203 ; Uniciclo:UNI1|xregs:Regs1|xreg32[27][0]                                                                                 ; Uniciclo:UNI1|ramD:MemD|altsyncram:altsyncram_component|altsyncram_aos3:auto_generated|ram_block1a27~porta_address_reg0 ; ClockDIV_internal ; CLOCK       ; 0.500        ; 0.317      ; 8.030      ;
; -7.189 ; Uniciclo:UNI1|xregs:Regs1|xreg32[8][2]                                                                                  ; Uniciclo:UNI1|ramD:MemD|altsyncram:altsyncram_component|altsyncram_aos3:auto_generated|ram_block1a27~porta_address_reg0 ; ClockDIV_internal ; CLOCK       ; 0.500        ; 0.327      ; 8.026      ;
; -7.178 ; Uniciclo:UNI1|ramI:MemC|altsyncram:altsyncram_component|altsyncram_s9s3:auto_generated|ram_block1a18~porta_address_reg0 ; Uniciclo:UNI1|ramD:MemD|altsyncram:altsyncram_component|altsyncram_aos3:auto_generated|ram_block1a9~porta_datain_reg0   ; CLOCK             ; CLOCK       ; 1.000        ; -0.079     ; 8.119      ;
; -7.177 ; Uniciclo:UNI1|xregs:Regs1|xreg32[2][2]                                                                                  ; Uniciclo:UNI1|ramD:MemD|altsyncram:altsyncram_component|altsyncram_aos3:auto_generated|ram_block1a0~porta_address_reg0  ; ClockDIV_internal ; CLOCK       ; 0.500        ; 0.322      ; 8.009      ;
; -7.171 ; Uniciclo:UNI1|xregs:Regs1|xreg32[2][2]                                                                                  ; Uniciclo:UNI1|ramD:MemD|altsyncram:altsyncram_component|altsyncram_aos3:auto_generated|ram_block1a18~porta_address_reg0 ; ClockDIV_internal ; CLOCK       ; 0.500        ; 0.331      ; 8.012      ;
; -7.162 ; Uniciclo:UNI1|xregs:Regs1|xreg32[17][4]                                                                                 ; Uniciclo:UNI1|ramD:MemD|altsyncram:altsyncram_component|altsyncram_aos3:auto_generated|ram_block1a27~porta_address_reg0 ; ClockDIV_internal ; CLOCK       ; 0.500        ; 0.343      ; 8.015      ;
; -7.156 ; Uniciclo:UNI1|xregs:Regs1|xreg32[20][2]                                                                                 ; Uniciclo:UNI1|ramD:MemD|altsyncram:altsyncram_component|altsyncram_aos3:auto_generated|ram_block1a0~porta_address_reg0  ; ClockDIV_internal ; CLOCK       ; 0.500        ; 0.333      ; 7.999      ;
; -7.155 ; Uniciclo:UNI1|xregs:Regs1|xreg32[18][0]                                                                                 ; Uniciclo:UNI1|ramD:MemD|altsyncram:altsyncram_component|altsyncram_aos3:auto_generated|ram_block1a27~porta_address_reg0 ; ClockDIV_internal ; CLOCK       ; 0.500        ; 0.026      ; 7.691      ;
; -7.154 ; Uniciclo:UNI1|xregs:Regs1|xreg32[17][6]                                                                                 ; Uniciclo:UNI1|ramD:MemD|altsyncram:altsyncram_component|altsyncram_aos3:auto_generated|ram_block1a0~porta_address_reg0  ; ClockDIV_internal ; CLOCK       ; 0.500        ; 0.340      ; 8.004      ;
; -7.150 ; Uniciclo:UNI1|xregs:Regs1|xreg32[20][2]                                                                                 ; Uniciclo:UNI1|ramD:MemD|altsyncram:altsyncram_component|altsyncram_aos3:auto_generated|ram_block1a18~porta_address_reg0 ; ClockDIV_internal ; CLOCK       ; 0.500        ; 0.342      ; 8.002      ;
; -7.148 ; Uniciclo:UNI1|xregs:Regs1|xreg32[17][6]                                                                                 ; Uniciclo:UNI1|ramD:MemD|altsyncram:altsyncram_component|altsyncram_aos3:auto_generated|ram_block1a18~porta_address_reg0 ; ClockDIV_internal ; CLOCK       ; 0.500        ; 0.349      ; 8.007      ;
; -7.142 ; Uniciclo:UNI1|xregs:Regs1|xreg32[16][1]                                                                                 ; Uniciclo:UNI1|ramD:MemD|altsyncram:altsyncram_component|altsyncram_aos3:auto_generated|ram_block1a0~porta_address_reg0  ; ClockDIV_internal ; CLOCK       ; 0.500        ; 0.333      ; 7.985      ;
; -7.131 ; Uniciclo:UNI1|xregs:Regs1|xreg32[2][3]                                                                                  ; Uniciclo:UNI1|ramD:MemD|altsyncram:altsyncram_component|altsyncram_aos3:auto_generated|ram_block1a27~porta_address_reg0 ; ClockDIV_internal ; CLOCK       ; 0.500        ; 0.317      ; 7.958      ;
; -7.116 ; Uniciclo:UNI1|xregs:Regs1|xreg32[1][4]                                                                                  ; Uniciclo:UNI1|ramD:MemD|altsyncram:altsyncram_component|altsyncram_aos3:auto_generated|ram_block1a27~porta_address_reg0 ; ClockDIV_internal ; CLOCK       ; 0.500        ; 0.320      ; 7.946      ;
; -7.116 ; Uniciclo:UNI1|xregs:Regs1|xreg32[22][0]                                                                                 ; Uniciclo:UNI1|ramD:MemD|altsyncram:altsyncram_component|altsyncram_aos3:auto_generated|ram_block1a0~porta_address_reg0  ; ClockDIV_internal ; CLOCK       ; 0.500        ; 0.335      ; 7.961      ;
; -7.115 ; Uniciclo:UNI1|xregs:Regs1|xreg32[2][3]                                                                                  ; Uniciclo:UNI1|ramD:MemD|altsyncram:altsyncram_component|altsyncram_aos3:auto_generated|ram_block1a0~porta_address_reg0  ; ClockDIV_internal ; CLOCK       ; 0.500        ; 0.322      ; 7.947      ;
; -7.113 ; Uniciclo:UNI1|xregs:Regs1|xreg32[30][0]                                                                                 ; Uniciclo:UNI1|ramD:MemD|altsyncram:altsyncram_component|altsyncram_aos3:auto_generated|ram_block1a27~porta_address_reg0 ; ClockDIV_internal ; CLOCK       ; 0.500        ; 0.005      ; 7.628      ;
; -7.110 ; Uniciclo:UNI1|xregs:Regs1|xreg32[19][2]                                                                                 ; Uniciclo:UNI1|ramD:MemD|altsyncram:altsyncram_component|altsyncram_aos3:auto_generated|ram_block1a27~porta_address_reg0 ; ClockDIV_internal ; CLOCK       ; 0.500        ; 0.346      ; 7.966      ;
; -7.110 ; Uniciclo:UNI1|xregs:Regs1|xreg32[22][0]                                                                                 ; Uniciclo:UNI1|ramD:MemD|altsyncram:altsyncram_component|altsyncram_aos3:auto_generated|ram_block1a18~porta_address_reg0 ; ClockDIV_internal ; CLOCK       ; 0.500        ; 0.344      ; 7.964      ;
; -7.098 ; Uniciclo:UNI1|xregs:Regs1|xreg32[16][1]                                                                                 ; Uniciclo:UNI1|ramD:MemD|altsyncram:altsyncram_component|altsyncram_aos3:auto_generated|ram_block1a9~porta_address_reg0  ; ClockDIV_internal ; CLOCK       ; 0.500        ; 0.332      ; 7.940      ;
; -7.094 ; Uniciclo:UNI1|ramI:MemC|altsyncram:altsyncram_component|altsyncram_s9s3:auto_generated|ram_block1a18~porta_address_reg0 ; Uniciclo:UNI1|ramD:MemD|altsyncram:altsyncram_component|altsyncram_aos3:auto_generated|ram_block1a0~porta_datain_reg0   ; CLOCK             ; CLOCK       ; 1.000        ; -0.078     ; 8.036      ;
; -7.087 ; Uniciclo:UNI1|xregs:Regs1|xreg32[10][1]                                                                                 ; Uniciclo:UNI1|ramD:MemD|altsyncram:altsyncram_component|altsyncram_aos3:auto_generated|ram_block1a0~porta_address_reg0  ; ClockDIV_internal ; CLOCK       ; 0.500        ; 0.331      ; 7.928      ;
; -7.082 ; Uniciclo:UNI1|xregs:Regs1|xreg32[19][4]                                                                                 ; Uniciclo:UNI1|ramD:MemD|altsyncram:altsyncram_component|altsyncram_aos3:auto_generated|ram_block1a0~porta_address_reg0  ; ClockDIV_internal ; CLOCK       ; 0.500        ; 0.310      ; 7.902      ;
; -7.080 ; Uniciclo:UNI1|xregs:Regs1|xreg32[2][4]                                                                                  ; Uniciclo:UNI1|ramD:MemD|altsyncram:altsyncram_component|altsyncram_aos3:auto_generated|ram_block1a9~porta_address_reg0  ; ClockDIV_internal ; CLOCK       ; 0.500        ; 0.326      ; 7.916      ;
; -7.077 ; Uniciclo:UNI1|xregs:Regs1|xreg32[21][3]                                                                                 ; Uniciclo:UNI1|ramD:MemD|altsyncram:altsyncram_component|altsyncram_aos3:auto_generated|ram_block1a27~porta_address_reg0 ; ClockDIV_internal ; CLOCK       ; 0.500        ; 0.343      ; 7.930      ;
; -7.076 ; Uniciclo:UNI1|xregs:Regs1|xreg32[19][4]                                                                                 ; Uniciclo:UNI1|ramD:MemD|altsyncram:altsyncram_component|altsyncram_aos3:auto_generated|ram_block1a18~porta_address_reg0 ; ClockDIV_internal ; CLOCK       ; 0.500        ; 0.319      ; 7.905      ;
; -7.075 ; Uniciclo:UNI1|xregs:Regs1|xreg32[16][1]                                                                                 ; Uniciclo:UNI1|ramD:MemD|altsyncram:altsyncram_component|altsyncram_aos3:auto_generated|ram_block1a18~porta_address_reg0 ; ClockDIV_internal ; CLOCK       ; 0.500        ; 0.342      ; 7.927      ;
; -7.071 ; Uniciclo:UNI1|xregs:Regs1|xreg32[16][2]                                                                                 ; Uniciclo:UNI1|ramD:MemD|altsyncram:altsyncram_component|altsyncram_aos3:auto_generated|ram_block1a0~porta_address_reg0  ; ClockDIV_internal ; CLOCK       ; 0.500        ; 0.326      ; 7.907      ;
; -7.065 ; Uniciclo:UNI1|xregs:Regs1|xreg32[16][2]                                                                                 ; Uniciclo:UNI1|ramD:MemD|altsyncram:altsyncram_component|altsyncram_aos3:auto_generated|ram_block1a18~porta_address_reg0 ; ClockDIV_internal ; CLOCK       ; 0.500        ; 0.335      ; 7.910      ;
; -7.065 ; Uniciclo:UNI1|xregs:Regs1|xreg32[1][0]                                                                                  ; Uniciclo:UNI1|ramD:MemD|altsyncram:altsyncram_component|altsyncram_aos3:auto_generated|ram_block1a27~porta_address_reg0 ; ClockDIV_internal ; CLOCK       ; 0.500        ; 0.320      ; 7.895      ;
; -7.061 ; Uniciclo:UNI1|xregs:Regs1|xreg32[21][3]                                                                                 ; Uniciclo:UNI1|ramD:MemD|altsyncram:altsyncram_component|altsyncram_aos3:auto_generated|ram_block1a0~porta_address_reg0  ; ClockDIV_internal ; CLOCK       ; 0.500        ; 0.348      ; 7.919      ;
; -7.059 ; Uniciclo:UNI1|xregs:Regs1|xreg32[18][3]                                                                                 ; Uniciclo:UNI1|ramD:MemD|altsyncram:altsyncram_component|altsyncram_aos3:auto_generated|ram_block1a18~porta_address_reg0 ; ClockDIV_internal ; CLOCK       ; 0.500        ; 0.320      ; 7.889      ;
; -7.053 ; Uniciclo:UNI1|xregs:Regs1|xreg32[16][0]                                                                                 ; Uniciclo:UNI1|ramD:MemD|altsyncram:altsyncram_component|altsyncram_aos3:auto_generated|ram_block1a27~porta_address_reg0 ; ClockDIV_internal ; CLOCK       ; 0.500        ; 0.338      ; 7.901      ;
; -7.048 ; Uniciclo:UNI1|xregs:Regs1|xreg32[10][1]                                                                                 ; Uniciclo:UNI1|ramD:MemD|altsyncram:altsyncram_component|altsyncram_aos3:auto_generated|ram_block1a9~porta_address_reg0  ; ClockDIV_internal ; CLOCK       ; 0.500        ; 0.330      ; 7.888      ;
; -7.043 ; Uniciclo:UNI1|xregs:Regs1|xreg32[22][2]                                                                                 ; Uniciclo:UNI1|ramD:MemD|altsyncram:altsyncram_component|altsyncram_aos3:auto_generated|ram_block1a27~porta_address_reg0 ; ClockDIV_internal ; CLOCK       ; 0.500        ; 0.321      ; 7.874      ;
; -7.040 ; Uniciclo:UNI1|xregs:Regs1|xreg32[20][1]                                                                                 ; Uniciclo:UNI1|ramD:MemD|altsyncram:altsyncram_component|altsyncram_aos3:auto_generated|ram_block1a27~porta_address_reg0 ; ClockDIV_internal ; CLOCK       ; 0.500        ; 0.324      ; 7.874      ;
; -7.040 ; Uniciclo:UNI1|xregs:Regs1|xreg32[10][1]                                                                                 ; Uniciclo:UNI1|ramD:MemD|altsyncram:altsyncram_component|altsyncram_aos3:auto_generated|ram_block1a18~porta_address_reg0 ; ClockDIV_internal ; CLOCK       ; 0.500        ; 0.340      ; 7.890      ;
; -7.038 ; Uniciclo:UNI1|xregs:Regs1|xreg32[2][2]                                                                                  ; Uniciclo:UNI1|ramD:MemD|altsyncram:altsyncram_component|altsyncram_aos3:auto_generated|ram_block1a9~porta_address_reg0  ; ClockDIV_internal ; CLOCK       ; 0.500        ; 0.321      ; 7.869      ;
; -7.035 ; Uniciclo:UNI1|xregs:Regs1|xreg32[17][10]                                                                                ; Uniciclo:UNI1|ramD:MemD|altsyncram:altsyncram_component|altsyncram_aos3:auto_generated|ram_block1a27~porta_address_reg0 ; ClockDIV_internal ; CLOCK       ; 0.500        ; 0.345      ; 7.890      ;
; -7.024 ; Uniciclo:UNI1|xregs:Regs1|xreg32[18][3]                                                                                 ; Uniciclo:UNI1|ramD:MemD|altsyncram:altsyncram_component|altsyncram_aos3:auto_generated|ram_block1a9~porta_address_reg0  ; ClockDIV_internal ; CLOCK       ; 0.500        ; 0.310      ; 7.844      ;
; -7.017 ; Uniciclo:UNI1|xregs:Regs1|xreg32[20][2]                                                                                 ; Uniciclo:UNI1|ramD:MemD|altsyncram:altsyncram_component|altsyncram_aos3:auto_generated|ram_block1a9~porta_address_reg0  ; ClockDIV_internal ; CLOCK       ; 0.500        ; 0.332      ; 7.859      ;
; -7.015 ; Uniciclo:UNI1|xregs:Regs1|xreg32[17][6]                                                                                 ; Uniciclo:UNI1|ramD:MemD|altsyncram:altsyncram_component|altsyncram_aos3:auto_generated|ram_block1a9~porta_address_reg0  ; ClockDIV_internal ; CLOCK       ; 0.500        ; 0.339      ; 7.864      ;
; -7.012 ; Uniciclo:UNI1|xregs:Regs1|xreg32[17][10]                                                                                ; Uniciclo:UNI1|ramD:MemD|altsyncram:altsyncram_component|altsyncram_aos3:auto_generated|ram_block1a0~porta_address_reg0  ; ClockDIV_internal ; CLOCK       ; 0.500        ; 0.350      ; 7.872      ;
; -7.008 ; Uniciclo:UNI1|xregs:Regs1|xreg32[30][2]                                                                                 ; Uniciclo:UNI1|ramD:MemD|altsyncram:altsyncram_component|altsyncram_aos3:auto_generated|ram_block1a27~porta_address_reg0 ; ClockDIV_internal ; CLOCK       ; 0.500        ; 0.321      ; 7.839      ;
; -7.005 ; Uniciclo:UNI1|xregs:Regs1|xreg32[23][7]                                                                                 ; Uniciclo:UNI1|ramD:MemD|altsyncram:altsyncram_component|altsyncram_aos3:auto_generated|ram_block1a27~porta_address_reg0 ; ClockDIV_internal ; CLOCK       ; 0.500        ; 0.346      ; 7.861      ;
; -7.004 ; Uniciclo:UNI1|xregs:Regs1|xreg32[21][4]                                                                                 ; Uniciclo:UNI1|ramD:MemD|altsyncram:altsyncram_component|altsyncram_aos3:auto_generated|ram_block1a27~porta_address_reg0 ; ClockDIV_internal ; CLOCK       ; 0.500        ; 0.343      ; 7.857      ;
; -7.001 ; Uniciclo:UNI1|xregs:Regs1|xreg32[28][2]                                                                                 ; Uniciclo:UNI1|ramD:MemD|altsyncram:altsyncram_component|altsyncram_aos3:auto_generated|ram_block1a0~porta_address_reg0  ; ClockDIV_internal ; CLOCK       ; 0.500        ; 0.323      ; 7.834      ;
; -6.999 ; Uniciclo:UNI1|xregs:Regs1|xreg32[5][0]                                                                                  ; Uniciclo:UNI1|ramD:MemD|altsyncram:altsyncram_component|altsyncram_aos3:auto_generated|ram_block1a27~porta_address_reg0 ; ClockDIV_internal ; CLOCK       ; 0.500        ; 0.340      ; 7.849      ;
; -6.998 ; Uniciclo:UNI1|xregs:Regs1|xreg32[19][0]                                                                                 ; Uniciclo:UNI1|ramD:MemD|altsyncram:altsyncram_component|altsyncram_aos3:auto_generated|ram_block1a27~porta_address_reg0 ; ClockDIV_internal ; CLOCK       ; 0.500        ; 0.305      ; 7.813      ;
; -6.996 ; Uniciclo:UNI1|xregs:Regs1|xreg32[26][0]                                                                                 ; Uniciclo:UNI1|ramD:MemD|altsyncram:altsyncram_component|altsyncram_aos3:auto_generated|ram_block1a0~porta_address_reg0  ; ClockDIV_internal ; CLOCK       ; 0.500        ; 0.327      ; 7.833      ;
; -6.995 ; Uniciclo:UNI1|xregs:Regs1|xreg32[28][2]                                                                                 ; Uniciclo:UNI1|ramD:MemD|altsyncram:altsyncram_component|altsyncram_aos3:auto_generated|ram_block1a18~porta_address_reg0 ; ClockDIV_internal ; CLOCK       ; 0.500        ; 0.332      ; 7.837      ;
; -6.995 ; Uniciclo:UNI1|xregs:Regs1|xreg32[30][0]                                                                                 ; Uniciclo:UNI1|ramD:MemD|altsyncram:altsyncram_component|altsyncram_aos3:auto_generated|ram_block1a0~porta_address_reg0  ; ClockDIV_internal ; CLOCK       ; 0.500        ; 0.010      ; 7.515      ;
; -6.995 ; Uniciclo:UNI1|xregs:Regs1|xreg32[27][0]                                                                                 ; Uniciclo:UNI1|ramD:MemD|altsyncram:altsyncram_component|altsyncram_aos3:auto_generated|ram_block1a0~porta_address_reg0  ; ClockDIV_internal ; CLOCK       ; 0.500        ; 0.322      ; 7.827      ;
; -6.990 ; Uniciclo:UNI1|xregs:Regs1|xreg32[26][0]                                                                                 ; Uniciclo:UNI1|ramD:MemD|altsyncram:altsyncram_component|altsyncram_aos3:auto_generated|ram_block1a18~porta_address_reg0 ; ClockDIV_internal ; CLOCK       ; 0.500        ; 0.336      ; 7.836      ;
; -6.989 ; Uniciclo:UNI1|xregs:Regs1|xreg32[27][0]                                                                                 ; Uniciclo:UNI1|ramD:MemD|altsyncram:altsyncram_component|altsyncram_aos3:auto_generated|ram_block1a18~porta_address_reg0 ; ClockDIV_internal ; CLOCK       ; 0.500        ; 0.331      ; 7.830      ;
; -6.987 ; Uniciclo:UNI1|xregs:Regs1|xreg32[26][3]                                                                                 ; Uniciclo:UNI1|ramD:MemD|altsyncram:altsyncram_component|altsyncram_aos3:auto_generated|ram_block1a27~porta_address_reg0 ; ClockDIV_internal ; CLOCK       ; 0.500        ; 0.306      ; 7.803      ;
; -6.981 ; Uniciclo:UNI1|xregs:Regs1|xreg32[8][2]                                                                                  ; Uniciclo:UNI1|ramD:MemD|altsyncram:altsyncram_component|altsyncram_aos3:auto_generated|ram_block1a0~porta_address_reg0  ; ClockDIV_internal ; CLOCK       ; 0.500        ; 0.332      ; 7.823      ;
; -6.977 ; Uniciclo:UNI1|xregs:Regs1|xreg32[22][0]                                                                                 ; Uniciclo:UNI1|ramD:MemD|altsyncram:altsyncram_component|altsyncram_aos3:auto_generated|ram_block1a9~porta_address_reg0  ; ClockDIV_internal ; CLOCK       ; 0.500        ; 0.334      ; 7.821      ;
; -6.975 ; Uniciclo:UNI1|xregs:Regs1|xreg32[8][2]                                                                                  ; Uniciclo:UNI1|ramD:MemD|altsyncram:altsyncram_component|altsyncram_aos3:auto_generated|ram_block1a18~porta_address_reg0 ; ClockDIV_internal ; CLOCK       ; 0.500        ; 0.341      ; 7.826      ;
; -6.974 ; Uniciclo:UNI1|xregs:Regs1|xreg32[28][4]                                                                                 ; Uniciclo:UNI1|ramD:MemD|altsyncram:altsyncram_component|altsyncram_aos3:auto_generated|ram_block1a27~porta_address_reg0 ; ClockDIV_internal ; CLOCK       ; 0.500        ; 0.320      ; 7.804      ;
; -6.973 ; Uniciclo:UNI1|xregs:Regs1|xreg32[23][7]                                                                                 ; Uniciclo:UNI1|ramD:MemD|altsyncram:altsyncram_component|altsyncram_aos3:auto_generated|ram_block1a9~porta_address_reg0  ; ClockDIV_internal ; CLOCK       ; 0.500        ; 0.350      ; 7.833      ;
; -6.971 ; Uniciclo:UNI1|xregs:Regs1|xreg32[26][3]                                                                                 ; Uniciclo:UNI1|ramD:MemD|altsyncram:altsyncram_component|altsyncram_aos3:auto_generated|ram_block1a0~porta_address_reg0  ; ClockDIV_internal ; CLOCK       ; 0.500        ; 0.311      ; 7.792      ;
; -6.969 ; Uniciclo:UNI1|xregs:Regs1|xreg32[25][4]                                                                                 ; Uniciclo:UNI1|ramD:MemD|altsyncram:altsyncram_component|altsyncram_aos3:auto_generated|ram_block1a27~porta_address_reg0 ; ClockDIV_internal ; CLOCK       ; 0.500        ; 0.337      ; 7.816      ;
; -6.969 ; Uniciclo:UNI1|xregs:Regs1|xreg32[17][10]                                                                                ; Uniciclo:UNI1|ramD:MemD|altsyncram:altsyncram_component|altsyncram_aos3:auto_generated|ram_block1a18~porta_address_reg0 ; ClockDIV_internal ; CLOCK       ; 0.500        ; 0.359      ; 7.838      ;
; -6.954 ; Uniciclo:UNI1|xregs:Regs1|xreg32[17][4]                                                                                 ; Uniciclo:UNI1|ramD:MemD|altsyncram:altsyncram_component|altsyncram_aos3:auto_generated|ram_block1a0~porta_address_reg0  ; ClockDIV_internal ; CLOCK       ; 0.500        ; 0.348      ; 7.812      ;
; -6.948 ; Uniciclo:UNI1|xregs:Regs1|xreg32[17][4]                                                                                 ; Uniciclo:UNI1|ramD:MemD|altsyncram:altsyncram_component|altsyncram_aos3:auto_generated|ram_block1a18~porta_address_reg0 ; ClockDIV_internal ; CLOCK       ; 0.500        ; 0.357      ; 7.815      ;
; -6.947 ; Uniciclo:UNI1|xregs:Regs1|xreg32[18][0]                                                                                 ; Uniciclo:UNI1|ramD:MemD|altsyncram:altsyncram_component|altsyncram_aos3:auto_generated|ram_block1a0~porta_address_reg0  ; ClockDIV_internal ; CLOCK       ; 0.500        ; 0.031      ; 7.488      ;
; -6.947 ; Uniciclo:UNI1|xregs:Regs1|xreg32[1][0]                                                                                  ; Uniciclo:UNI1|ramD:MemD|altsyncram:altsyncram_component|altsyncram_aos3:auto_generated|ram_block1a0~porta_address_reg0  ; ClockDIV_internal ; CLOCK       ; 0.500        ; 0.325      ; 7.782      ;
; -6.946 ; Uniciclo:UNI1|xregs:Regs1|xreg32[23][7]                                                                                 ; Uniciclo:UNI1|ramD:MemD|altsyncram:altsyncram_component|altsyncram_aos3:auto_generated|ram_block1a0~porta_address_reg0  ; ClockDIV_internal ; CLOCK       ; 0.500        ; 0.351      ; 7.807      ;
+--------+-------------------------------------------------------------------------------------------------------------------------+-------------------------------------------------------------------------------------------------------------------------+-------------------+-------------+--------------+------------+------------+


+--------------------------------------------------------------------------------------------------------------------------------------------------------+
; Slow 1200mV 0C Model Hold: 'ClockDIV_internal'                                                                                                         ;
+-------+-------------------------------+-------------------------------+-------------------+-------------------+--------------+------------+------------+
; Slack ; From Node                     ; To Node                       ; Launch Clock      ; Latch Clock       ; Relationship ; Clock Skew ; Data Delay ;
+-------+-------------------------------+-------------------------------+-------------------+-------------------+--------------+------------+------------+
; 0.312 ; Uniciclo:UNI1|PC_internal[1]  ; Uniciclo:UNI1|PC_internal[1]  ; ClockDIV_internal ; ClockDIV_internal ; 0.000        ; 0.055      ; 0.511      ;
; 0.312 ; Uniciclo:UNI1|PC_internal[0]  ; Uniciclo:UNI1|PC_internal[0]  ; ClockDIV_internal ; ClockDIV_internal ; 0.000        ; 0.055      ; 0.511      ;
; 1.217 ; Uniciclo:UNI1|PC_internal[31] ; Uniciclo:UNI1|PC_internal[31] ; ClockDIV_internal ; ClockDIV_internal ; 0.000        ; 0.056      ; 1.417      ;
; 1.227 ; Uniciclo:UNI1|PC_internal[20] ; Uniciclo:UNI1|PC_internal[20] ; ClockDIV_internal ; ClockDIV_internal ; 0.000        ; 0.056      ; 1.427      ;
; 1.288 ; Uniciclo:UNI1|PC_internal[26] ; Uniciclo:UNI1|PC_internal[26] ; ClockDIV_internal ; ClockDIV_internal ; 0.000        ; 0.056      ; 1.488      ;
; 1.315 ; Uniciclo:UNI1|PC_internal[18] ; Uniciclo:UNI1|PC_internal[18] ; ClockDIV_internal ; ClockDIV_internal ; 0.000        ; 0.056      ; 1.515      ;
; 1.318 ; Uniciclo:UNI1|PC_internal[30] ; Uniciclo:UNI1|PC_internal[30] ; ClockDIV_internal ; ClockDIV_internal ; 0.000        ; 0.056      ; 1.518      ;
; 1.322 ; Uniciclo:UNI1|PC_internal[23] ; Uniciclo:UNI1|PC_internal[23] ; ClockDIV_internal ; ClockDIV_internal ; 0.000        ; 0.056      ; 1.522      ;
; 1.325 ; Uniciclo:UNI1|PC_internal[14] ; Uniciclo:UNI1|PC_internal[14] ; ClockDIV_internal ; ClockDIV_internal ; 0.000        ; 0.055      ; 1.524      ;
; 1.333 ; Uniciclo:UNI1|PC_internal[15] ; Uniciclo:UNI1|PC_internal[15] ; ClockDIV_internal ; ClockDIV_internal ; 0.000        ; 0.055      ; 1.532      ;
; 1.334 ; Uniciclo:UNI1|PC_internal[12] ; Uniciclo:UNI1|PC_internal[12] ; ClockDIV_internal ; ClockDIV_internal ; 0.000        ; 0.055      ; 1.533      ;
; 1.334 ; Uniciclo:UNI1|PC_internal[16] ; Uniciclo:UNI1|PC_internal[16] ; ClockDIV_internal ; ClockDIV_internal ; 0.000        ; 0.056      ; 1.534      ;
; 1.357 ; Uniciclo:UNI1|PC_internal[21] ; Uniciclo:UNI1|PC_internal[21] ; ClockDIV_internal ; ClockDIV_internal ; 0.000        ; 0.056      ; 1.557      ;
; 1.423 ; Uniciclo:UNI1|PC_internal[30] ; Uniciclo:UNI1|PC_internal[31] ; ClockDIV_internal ; ClockDIV_internal ; 0.000        ; 0.056      ; 1.623      ;
; 1.430 ; Uniciclo:UNI1|PC_internal[14] ; Uniciclo:UNI1|PC_internal[15] ; ClockDIV_internal ; ClockDIV_internal ; 0.000        ; 0.055      ; 1.629      ;
; 1.432 ; Uniciclo:UNI1|PC_internal[14] ; Uniciclo:UNI1|PC_internal[16] ; ClockDIV_internal ; ClockDIV_internal ; 0.000        ; 0.070      ; 1.646      ;
; 1.448 ; Uniciclo:UNI1|PC_internal[18] ; Uniciclo:UNI1|PC_internal[20] ; ClockDIV_internal ; ClockDIV_internal ; 0.000        ; 0.056      ; 1.648      ;
; 1.448 ; Uniciclo:UNI1|PC_internal[20] ; Uniciclo:UNI1|PC_internal[21] ; ClockDIV_internal ; ClockDIV_internal ; 0.000        ; 0.056      ; 1.648      ;
; 1.465 ; Uniciclo:UNI1|PC_internal[25] ; Uniciclo:UNI1|PC_internal[25] ; ClockDIV_internal ; ClockDIV_internal ; 0.000        ; 0.056      ; 1.665      ;
; 1.498 ; Uniciclo:UNI1|PC_internal[27] ; Uniciclo:UNI1|PC_internal[27] ; ClockDIV_internal ; ClockDIV_internal ; 0.000        ; 0.056      ; 1.698      ;
; 1.506 ; Uniciclo:UNI1|PC_internal[13] ; Uniciclo:UNI1|PC_internal[13] ; ClockDIV_internal ; ClockDIV_internal ; 0.000        ; 0.055      ; 1.705      ;
; 1.511 ; Uniciclo:UNI1|PC_internal[18] ; Uniciclo:UNI1|PC_internal[21] ; ClockDIV_internal ; ClockDIV_internal ; 0.000        ; 0.056      ; 1.711      ;
; 1.536 ; Uniciclo:UNI1|PC_internal[17] ; Uniciclo:UNI1|PC_internal[17] ; ClockDIV_internal ; ClockDIV_internal ; 0.000        ; 0.056      ; 1.736      ;
; 1.540 ; Uniciclo:UNI1|PC_internal[12] ; Uniciclo:UNI1|PC_internal[15] ; ClockDIV_internal ; ClockDIV_internal ; 0.000        ; 0.055      ; 1.739      ;
; 1.541 ; Uniciclo:UNI1|PC_internal[24] ; Uniciclo:UNI1|PC_internal[24] ; ClockDIV_internal ; ClockDIV_internal ; 0.000        ; 0.056      ; 1.741      ;
; 1.542 ; Uniciclo:UNI1|PC_internal[12] ; Uniciclo:UNI1|PC_internal[16] ; ClockDIV_internal ; ClockDIV_internal ; 0.000        ; 0.070      ; 1.756      ;
; 1.544 ; Uniciclo:UNI1|PC_internal[8]  ; Uniciclo:UNI1|PC_internal[8]  ; ClockDIV_internal ; ClockDIV_internal ; 0.000        ; 0.055      ; 1.743      ;
; 1.544 ; Uniciclo:UNI1|PC_internal[25] ; Uniciclo:UNI1|PC_internal[26] ; ClockDIV_internal ; ClockDIV_internal ; 0.000        ; 0.056      ; 1.744      ;
; 1.562 ; Uniciclo:UNI1|PC_internal[19] ; Uniciclo:UNI1|PC_internal[19] ; ClockDIV_internal ; ClockDIV_internal ; 0.000        ; 0.056      ; 1.762      ;
; 1.563 ; Uniciclo:UNI1|PC_internal[15] ; Uniciclo:UNI1|PC_internal[16] ; ClockDIV_internal ; ClockDIV_internal ; 0.000        ; 0.070      ; 1.777      ;
; 1.566 ; Uniciclo:UNI1|PC_internal[5]  ; Uniciclo:UNI1|PC_internal[5]  ; ClockDIV_internal ; ClockDIV_internal ; 0.000        ; 0.055      ; 1.765      ;
; 1.568 ; Uniciclo:UNI1|PC_internal[12] ; Uniciclo:UNI1|PC_internal[13] ; ClockDIV_internal ; ClockDIV_internal ; 0.000        ; 0.055      ; 1.767      ;
; 1.569 ; Uniciclo:UNI1|PC_internal[20] ; Uniciclo:UNI1|PC_internal[23] ; ClockDIV_internal ; ClockDIV_internal ; 0.000        ; 0.056      ; 1.769      ;
; 1.588 ; Uniciclo:UNI1|PC_internal[27] ; Uniciclo:UNI1|PC_internal[28] ; ClockDIV_internal ; ClockDIV_internal ; 0.000        ; 0.056      ; 1.788      ;
; 1.594 ; Uniciclo:UNI1|PC_internal[12] ; Uniciclo:UNI1|PC_internal[14] ; ClockDIV_internal ; ClockDIV_internal ; 0.000        ; 0.055      ; 1.793      ;
; 1.605 ; Uniciclo:UNI1|PC_internal[18] ; Uniciclo:UNI1|PC_internal[19] ; ClockDIV_internal ; ClockDIV_internal ; 0.000        ; 0.055      ; 1.804      ;
; 1.613 ; Uniciclo:UNI1|PC_internal[27] ; Uniciclo:UNI1|PC_internal[31] ; ClockDIV_internal ; ClockDIV_internal ; 0.000        ; 0.056      ; 1.813      ;
; 1.621 ; Uniciclo:UNI1|PC_internal[14] ; Uniciclo:UNI1|PC_internal[20] ; ClockDIV_internal ; ClockDIV_internal ; 0.000        ; 0.070      ; 1.835      ;
; 1.628 ; Uniciclo:UNI1|PC_internal[18] ; Uniciclo:UNI1|PC_internal[23] ; ClockDIV_internal ; ClockDIV_internal ; 0.000        ; 0.056      ; 1.828      ;
; 1.629 ; Uniciclo:UNI1|PC_internal[23] ; Uniciclo:UNI1|PC_internal[26] ; ClockDIV_internal ; ClockDIV_internal ; 0.000        ; 0.056      ; 1.829      ;
; 1.635 ; Uniciclo:UNI1|PC_internal[19] ; Uniciclo:UNI1|PC_internal[20] ; ClockDIV_internal ; ClockDIV_internal ; 0.000        ; 0.057      ; 1.836      ;
; 1.635 ; Uniciclo:UNI1|PC_internal[24] ; Uniciclo:UNI1|PC_internal[26] ; ClockDIV_internal ; ClockDIV_internal ; 0.000        ; 0.057      ; 1.836      ;
; 1.636 ; Uniciclo:UNI1|PC_internal[14] ; Uniciclo:UNI1|PC_internal[17] ; ClockDIV_internal ; ClockDIV_internal ; 0.000        ; 0.069      ; 1.849      ;
; 1.646 ; Uniciclo:UNI1|PC_internal[20] ; Uniciclo:UNI1|PC_internal[26] ; ClockDIV_internal ; ClockDIV_internal ; 0.000        ; 0.056      ; 1.846      ;
; 1.650 ; Uniciclo:UNI1|PC_internal[14] ; Uniciclo:UNI1|PC_internal[18] ; ClockDIV_internal ; ClockDIV_internal ; 0.000        ; 0.070      ; 1.864      ;
; 1.668 ; Uniciclo:UNI1|PC_internal[19] ; Uniciclo:UNI1|PC_internal[21] ; ClockDIV_internal ; ClockDIV_internal ; 0.000        ; 0.057      ; 1.869      ;
; 1.670 ; Uniciclo:UNI1|PC_internal[27] ; Uniciclo:UNI1|PC_internal[30] ; ClockDIV_internal ; ClockDIV_internal ; 0.000        ; 0.056      ; 1.870      ;
; 1.678 ; Uniciclo:UNI1|PC_internal[20] ; Uniciclo:UNI1|PC_internal[22] ; ClockDIV_internal ; ClockDIV_internal ; 0.000        ; 0.041      ; 1.863      ;
; 1.684 ; Uniciclo:UNI1|PC_internal[14] ; Uniciclo:UNI1|PC_internal[21] ; ClockDIV_internal ; ClockDIV_internal ; 0.000        ; 0.070      ; 1.898      ;
; 1.685 ; Uniciclo:UNI1|PC_internal[16] ; Uniciclo:UNI1|PC_internal[20] ; ClockDIV_internal ; ClockDIV_internal ; 0.000        ; 0.056      ; 1.885      ;
; 1.688 ; Uniciclo:UNI1|PC_internal[13] ; Uniciclo:UNI1|PC_internal[15] ; ClockDIV_internal ; ClockDIV_internal ; 0.000        ; 0.055      ; 1.887      ;
; 1.695 ; Uniciclo:UNI1|PC_internal[29] ; Uniciclo:UNI1|PC_internal[29] ; ClockDIV_internal ; ClockDIV_internal ; 0.000        ; 0.055      ; 1.894      ;
; 1.699 ; Uniciclo:UNI1|PC_internal[21] ; Uniciclo:UNI1|PC_internal[23] ; ClockDIV_internal ; ClockDIV_internal ; 0.000        ; 0.056      ; 1.899      ;
; 1.700 ; Uniciclo:UNI1|PC_internal[16] ; Uniciclo:UNI1|PC_internal[17] ; ClockDIV_internal ; ClockDIV_internal ; 0.000        ; 0.055      ; 1.899      ;
; 1.705 ; Uniciclo:UNI1|PC_internal[18] ; Uniciclo:UNI1|PC_internal[26] ; ClockDIV_internal ; ClockDIV_internal ; 0.000        ; 0.056      ; 1.905      ;
; 1.709 ; Uniciclo:UNI1|PC_internal[23] ; Uniciclo:UNI1|PC_internal[24] ; ClockDIV_internal ; ClockDIV_internal ; 0.000        ; 0.055      ; 1.908      ;
; 1.711 ; Uniciclo:UNI1|PC_internal[13] ; Uniciclo:UNI1|PC_internal[16] ; ClockDIV_internal ; ClockDIV_internal ; 0.000        ; 0.070      ; 1.925      ;
; 1.714 ; Uniciclo:UNI1|PC_internal[16] ; Uniciclo:UNI1|PC_internal[18] ; ClockDIV_internal ; ClockDIV_internal ; 0.000        ; 0.056      ; 1.914      ;
; 1.725 ; Uniciclo:UNI1|PC_internal[26] ; Uniciclo:UNI1|PC_internal[28] ; ClockDIV_internal ; ClockDIV_internal ; 0.000        ; 0.056      ; 1.925      ;
; 1.726 ; Uniciclo:UNI1|PC_internal[20] ; Uniciclo:UNI1|PC_internal[24] ; ClockDIV_internal ; ClockDIV_internal ; 0.000        ; 0.055      ; 1.925      ;
; 1.731 ; Uniciclo:UNI1|PC_internal[12] ; Uniciclo:UNI1|PC_internal[20] ; ClockDIV_internal ; ClockDIV_internal ; 0.000        ; 0.070      ; 1.945      ;
; 1.737 ; Uniciclo:UNI1|PC_internal[18] ; Uniciclo:UNI1|PC_internal[22] ; ClockDIV_internal ; ClockDIV_internal ; 0.000        ; 0.041      ; 1.922      ;
; 1.738 ; Uniciclo:UNI1|PC_internal[16] ; Uniciclo:UNI1|PC_internal[21] ; ClockDIV_internal ; ClockDIV_internal ; 0.000        ; 0.056      ; 1.938      ;
; 1.740 ; Uniciclo:UNI1|PC_internal[8]  ; Uniciclo:UNI1|PC_internal[9]  ; ClockDIV_internal ; ClockDIV_internal ; 0.000        ; 0.055      ; 1.939      ;
; 1.741 ; Uniciclo:UNI1|PC_internal[2]  ; Uniciclo:UNI1|PC_internal[2]  ; ClockDIV_internal ; ClockDIV_internal ; 0.000        ; 0.055      ; 1.940      ;
; 1.746 ; Uniciclo:UNI1|PC_internal[17] ; Uniciclo:UNI1|PC_internal[20] ; ClockDIV_internal ; ClockDIV_internal ; 0.000        ; 0.057      ; 1.947      ;
; 1.746 ; Uniciclo:UNI1|PC_internal[12] ; Uniciclo:UNI1|PC_internal[17] ; ClockDIV_internal ; ClockDIV_internal ; 0.000        ; 0.069      ; 1.959      ;
; 1.747 ; Uniciclo:UNI1|PC_internal[26] ; Uniciclo:UNI1|PC_internal[31] ; ClockDIV_internal ; ClockDIV_internal ; 0.000        ; 0.056      ; 1.947      ;
; 1.752 ; Uniciclo:UNI1|PC_internal[29] ; Uniciclo:UNI1|PC_internal[31] ; ClockDIV_internal ; ClockDIV_internal ; 0.000        ; 0.070      ; 1.966      ;
; 1.752 ; Uniciclo:UNI1|PC_internal[15] ; Uniciclo:UNI1|PC_internal[20] ; ClockDIV_internal ; ClockDIV_internal ; 0.000        ; 0.070      ; 1.966      ;
; 1.760 ; Uniciclo:UNI1|PC_internal[12] ; Uniciclo:UNI1|PC_internal[18] ; ClockDIV_internal ; ClockDIV_internal ; 0.000        ; 0.070      ; 1.974      ;
; 1.763 ; Uniciclo:UNI1|PC_internal[13] ; Uniciclo:UNI1|PC_internal[14] ; ClockDIV_internal ; ClockDIV_internal ; 0.000        ; 0.055      ; 1.962      ;
; 1.767 ; Uniciclo:UNI1|PC_internal[15] ; Uniciclo:UNI1|PC_internal[17] ; ClockDIV_internal ; ClockDIV_internal ; 0.000        ; 0.069      ; 1.980      ;
; 1.769 ; Uniciclo:UNI1|PC_internal[23] ; Uniciclo:UNI1|PC_internal[25] ; ClockDIV_internal ; ClockDIV_internal ; 0.000        ; 0.056      ; 1.969      ;
; 1.775 ; Uniciclo:UNI1|PC_internal[17] ; Uniciclo:UNI1|PC_internal[18] ; ClockDIV_internal ; ClockDIV_internal ; 0.000        ; 0.057      ; 1.976      ;
; 1.775 ; Uniciclo:UNI1|PC_internal[24] ; Uniciclo:UNI1|PC_internal[25] ; ClockDIV_internal ; ClockDIV_internal ; 0.000        ; 0.057      ; 1.976      ;
; 1.778 ; Uniciclo:UNI1|PC_internal[8]  ; Uniciclo:UNI1|PC_internal[10] ; ClockDIV_internal ; ClockDIV_internal ; 0.000        ; 0.055      ; 1.977      ;
; 1.778 ; Uniciclo:UNI1|PC_internal[14] ; Uniciclo:UNI1|PC_internal[19] ; ClockDIV_internal ; ClockDIV_internal ; 0.000        ; 0.069      ; 1.991      ;
; 1.779 ; Uniciclo:UNI1|PC_internal[27] ; Uniciclo:UNI1|PC_internal[29] ; ClockDIV_internal ; ClockDIV_internal ; 0.000        ; 0.041      ; 1.964      ;
; 1.781 ; Uniciclo:UNI1|PC_internal[15] ; Uniciclo:UNI1|PC_internal[18] ; ClockDIV_internal ; ClockDIV_internal ; 0.000        ; 0.070      ; 1.995      ;
; 1.784 ; Uniciclo:UNI1|PC_internal[17] ; Uniciclo:UNI1|PC_internal[21] ; ClockDIV_internal ; ClockDIV_internal ; 0.000        ; 0.057      ; 1.985      ;
; 1.785 ; Uniciclo:UNI1|PC_internal[18] ; Uniciclo:UNI1|PC_internal[24] ; ClockDIV_internal ; ClockDIV_internal ; 0.000        ; 0.055      ; 1.984      ;
; 1.786 ; Uniciclo:UNI1|PC_internal[0]  ; Uniciclo:UNI1|PC_internal[1]  ; ClockDIV_internal ; ClockDIV_internal ; 0.000        ; 0.055      ; 1.985      ;
; 1.787 ; Uniciclo:UNI1|PC_internal[20] ; Uniciclo:UNI1|PC_internal[25] ; ClockDIV_internal ; ClockDIV_internal ; 0.000        ; 0.056      ; 1.987      ;
; 1.789 ; Uniciclo:UNI1|PC_internal[21] ; Uniciclo:UNI1|PC_internal[26] ; ClockDIV_internal ; ClockDIV_internal ; 0.000        ; 0.056      ; 1.989      ;
; 1.793 ; Uniciclo:UNI1|PC_internal[19] ; Uniciclo:UNI1|PC_internal[23] ; ClockDIV_internal ; ClockDIV_internal ; 0.000        ; 0.057      ; 1.994      ;
; 1.794 ; Uniciclo:UNI1|PC_internal[12] ; Uniciclo:UNI1|PC_internal[21] ; ClockDIV_internal ; ClockDIV_internal ; 0.000        ; 0.070      ; 2.008      ;
; 1.795 ; Uniciclo:UNI1|PC_internal[1]  ; Uniciclo:UNI1|PC_internal[2]  ; ClockDIV_internal ; ClockDIV_internal ; 0.000        ; 0.054      ; 1.993      ;
; 1.796 ; Uniciclo:UNI1|PC_internal[28] ; Uniciclo:UNI1|PC_internal[30] ; ClockDIV_internal ; ClockDIV_internal ; 0.000        ; 0.056      ; 1.996      ;
; 1.796 ; Uniciclo:UNI1|PC_internal[15] ; Uniciclo:UNI1|PC_internal[21] ; ClockDIV_internal ; ClockDIV_internal ; 0.000        ; 0.070      ; 2.010      ;
; 1.801 ; Uniciclo:UNI1|PC_internal[14] ; Uniciclo:UNI1|PC_internal[23] ; ClockDIV_internal ; ClockDIV_internal ; 0.000        ; 0.070      ; 2.015      ;
; 1.806 ; Uniciclo:UNI1|PC_internal[0]  ; Uniciclo:UNI1|PC_internal[2]  ; ClockDIV_internal ; ClockDIV_internal ; 0.000        ; 0.054      ; 2.004      ;
; 1.807 ; Uniciclo:UNI1|PC_internal[26] ; Uniciclo:UNI1|PC_internal[30] ; ClockDIV_internal ; ClockDIV_internal ; 0.000        ; 0.056      ; 2.007      ;
; 1.809 ; Uniciclo:UNI1|PC_internal[29] ; Uniciclo:UNI1|PC_internal[30] ; ClockDIV_internal ; ClockDIV_internal ; 0.000        ; 0.070      ; 2.023      ;
; 1.810 ; Uniciclo:UNI1|PC_internal[1]  ; Uniciclo:UNI1|PC_internal[3]  ; ClockDIV_internal ; ClockDIV_internal ; 0.000        ; 0.353      ; 2.307      ;
; 1.817 ; Uniciclo:UNI1|PC_internal[5]  ; Uniciclo:UNI1|PC_internal[7]  ; ClockDIV_internal ; ClockDIV_internal ; 0.000        ; 0.354      ; 2.315      ;
; 1.819 ; Uniciclo:UNI1|PC_internal[25] ; Uniciclo:UNI1|PC_internal[28] ; ClockDIV_internal ; ClockDIV_internal ; 0.000        ; 0.056      ; 2.019      ;
; 1.821 ; Uniciclo:UNI1|PC_internal[22] ; Uniciclo:UNI1|PC_internal[22] ; ClockDIV_internal ; ClockDIV_internal ; 0.000        ; 0.055      ; 2.020      ;
; 1.821 ; Uniciclo:UNI1|PC_internal[21] ; Uniciclo:UNI1|PC_internal[22] ; ClockDIV_internal ; ClockDIV_internal ; 0.000        ; 0.041      ; 2.006      ;
; 1.821 ; Uniciclo:UNI1|PC_internal[0]  ; Uniciclo:UNI1|PC_internal[3]  ; ClockDIV_internal ; ClockDIV_internal ; 0.000        ; 0.353      ; 2.318      ;
+-------+-------------------------------+-------------------------------+-------------------+-------------------+--------------+------------+------------+


+-------------------------------------------------------------------------------------------------------------------------------------------------------------------------------------------------------------------------------------------------------+
; Slow 1200mV 0C Model Hold: 'CLOCK'                                                                                                                                                                                                                    ;
+-------+------------------------------------------+-------------------------------------------------------------------------------------------------------------------------+-------------------+-------------+--------------+------------+------------+
; Slack ; From Node                                ; To Node                                                                                                                 ; Launch Clock      ; Latch Clock ; Relationship ; Clock Skew ; Data Delay ;
+-------+------------------------------------------+-------------------------------------------------------------------------------------------------------------------------+-------------------+-------------+--------------+------------+------------+
; 0.412 ; ClockDIV_internal                        ; ClockDIV_internal                                                                                                       ; ClockDIV_internal ; CLOCK       ; 0.000        ; 1.889      ; 2.655      ;
; 0.877 ; Uniciclo:UNI1|PC_internal[11]            ; Uniciclo:UNI1|ramI:MemC|altsyncram:altsyncram_component|altsyncram_s9s3:auto_generated|ram_block1a27~porta_address_reg0 ; ClockDIV_internal ; CLOCK       ; -0.500       ; 0.496      ; 1.072      ;
; 0.880 ; Uniciclo:UNI1|PC_internal[9]             ; Uniciclo:UNI1|ramI:MemC|altsyncram:altsyncram_component|altsyncram_s9s3:auto_generated|ram_block1a0~porta_address_reg0  ; ClockDIV_internal ; CLOCK       ; -0.500       ; 0.500      ; 1.079      ;
; 0.884 ; Uniciclo:UNI1|PC_internal[8]             ; Uniciclo:UNI1|ramI:MemC|altsyncram:altsyncram_component|altsyncram_s9s3:auto_generated|ram_block1a0~porta_address_reg0  ; ClockDIV_internal ; CLOCK       ; -0.500       ; 0.500      ; 1.083      ;
; 0.902 ; Uniciclo:UNI1|PC_internal[9]             ; Uniciclo:UNI1|ramI:MemC|altsyncram:altsyncram_component|altsyncram_s9s3:auto_generated|ram_block1a27~porta_address_reg0 ; ClockDIV_internal ; CLOCK       ; -0.500       ; 0.496      ; 1.097      ;
; 0.918 ; Uniciclo:UNI1|PC_internal[10]            ; Uniciclo:UNI1|ramI:MemC|altsyncram:altsyncram_component|altsyncram_s9s3:auto_generated|ram_block1a0~porta_address_reg0  ; ClockDIV_internal ; CLOCK       ; -0.500       ; 0.500      ; 1.117      ;
; 0.921 ; Uniciclo:UNI1|PC_internal[8]             ; Uniciclo:UNI1|ramI:MemC|altsyncram:altsyncram_component|altsyncram_s9s3:auto_generated|ram_block1a27~porta_address_reg0 ; ClockDIV_internal ; CLOCK       ; -0.500       ; 0.496      ; 1.116      ;
; 0.923 ; Uniciclo:UNI1|PC_internal[5]             ; Uniciclo:UNI1|ramI:MemC|altsyncram:altsyncram_component|altsyncram_s9s3:auto_generated|ram_block1a27~porta_address_reg0 ; ClockDIV_internal ; CLOCK       ; -0.500       ; 0.496      ; 1.118      ;
; 0.938 ; ClockDIV_internal                        ; ClockDIV_internal                                                                                                       ; ClockDIV_internal ; CLOCK       ; -0.500       ; 1.889      ; 2.681      ;
; 1.025 ; Uniciclo:UNI1|PC_internal[11]            ; Uniciclo:UNI1|ramI:MemC|altsyncram:altsyncram_component|altsyncram_s9s3:auto_generated|ram_block1a0~porta_address_reg0  ; ClockDIV_internal ; CLOCK       ; -0.500       ; 0.500      ; 1.224      ;
; 1.069 ; Uniciclo:UNI1|PC_internal[2]             ; Uniciclo:UNI1|ramI:MemC|altsyncram:altsyncram_component|altsyncram_s9s3:auto_generated|ram_block1a27~porta_address_reg0 ; ClockDIV_internal ; CLOCK       ; -0.500       ; 0.496      ; 1.264      ;
; 1.120 ; Uniciclo:UNI1|PC_internal[10]            ; Uniciclo:UNI1|ramI:MemC|altsyncram:altsyncram_component|altsyncram_s9s3:auto_generated|ram_block1a27~porta_address_reg0 ; ClockDIV_internal ; CLOCK       ; -0.500       ; 0.496      ; 1.315      ;
; 1.135 ; Uniciclo:UNI1|PC_internal[2]             ; Uniciclo:UNI1|ramI:MemC|altsyncram:altsyncram_component|altsyncram_s9s3:auto_generated|ram_block1a0~porta_address_reg0  ; ClockDIV_internal ; CLOCK       ; -0.500       ; 0.500      ; 1.334      ;
; 1.157 ; Uniciclo:UNI1|PC_internal[5]             ; Uniciclo:UNI1|ramI:MemC|altsyncram:altsyncram_component|altsyncram_s9s3:auto_generated|ram_block1a0~porta_address_reg0  ; ClockDIV_internal ; CLOCK       ; -0.500       ; 0.500      ; 1.356      ;
; 1.159 ; Uniciclo:UNI1|PC_internal[8]             ; Uniciclo:UNI1|ramI:MemC|altsyncram:altsyncram_component|altsyncram_s9s3:auto_generated|ram_block1a18~porta_address_reg0 ; ClockDIV_internal ; CLOCK       ; -0.500       ; 0.512      ; 1.370      ;
; 1.161 ; Uniciclo:UNI1|PC_internal[3]             ; Uniciclo:UNI1|ramI:MemC|altsyncram:altsyncram_component|altsyncram_s9s3:auto_generated|ram_block1a27~porta_address_reg0 ; ClockDIV_internal ; CLOCK       ; -0.500       ; 0.209      ; 1.069      ;
; 1.187 ; Uniciclo:UNI1|PC_internal[7]             ; Uniciclo:UNI1|ramI:MemC|altsyncram:altsyncram_component|altsyncram_s9s3:auto_generated|ram_block1a0~porta_address_reg0  ; ClockDIV_internal ; CLOCK       ; -0.500       ; 0.213      ; 1.099      ;
; 1.188 ; Uniciclo:UNI1|PC_internal[8]             ; Uniciclo:UNI1|ramI:MemC|altsyncram:altsyncram_component|altsyncram_s9s3:auto_generated|ram_block1a9~porta_address_reg0  ; ClockDIV_internal ; CLOCK       ; -0.500       ; 0.513      ; 1.400      ;
; 1.191 ; Uniciclo:UNI1|PC_internal[4]             ; Uniciclo:UNI1|ramI:MemC|altsyncram:altsyncram_component|altsyncram_s9s3:auto_generated|ram_block1a27~porta_address_reg0 ; ClockDIV_internal ; CLOCK       ; -0.500       ; 0.209      ; 1.099      ;
; 1.197 ; Uniciclo:UNI1|PC_internal[6]             ; Uniciclo:UNI1|ramI:MemC|altsyncram:altsyncram_component|altsyncram_s9s3:auto_generated|ram_block1a27~porta_address_reg0 ; ClockDIV_internal ; CLOCK       ; -0.500       ; 0.209      ; 1.105      ;
; 1.209 ; Uniciclo:UNI1|PC_internal[4]             ; Uniciclo:UNI1|ramI:MemC|altsyncram:altsyncram_component|altsyncram_s9s3:auto_generated|ram_block1a0~porta_address_reg0  ; ClockDIV_internal ; CLOCK       ; -0.500       ; 0.213      ; 1.121      ;
; 1.217 ; Uniciclo:UNI1|PC_internal[6]             ; Uniciclo:UNI1|ramI:MemC|altsyncram:altsyncram_component|altsyncram_s9s3:auto_generated|ram_block1a0~porta_address_reg0  ; ClockDIV_internal ; CLOCK       ; -0.500       ; 0.213      ; 1.129      ;
; 1.251 ; Uniciclo:UNI1|PC_internal[11]            ; Uniciclo:UNI1|ramI:MemC|altsyncram:altsyncram_component|altsyncram_s9s3:auto_generated|ram_block1a9~porta_address_reg0  ; ClockDIV_internal ; CLOCK       ; -0.500       ; 0.513      ; 1.463      ;
; 1.259 ; Uniciclo:UNI1|PC_internal[9]             ; Uniciclo:UNI1|ramI:MemC|altsyncram:altsyncram_component|altsyncram_s9s3:auto_generated|ram_block1a9~porta_address_reg0  ; ClockDIV_internal ; CLOCK       ; -0.500       ; 0.513      ; 1.471      ;
; 1.261 ; Uniciclo:UNI1|PC_internal[5]             ; Uniciclo:UNI1|ramI:MemC|altsyncram:altsyncram_component|altsyncram_s9s3:auto_generated|ram_block1a9~porta_address_reg0  ; ClockDIV_internal ; CLOCK       ; -0.500       ; 0.513      ; 1.473      ;
; 1.269 ; Uniciclo:UNI1|PC_internal[10]            ; Uniciclo:UNI1|ramI:MemC|altsyncram:altsyncram_component|altsyncram_s9s3:auto_generated|ram_block1a9~porta_address_reg0  ; ClockDIV_internal ; CLOCK       ; -0.500       ; 0.513      ; 1.481      ;
; 1.331 ; Uniciclo:UNI1|PC_internal[4]             ; Uniciclo:UNI1|ramI:MemC|altsyncram:altsyncram_component|altsyncram_s9s3:auto_generated|ram_block1a9~porta_address_reg0  ; ClockDIV_internal ; CLOCK       ; -0.500       ; 0.226      ; 1.256      ;
; 1.339 ; Uniciclo:UNI1|PC_internal[2]             ; Uniciclo:UNI1|ramI:MemC|altsyncram:altsyncram_component|altsyncram_s9s3:auto_generated|ram_block1a9~porta_address_reg0  ; ClockDIV_internal ; CLOCK       ; -0.500       ; 0.513      ; 1.551      ;
; 1.373 ; Uniciclo:UNI1|PC_internal[6]             ; Uniciclo:UNI1|ramI:MemC|altsyncram:altsyncram_component|altsyncram_s9s3:auto_generated|ram_block1a9~porta_address_reg0  ; ClockDIV_internal ; CLOCK       ; -0.500       ; 0.226      ; 1.298      ;
; 1.381 ; Uniciclo:UNI1|PC_internal[7]             ; Uniciclo:UNI1|ramI:MemC|altsyncram:altsyncram_component|altsyncram_s9s3:auto_generated|ram_block1a9~porta_address_reg0  ; ClockDIV_internal ; CLOCK       ; -0.500       ; 0.226      ; 1.306      ;
; 1.385 ; Uniciclo:UNI1|PC_internal[6]             ; Uniciclo:UNI1|ramI:MemC|altsyncram:altsyncram_component|altsyncram_s9s3:auto_generated|ram_block1a18~porta_address_reg0 ; ClockDIV_internal ; CLOCK       ; -0.500       ; 0.225      ; 1.309      ;
; 1.396 ; Uniciclo:UNI1|PC_internal[3]             ; Uniciclo:UNI1|ramI:MemC|altsyncram:altsyncram_component|altsyncram_s9s3:auto_generated|ram_block1a18~porta_address_reg0 ; ClockDIV_internal ; CLOCK       ; -0.500       ; 0.225      ; 1.320      ;
; 1.396 ; Uniciclo:UNI1|PC_internal[3]             ; Uniciclo:UNI1|ramI:MemC|altsyncram:altsyncram_component|altsyncram_s9s3:auto_generated|ram_block1a0~porta_address_reg0  ; ClockDIV_internal ; CLOCK       ; -0.500       ; 0.213      ; 1.308      ;
; 1.414 ; Uniciclo:UNI1|PC_internal[3]             ; Uniciclo:UNI1|ramI:MemC|altsyncram:altsyncram_component|altsyncram_s9s3:auto_generated|ram_block1a9~porta_address_reg0  ; ClockDIV_internal ; CLOCK       ; -0.500       ; 0.226      ; 1.339      ;
; 1.444 ; Uniciclo:UNI1|PC_internal[7]             ; Uniciclo:UNI1|ramI:MemC|altsyncram:altsyncram_component|altsyncram_s9s3:auto_generated|ram_block1a27~porta_address_reg0 ; ClockDIV_internal ; CLOCK       ; -0.500       ; 0.209      ; 1.352      ;
; 1.444 ; Uniciclo:UNI1|PC_internal[5]             ; Uniciclo:UNI1|ramI:MemC|altsyncram:altsyncram_component|altsyncram_s9s3:auto_generated|ram_block1a18~porta_address_reg0 ; ClockDIV_internal ; CLOCK       ; -0.500       ; 0.512      ; 1.655      ;
; 1.451 ; Uniciclo:UNI1|PC_internal[11]            ; Uniciclo:UNI1|ramI:MemC|altsyncram:altsyncram_component|altsyncram_s9s3:auto_generated|ram_block1a18~porta_address_reg0 ; ClockDIV_internal ; CLOCK       ; -0.500       ; 0.512      ; 1.662      ;
; 1.521 ; Uniciclo:UNI1|PC_internal[9]             ; Uniciclo:UNI1|ramI:MemC|altsyncram:altsyncram_component|altsyncram_s9s3:auto_generated|ram_block1a18~porta_address_reg0 ; ClockDIV_internal ; CLOCK       ; -0.500       ; 0.512      ; 1.732      ;
; 1.549 ; Uniciclo:UNI1|PC_internal[10]            ; Uniciclo:UNI1|ramI:MemC|altsyncram:altsyncram_component|altsyncram_s9s3:auto_generated|ram_block1a18~porta_address_reg0 ; ClockDIV_internal ; CLOCK       ; -0.500       ; 0.512      ; 1.760      ;
; 1.556 ; Uniciclo:UNI1|PC_internal[4]             ; Uniciclo:UNI1|ramI:MemC|altsyncram:altsyncram_component|altsyncram_s9s3:auto_generated|ram_block1a18~porta_address_reg0 ; ClockDIV_internal ; CLOCK       ; -0.500       ; 0.225      ; 1.480      ;
; 1.573 ; Uniciclo:UNI1|PC_internal[2]             ; Uniciclo:UNI1|ramI:MemC|altsyncram:altsyncram_component|altsyncram_s9s3:auto_generated|ram_block1a18~porta_address_reg0 ; ClockDIV_internal ; CLOCK       ; -0.500       ; 0.512      ; 1.784      ;
; 1.630 ; Uniciclo:UNI1|PC_internal[7]             ; Uniciclo:UNI1|ramI:MemC|altsyncram:altsyncram_component|altsyncram_s9s3:auto_generated|ram_block1a18~porta_address_reg0 ; ClockDIV_internal ; CLOCK       ; -0.500       ; 0.225      ; 1.554      ;
; 1.746 ; Uniciclo:UNI1|xregs:Regs1|xreg32[3][4]   ; Uniciclo:UNI1|ramD:MemD|altsyncram:altsyncram_component|altsyncram_aos3:auto_generated|ram_block1a0~porta_datain_reg0   ; ClockDIV_internal ; CLOCK       ; -0.500       ; 0.485      ; 1.930      ;
; 1.785 ; Uniciclo:UNI1|xregs:Regs1|xreg32[14][11] ; Uniciclo:UNI1|ramD:MemD|altsyncram:altsyncram_component|altsyncram_aos3:auto_generated|ram_block1a9~porta_address_reg0  ; ClockDIV_internal ; CLOCK       ; -0.500       ; 0.479      ; 1.963      ;
; 1.920 ; Uniciclo:UNI1|xregs:Regs1|xreg32[13][4]  ; Uniciclo:UNI1|ramD:MemD|altsyncram:altsyncram_component|altsyncram_aos3:auto_generated|ram_block1a0~porta_datain_reg0   ; ClockDIV_internal ; CLOCK       ; -0.500       ; 0.491      ; 2.110      ;
; 1.941 ; Uniciclo:UNI1|xregs:Regs1|xreg32[15][11] ; Uniciclo:UNI1|ramD:MemD|altsyncram:altsyncram_component|altsyncram_aos3:auto_generated|ram_block1a9~porta_address_reg0  ; ClockDIV_internal ; CLOCK       ; -0.500       ; 0.479      ; 2.119      ;
; 2.020 ; Uniciclo:UNI1|xregs:Regs1|xreg32[11][11] ; Uniciclo:UNI1|ramD:MemD|altsyncram:altsyncram_component|altsyncram_aos3:auto_generated|ram_block1a9~porta_address_reg0  ; ClockDIV_internal ; CLOCK       ; -0.500       ; 0.478      ; 2.197      ;
; 2.026 ; Uniciclo:UNI1|xregs:Regs1|xreg32[12][5]  ; Uniciclo:UNI1|ramD:MemD|altsyncram:altsyncram_component|altsyncram_aos3:auto_generated|ram_block1a0~porta_datain_reg0   ; ClockDIV_internal ; CLOCK       ; -0.500       ; 0.491      ; 2.216      ;
; 2.028 ; Uniciclo:UNI1|xregs:Regs1|xreg32[14][11] ; Uniciclo:UNI1|ramD:MemD|altsyncram:altsyncram_component|altsyncram_aos3:auto_generated|ram_block1a18~porta_address_reg0 ; ClockDIV_internal ; CLOCK       ; -0.500       ; 0.488      ; 2.215      ;
; 2.064 ; Uniciclo:UNI1|xregs:Regs1|xreg32[14][11] ; Uniciclo:UNI1|ramD:MemD|altsyncram:altsyncram_component|altsyncram_aos3:auto_generated|ram_block1a0~porta_address_reg0  ; ClockDIV_internal ; CLOCK       ; -0.500       ; 0.479      ; 2.242      ;
; 2.068 ; Uniciclo:UNI1|xregs:Regs1|xreg32[13][2]  ; Uniciclo:UNI1|ramD:MemD|altsyncram:altsyncram_component|altsyncram_aos3:auto_generated|ram_block1a0~porta_datain_reg0   ; ClockDIV_internal ; CLOCK       ; -0.500       ; 0.491      ; 2.258      ;
; 2.079 ; Uniciclo:UNI1|xregs:Regs1|xreg32[14][11] ; Uniciclo:UNI1|ramD:MemD|altsyncram:altsyncram_component|altsyncram_aos3:auto_generated|ram_block1a27~porta_address_reg0 ; ClockDIV_internal ; CLOCK       ; -0.500       ; 0.474      ; 2.252      ;
; 2.114 ; Uniciclo:UNI1|xregs:Regs1|xreg32[23][14] ; Uniciclo:UNI1|ramD:MemD|altsyncram:altsyncram_component|altsyncram_aos3:auto_generated|ram_block1a9~porta_datain_reg0   ; ClockDIV_internal ; CLOCK       ; -0.500       ; 0.511      ; 2.324      ;
; 2.120 ; Uniciclo:UNI1|xregs:Regs1|xreg32[3][0]   ; Uniciclo:UNI1|ramD:MemD|altsyncram:altsyncram_component|altsyncram_aos3:auto_generated|ram_block1a0~porta_datain_reg0   ; ClockDIV_internal ; CLOCK       ; -0.500       ; 0.485      ; 2.304      ;
; 2.157 ; Uniciclo:UNI1|xregs:Regs1|xreg32[23][12] ; Uniciclo:UNI1|ramD:MemD|altsyncram:altsyncram_component|altsyncram_aos3:auto_generated|ram_block1a9~porta_datain_reg0   ; ClockDIV_internal ; CLOCK       ; -0.500       ; 0.511      ; 2.367      ;
; 2.177 ; Uniciclo:UNI1|xregs:Regs1|xreg32[30][9]  ; Uniciclo:UNI1|ramD:MemD|altsyncram:altsyncram_component|altsyncram_aos3:auto_generated|ram_block1a9~porta_datain_reg0   ; ClockDIV_internal ; CLOCK       ; -0.500       ; 0.502      ; 2.378      ;
; 2.184 ; Uniciclo:UNI1|xregs:Regs1|xreg32[15][11] ; Uniciclo:UNI1|ramD:MemD|altsyncram:altsyncram_component|altsyncram_aos3:auto_generated|ram_block1a18~porta_address_reg0 ; ClockDIV_internal ; CLOCK       ; -0.500       ; 0.488      ; 2.371      ;
; 2.205 ; Uniciclo:UNI1|xregs:Regs1|xreg32[29][19] ; Uniciclo:UNI1|ramD:MemD|altsyncram:altsyncram_component|altsyncram_aos3:auto_generated|ram_block1a18~porta_datain_reg0  ; ClockDIV_internal ; CLOCK       ; -0.500       ; 0.509      ; 2.413      ;
; 2.209 ; Uniciclo:UNI1|xregs:Regs1|xreg32[7][19]  ; Uniciclo:UNI1|ramD:MemD|altsyncram:altsyncram_component|altsyncram_aos3:auto_generated|ram_block1a18~porta_datain_reg0  ; ClockDIV_internal ; CLOCK       ; -0.500       ; 0.514      ; 2.422      ;
; 2.220 ; Uniciclo:UNI1|xregs:Regs1|xreg32[15][11] ; Uniciclo:UNI1|ramD:MemD|altsyncram:altsyncram_component|altsyncram_aos3:auto_generated|ram_block1a0~porta_address_reg0  ; ClockDIV_internal ; CLOCK       ; -0.500       ; 0.479      ; 2.398      ;
; 2.225 ; Uniciclo:UNI1|xregs:Regs1|xreg32[29][7]  ; Uniciclo:UNI1|ramD:MemD|altsyncram:altsyncram_component|altsyncram_aos3:auto_generated|ram_block1a0~porta_datain_reg0   ; ClockDIV_internal ; CLOCK       ; -0.500       ; 0.504      ; 2.428      ;
; 2.232 ; Uniciclo:UNI1|xregs:Regs1|xreg32[13][29] ; Uniciclo:UNI1|ramD:MemD|altsyncram:altsyncram_component|altsyncram_aos3:auto_generated|ram_block1a27~porta_datain_reg0  ; ClockDIV_internal ; CLOCK       ; -0.500       ; 0.506      ; 2.437      ;
; 2.235 ; Uniciclo:UNI1|xregs:Regs1|xreg32[15][11] ; Uniciclo:UNI1|ramD:MemD|altsyncram:altsyncram_component|altsyncram_aos3:auto_generated|ram_block1a27~porta_address_reg0 ; ClockDIV_internal ; CLOCK       ; -0.500       ; 0.474      ; 2.408      ;
; 2.249 ; Uniciclo:UNI1|xregs:Regs1|xreg32[25][4]  ; Uniciclo:UNI1|ramD:MemD|altsyncram:altsyncram_component|altsyncram_aos3:auto_generated|ram_block1a0~porta_datain_reg0   ; ClockDIV_internal ; CLOCK       ; -0.500       ; 0.502      ; 2.450      ;
; 2.263 ; Uniciclo:UNI1|xregs:Regs1|xreg32[11][11] ; Uniciclo:UNI1|ramD:MemD|altsyncram:altsyncram_component|altsyncram_aos3:auto_generated|ram_block1a18~porta_address_reg0 ; ClockDIV_internal ; CLOCK       ; -0.500       ; 0.487      ; 2.449      ;
; 2.267 ; Uniciclo:UNI1|xregs:Regs1|xreg32[15][10] ; Uniciclo:UNI1|ramD:MemD|altsyncram:altsyncram_component|altsyncram_aos3:auto_generated|ram_block1a9~porta_address_reg0  ; ClockDIV_internal ; CLOCK       ; -0.500       ; 0.482      ; 2.448      ;
; 2.267 ; Uniciclo:UNI1|xregs:Regs1|xreg32[7][5]   ; Uniciclo:UNI1|ramD:MemD|altsyncram:altsyncram_component|altsyncram_aos3:auto_generated|ram_block1a0~porta_datain_reg0   ; ClockDIV_internal ; CLOCK       ; -0.500       ; 0.489      ; 2.455      ;
; 2.270 ; Uniciclo:UNI1|xregs:Regs1|xreg32[7][17]  ; Uniciclo:UNI1|ramD:MemD|altsyncram:altsyncram_component|altsyncram_aos3:auto_generated|ram_block1a9~porta_datain_reg0   ; ClockDIV_internal ; CLOCK       ; -0.500       ; 0.503      ; 2.472      ;
; 2.278 ; Uniciclo:UNI1|xregs:Regs1|xreg32[25][26] ; Uniciclo:UNI1|ramD:MemD|altsyncram:altsyncram_component|altsyncram_aos3:auto_generated|ram_block1a18~porta_datain_reg0  ; ClockDIV_internal ; CLOCK       ; -0.500       ; 0.190      ; 2.167      ;
; 2.281 ; Uniciclo:UNI1|xregs:Regs1|xreg32[15][10] ; Uniciclo:UNI1|ramD:MemD|altsyncram:altsyncram_component|altsyncram_aos3:auto_generated|ram_block1a18~porta_address_reg0 ; ClockDIV_internal ; CLOCK       ; -0.500       ; 0.491      ; 2.471      ;
; 2.290 ; Uniciclo:UNI1|xregs:Regs1|xreg32[19][23] ; Uniciclo:UNI1|ramD:MemD|altsyncram:altsyncram_component|altsyncram_aos3:auto_generated|ram_block1a18~porta_datain_reg0  ; ClockDIV_internal ; CLOCK       ; -0.500       ; 0.518      ; 2.507      ;
; 2.291 ; Uniciclo:UNI1|xregs:Regs1|xreg32[29][6]  ; Uniciclo:UNI1|ramD:MemD|altsyncram:altsyncram_component|altsyncram_aos3:auto_generated|ram_block1a0~porta_datain_reg0   ; ClockDIV_internal ; CLOCK       ; -0.500       ; 0.494      ; 2.484      ;
; 2.298 ; Uniciclo:UNI1|xregs:Regs1|xreg32[14][10] ; Uniciclo:UNI1|ramD:MemD|altsyncram:altsyncram_component|altsyncram_aos3:auto_generated|ram_block1a9~porta_address_reg0  ; ClockDIV_internal ; CLOCK       ; -0.500       ; 0.482      ; 2.479      ;
; 2.299 ; Uniciclo:UNI1|xregs:Regs1|xreg32[13][21] ; Uniciclo:UNI1|ramD:MemD|altsyncram:altsyncram_component|altsyncram_aos3:auto_generated|ram_block1a18~porta_datain_reg0  ; ClockDIV_internal ; CLOCK       ; -0.500       ; 0.511      ; 2.509      ;
; 2.299 ; Uniciclo:UNI1|xregs:Regs1|xreg32[11][11] ; Uniciclo:UNI1|ramD:MemD|altsyncram:altsyncram_component|altsyncram_aos3:auto_generated|ram_block1a0~porta_address_reg0  ; ClockDIV_internal ; CLOCK       ; -0.500       ; 0.478      ; 2.476      ;
; 2.302 ; Uniciclo:UNI1|xregs:Regs1|xreg32[13][0]  ; Uniciclo:UNI1|ramD:MemD|altsyncram:altsyncram_component|altsyncram_aos3:auto_generated|ram_block1a0~porta_datain_reg0   ; ClockDIV_internal ; CLOCK       ; -0.500       ; 0.511      ; 2.512      ;
; 2.307 ; Uniciclo:UNI1|xregs:Regs1|xreg32[12][19] ; Uniciclo:UNI1|ramD:MemD|altsyncram:altsyncram_component|altsyncram_aos3:auto_generated|ram_block1a18~porta_datain_reg0  ; ClockDIV_internal ; CLOCK       ; -0.500       ; 0.203      ; 2.209      ;
; 2.312 ; Uniciclo:UNI1|xregs:Regs1|xreg32[14][10] ; Uniciclo:UNI1|ramD:MemD|altsyncram:altsyncram_component|altsyncram_aos3:auto_generated|ram_block1a18~porta_address_reg0 ; ClockDIV_internal ; CLOCK       ; -0.500       ; 0.491      ; 2.502      ;
; 2.313 ; Uniciclo:UNI1|xregs:Regs1|xreg32[29][12] ; Uniciclo:UNI1|ramD:MemD|altsyncram:altsyncram_component|altsyncram_aos3:auto_generated|ram_block1a9~porta_datain_reg0   ; ClockDIV_internal ; CLOCK       ; -0.500       ; 0.509      ; 2.521      ;
; 2.314 ; Uniciclo:UNI1|xregs:Regs1|xreg32[11][11] ; Uniciclo:UNI1|ramD:MemD|altsyncram:altsyncram_component|altsyncram_aos3:auto_generated|ram_block1a27~porta_address_reg0 ; ClockDIV_internal ; CLOCK       ; -0.500       ; 0.473      ; 2.486      ;
; 2.317 ; Uniciclo:UNI1|xregs:Regs1|xreg32[13][19] ; Uniciclo:UNI1|ramD:MemD|altsyncram:altsyncram_component|altsyncram_aos3:auto_generated|ram_block1a18~porta_datain_reg0  ; ClockDIV_internal ; CLOCK       ; -0.500       ; 0.164      ; 2.180      ;
; 2.321 ; Uniciclo:UNI1|xregs:Regs1|xreg32[13][14] ; Uniciclo:UNI1|ramD:MemD|altsyncram:altsyncram_component|altsyncram_aos3:auto_generated|ram_block1a9~porta_datain_reg0   ; ClockDIV_internal ; CLOCK       ; -0.500       ; 0.213      ; 2.233      ;
; 2.327 ; Uniciclo:UNI1|xregs:Regs1|xreg32[29][14] ; Uniciclo:UNI1|ramD:MemD|altsyncram:altsyncram_component|altsyncram_aos3:auto_generated|ram_block1a9~porta_datain_reg0   ; ClockDIV_internal ; CLOCK       ; -0.500       ; 0.500      ; 2.526      ;
; 2.329 ; Uniciclo:UNI1|xregs:Regs1|xreg32[15][23] ; Uniciclo:UNI1|ramD:MemD|altsyncram:altsyncram_component|altsyncram_aos3:auto_generated|ram_block1a18~porta_datain_reg0  ; ClockDIV_internal ; CLOCK       ; -0.500       ; 0.514      ; 2.542      ;
; 2.330 ; Uniciclo:UNI1|xregs:Regs1|xreg32[12][17] ; Uniciclo:UNI1|ramD:MemD|altsyncram:altsyncram_component|altsyncram_aos3:auto_generated|ram_block1a9~porta_datain_reg0   ; ClockDIV_internal ; CLOCK       ; -0.500       ; 0.509      ; 2.538      ;
; 2.345 ; Uniciclo:UNI1|xregs:Regs1|xreg32[14][8]  ; Uniciclo:UNI1|ramD:MemD|altsyncram:altsyncram_component|altsyncram_aos3:auto_generated|ram_block1a0~porta_datain_reg0   ; ClockDIV_internal ; CLOCK       ; -0.500       ; 0.503      ; 2.547      ;
; 2.351 ; Uniciclo:UNI1|xregs:Regs1|xreg32[15][24] ; Uniciclo:UNI1|ramD:MemD|altsyncram:altsyncram_component|altsyncram_aos3:auto_generated|ram_block1a18~porta_datain_reg0  ; ClockDIV_internal ; CLOCK       ; -0.500       ; 0.212      ; 2.262      ;
; 2.357 ; Uniciclo:UNI1|xregs:Regs1|xreg32[13][26] ; Uniciclo:UNI1|ramD:MemD|altsyncram:altsyncram_component|altsyncram_aos3:auto_generated|ram_block1a18~porta_datain_reg0  ; ClockDIV_internal ; CLOCK       ; -0.500       ; 0.520      ; 2.576      ;
; 2.371 ; Uniciclo:UNI1|xregs:Regs1|xreg32[7][22]  ; Uniciclo:UNI1|ramD:MemD|altsyncram:altsyncram_component|altsyncram_aos3:auto_generated|ram_block1a18~porta_datain_reg0  ; ClockDIV_internal ; CLOCK       ; -0.500       ; 0.192      ; 2.262      ;
; 2.371 ; Uniciclo:UNI1|xregs:Regs1|xreg32[15][17] ; Uniciclo:UNI1|ramD:MemD|altsyncram:altsyncram_component|altsyncram_aos3:auto_generated|ram_block1a9~porta_datain_reg0   ; ClockDIV_internal ; CLOCK       ; -0.500       ; 0.488      ; 2.558      ;
; 2.374 ; Uniciclo:UNI1|xregs:Regs1|xreg32[7][4]   ; Uniciclo:UNI1|ramD:MemD|altsyncram:altsyncram_component|altsyncram_aos3:auto_generated|ram_block1a0~porta_datain_reg0   ; ClockDIV_internal ; CLOCK       ; -0.500       ; 0.487      ; 2.560      ;
; 2.376 ; Uniciclo:UNI1|xregs:Regs1|xreg32[4][4]   ; Uniciclo:UNI1|ramD:MemD|altsyncram:altsyncram_component|altsyncram_aos3:auto_generated|ram_block1a0~porta_datain_reg0   ; ClockDIV_internal ; CLOCK       ; -0.500       ; 0.503      ; 2.578      ;
; 2.376 ; Uniciclo:UNI1|xregs:Regs1|xreg32[13][6]  ; Uniciclo:UNI1|ramD:MemD|altsyncram:altsyncram_component|altsyncram_aos3:auto_generated|ram_block1a0~porta_datain_reg0   ; ClockDIV_internal ; CLOCK       ; -0.500       ; 0.146      ; 2.221      ;
; 2.379 ; Uniciclo:UNI1|xregs:Regs1|xreg32[29][4]  ; Uniciclo:UNI1|ramD:MemD|altsyncram:altsyncram_component|altsyncram_aos3:auto_generated|ram_block1a0~porta_datain_reg0   ; ClockDIV_internal ; CLOCK       ; -0.500       ; 0.494      ; 2.572      ;
; 2.396 ; Uniciclo:UNI1|xregs:Regs1|xreg32[25][12] ; Uniciclo:UNI1|ramD:MemD|altsyncram:altsyncram_component|altsyncram_aos3:auto_generated|ram_block1a9~porta_datain_reg0   ; ClockDIV_internal ; CLOCK       ; -0.500       ; 0.508      ; 2.603      ;
; 2.399 ; Uniciclo:UNI1|xregs:Regs1|xreg32[13][28] ; Uniciclo:UNI1|ramD:MemD|altsyncram:altsyncram_component|altsyncram_aos3:auto_generated|ram_block1a27~porta_datain_reg0  ; ClockDIV_internal ; CLOCK       ; -0.500       ; 0.506      ; 2.604      ;
; 2.399 ; Uniciclo:UNI1|xregs:Regs1|xreg32[7][11]  ; Uniciclo:UNI1|ramD:MemD|altsyncram:altsyncram_component|altsyncram_aos3:auto_generated|ram_block1a9~porta_datain_reg0   ; ClockDIV_internal ; CLOCK       ; -0.500       ; 0.503      ; 2.601      ;
; 2.400 ; Uniciclo:UNI1|xregs:Regs1|xreg32[25][8]  ; Uniciclo:UNI1|ramD:MemD|altsyncram:altsyncram_component|altsyncram_aos3:auto_generated|ram_block1a0~porta_datain_reg0   ; ClockDIV_internal ; CLOCK       ; -0.500       ; 0.502      ; 2.601      ;
; 2.403 ; Uniciclo:UNI1|xregs:Regs1|xreg32[12][7]  ; Uniciclo:UNI1|ramD:MemD|altsyncram:altsyncram_component|altsyncram_aos3:auto_generated|ram_block1a0~porta_datain_reg0   ; ClockDIV_internal ; CLOCK       ; -0.500       ; 0.495      ; 2.597      ;
; 2.409 ; Uniciclo:UNI1|xregs:Regs1|xreg32[25][18] ; Uniciclo:UNI1|ramD:MemD|altsyncram:altsyncram_component|altsyncram_aos3:auto_generated|ram_block1a18~porta_datain_reg0  ; ClockDIV_internal ; CLOCK       ; -0.500       ; 0.194      ; 2.302      ;
+-------+------------------------------------------+-------------------------------------------------------------------------------------------------------------------------+-------------------+-------------+--------------+------------+------------+


----------------------------------------------
; Slow 1200mV 0C Model Metastability Summary ;
----------------------------------------------
No synchronizer chains to report.


+--------------------------------------------+
; Fast 1200mV 0C Model Setup Summary         ;
+-------------------+--------+---------------+
; Clock             ; Slack  ; End Point TNS ;
+-------------------+--------+---------------+
; ClockDIV_internal ; -7.947 ; -7289.474     ;
; CLOCK             ; -5.678 ; -48.315       ;
+-------------------+--------+---------------+


+-------------------------------------------+
; Fast 1200mV 0C Model Hold Summary         ;
+-------------------+-------+---------------+
; Clock             ; Slack ; End Point TNS ;
+-------------------+-------+---------------+
; ClockDIV_internal ; 0.184 ; 0.000         ;
; CLOCK             ; 0.235 ; 0.000         ;
+-------------------+-------+---------------+


-----------------------------------------
; Fast 1200mV 0C Model Recovery Summary ;
-----------------------------------------
No paths to report.


----------------------------------------
; Fast 1200mV 0C Model Removal Summary ;
----------------------------------------
No paths to report.


+--------------------------------------------------+
; Fast 1200mV 0C Model Minimum Pulse Width Summary ;
+-------------------+--------+---------------------+
; Clock             ; Slack  ; End Point TNS       ;
+-------------------+--------+---------------------+
; CLOCK             ; -3.000 ; -26.609             ;
; ClockDIV_internal ; -1.000 ; -1024.000           ;
+-------------------+--------+---------------------+


+---------------------------------------------------------------------------------------------------------------------------------------------------------------------------------------------------------------------------------------------------------+
; Fast 1200mV 0C Model Setup: 'ClockDIV_internal'                                                                                                                                                                                                         ;
+--------+-------------------------------------------------------------------------------------------------------------------------+------------------------------------------+--------------+-------------------+--------------+------------+------------+
; Slack  ; From Node                                                                                                               ; To Node                                  ; Launch Clock ; Latch Clock       ; Relationship ; Clock Skew ; Data Delay ;
+--------+-------------------------------------------------------------------------------------------------------------------------+------------------------------------------+--------------+-------------------+--------------+------------+------------+
; -7.947 ; Uniciclo:UNI1|ramI:MemC|altsyncram:altsyncram_component|altsyncram_s9s3:auto_generated|ram_block1a18~porta_address_reg0 ; Uniciclo:UNI1|xregs:Regs1|xreg32[26][20] ; CLOCK        ; ClockDIV_internal ; 0.500        ; -0.261     ; 8.163      ;
; -7.880 ; Uniciclo:UNI1|ramI:MemC|altsyncram:altsyncram_component|altsyncram_s9s3:auto_generated|ram_block1a18~porta_address_reg0 ; Uniciclo:UNI1|xregs:Regs1|xreg32[30][22] ; CLOCK        ; ClockDIV_internal ; 0.500        ; -0.266     ; 8.091      ;
; -7.873 ; Uniciclo:UNI1|ramI:MemC|altsyncram:altsyncram_component|altsyncram_s9s3:auto_generated|ram_block1a9~porta_address_reg0  ; Uniciclo:UNI1|xregs:Regs1|xreg32[26][20] ; CLOCK        ; ClockDIV_internal ; 0.500        ; -0.262     ; 8.088      ;
; -7.815 ; Uniciclo:UNI1|ramI:MemC|altsyncram:altsyncram_component|altsyncram_s9s3:auto_generated|ram_block1a18~porta_address_reg0 ; Uniciclo:UNI1|xregs:Regs1|xreg32[26][28] ; CLOCK        ; ClockDIV_internal ; 0.500        ; -0.261     ; 8.031      ;
; -7.808 ; Uniciclo:UNI1|ramI:MemC|altsyncram:altsyncram_component|altsyncram_s9s3:auto_generated|ram_block1a18~porta_address_reg0 ; Uniciclo:UNI1|xregs:Regs1|xreg32[18][18] ; CLOCK        ; ClockDIV_internal ; 0.500        ; -0.260     ; 8.025      ;
; -7.760 ; Uniciclo:UNI1|ramI:MemC|altsyncram:altsyncram_component|altsyncram_s9s3:auto_generated|ram_block1a18~porta_address_reg0 ; Uniciclo:UNI1|xregs:Regs1|xreg32[20][22] ; CLOCK        ; ClockDIV_internal ; 0.500        ; -0.062     ; 8.175      ;
; -7.757 ; Uniciclo:UNI1|ramI:MemC|altsyncram:altsyncram_component|altsyncram_s9s3:auto_generated|ram_block1a18~porta_address_reg0 ; Uniciclo:UNI1|xregs:Regs1|xreg32[18][20] ; CLOCK        ; ClockDIV_internal ; 0.500        ; -0.071     ; 8.163      ;
; -7.754 ; Uniciclo:UNI1|ramI:MemC|altsyncram:altsyncram_component|altsyncram_s9s3:auto_generated|ram_block1a18~porta_address_reg0 ; Uniciclo:UNI1|xregs:Regs1|xreg32[26][23] ; CLOCK        ; ClockDIV_internal ; 0.500        ; -0.254     ; 7.977      ;
; -7.754 ; Uniciclo:UNI1|ramI:MemC|altsyncram:altsyncram_component|altsyncram_s9s3:auto_generated|ram_block1a9~porta_address_reg0  ; Uniciclo:UNI1|xregs:Regs1|xreg32[30][22] ; CLOCK        ; ClockDIV_internal ; 0.500        ; -0.267     ; 7.964      ;
; -7.752 ; Uniciclo:UNI1|ramI:MemC|altsyncram:altsyncram_component|altsyncram_s9s3:auto_generated|ram_block1a18~porta_address_reg0 ; Uniciclo:UNI1|xregs:Regs1|xreg32[18][23] ; CLOCK        ; ClockDIV_internal ; 0.500        ; -0.254     ; 7.975      ;
; -7.734 ; Uniciclo:UNI1|ramI:MemC|altsyncram:altsyncram_component|altsyncram_s9s3:auto_generated|ram_block1a18~porta_address_reg0 ; Uniciclo:UNI1|xregs:Regs1|xreg32[30][16] ; CLOCK        ; ClockDIV_internal ; 0.500        ; -0.059     ; 8.152      ;
; -7.734 ; Uniciclo:UNI1|ramI:MemC|altsyncram:altsyncram_component|altsyncram_s9s3:auto_generated|ram_block1a9~porta_address_reg0  ; Uniciclo:UNI1|xregs:Regs1|xreg32[18][18] ; CLOCK        ; ClockDIV_internal ; 0.500        ; -0.261     ; 7.950      ;
; -7.733 ; Uniciclo:UNI1|ramI:MemC|altsyncram:altsyncram_component|altsyncram_s9s3:auto_generated|ram_block1a18~porta_address_reg0 ; Uniciclo:UNI1|xregs:Regs1|xreg32[29][22] ; CLOCK        ; ClockDIV_internal ; 0.500        ; -0.037     ; 8.173      ;
; -7.727 ; Uniciclo:UNI1|ramI:MemC|altsyncram:altsyncram_component|altsyncram_s9s3:auto_generated|ram_block1a18~porta_address_reg0 ; Uniciclo:UNI1|xregs:Regs1|xreg32[22][25] ; CLOCK        ; ClockDIV_internal ; 0.500        ; -0.268     ; 7.936      ;
; -7.726 ; Uniciclo:UNI1|ramI:MemC|altsyncram:altsyncram_component|altsyncram_s9s3:auto_generated|ram_block1a9~porta_address_reg0  ; Uniciclo:UNI1|xregs:Regs1|xreg32[26][28] ; CLOCK        ; ClockDIV_internal ; 0.500        ; -0.262     ; 7.941      ;
; -7.725 ; Uniciclo:UNI1|ramI:MemC|altsyncram:altsyncram_component|altsyncram_s9s3:auto_generated|ram_block1a18~porta_address_reg0 ; Uniciclo:UNI1|xregs:Regs1|xreg32[22][20] ; CLOCK        ; ClockDIV_internal ; 0.500        ; -0.033     ; 8.169      ;
; -7.721 ; Uniciclo:UNI1|ramI:MemC|altsyncram:altsyncram_component|altsyncram_s9s3:auto_generated|ram_block1a18~porta_address_reg0 ; Uniciclo:UNI1|xregs:Regs1|xreg32[26][22] ; CLOCK        ; ClockDIV_internal ; 0.500        ; -0.261     ; 7.937      ;
; -7.718 ; Uniciclo:UNI1|ramI:MemC|altsyncram:altsyncram_component|altsyncram_s9s3:auto_generated|ram_block1a18~porta_address_reg0 ; Uniciclo:UNI1|xregs:Regs1|xreg32[19][16] ; CLOCK        ; ClockDIV_internal ; 0.500        ; -0.281     ; 7.914      ;
; -7.713 ; Uniciclo:UNI1|ramI:MemC|altsyncram:altsyncram_component|altsyncram_s9s3:auto_generated|ram_block1a18~porta_address_reg0 ; Uniciclo:UNI1|xregs:Regs1|xreg32[23][20] ; CLOCK        ; ClockDIV_internal ; 0.500        ; -0.261     ; 7.929      ;
; -7.709 ; Uniciclo:UNI1|ramI:MemC|altsyncram:altsyncram_component|altsyncram_s9s3:auto_generated|ram_block1a18~porta_address_reg0 ; Uniciclo:UNI1|xregs:Regs1|xreg32[27][16] ; CLOCK        ; ClockDIV_internal ; 0.500        ; -0.281     ; 7.905      ;
; -7.709 ; Uniciclo:UNI1|ramI:MemC|altsyncram:altsyncram_component|altsyncram_s9s3:auto_generated|ram_block1a18~porta_address_reg0 ; Uniciclo:UNI1|xregs:Regs1|xreg32[22][16] ; CLOCK        ; ClockDIV_internal ; 0.500        ; -0.035     ; 8.151      ;
; -7.707 ; Uniciclo:UNI1|ramI:MemC|altsyncram:altsyncram_component|altsyncram_s9s3:auto_generated|ram_block1a18~porta_address_reg0 ; Uniciclo:UNI1|xregs:Regs1|xreg32[30][19] ; CLOCK        ; ClockDIV_internal ; 0.500        ; -0.266     ; 7.918      ;
; -7.705 ; Uniciclo:UNI1|ramI:MemC|altsyncram:altsyncram_component|altsyncram_s9s3:auto_generated|ram_block1a9~porta_address_reg0  ; Uniciclo:UNI1|xregs:Regs1|xreg32[26][23] ; CLOCK        ; ClockDIV_internal ; 0.500        ; -0.255     ; 7.927      ;
; -7.704 ; Uniciclo:UNI1|ramI:MemC|altsyncram:altsyncram_component|altsyncram_s9s3:auto_generated|ram_block1a18~porta_address_reg0 ; Uniciclo:UNI1|xregs:Regs1|xreg32[13][29] ; CLOCK        ; ClockDIV_internal ; 0.500        ; -0.281     ; 7.900      ;
; -7.704 ; Uniciclo:UNI1|ramI:MemC|altsyncram:altsyncram_component|altsyncram_s9s3:auto_generated|ram_block1a18~porta_address_reg0 ; Uniciclo:UNI1|xregs:Regs1|xreg32[26][25] ; CLOCK        ; ClockDIV_internal ; 0.500        ; -0.254     ; 7.927      ;
; -7.703 ; Uniciclo:UNI1|ramI:MemC|altsyncram:altsyncram_component|altsyncram_s9s3:auto_generated|ram_block1a18~porta_address_reg0 ; Uniciclo:UNI1|xregs:Regs1|xreg32[18][25] ; CLOCK        ; ClockDIV_internal ; 0.500        ; -0.254     ; 7.926      ;
; -7.703 ; Uniciclo:UNI1|ramI:MemC|altsyncram:altsyncram_component|altsyncram_s9s3:auto_generated|ram_block1a9~porta_address_reg0  ; Uniciclo:UNI1|xregs:Regs1|xreg32[18][23] ; CLOCK        ; ClockDIV_internal ; 0.500        ; -0.255     ; 7.925      ;
; -7.700 ; Uniciclo:UNI1|ramI:MemC|altsyncram:altsyncram_component|altsyncram_s9s3:auto_generated|ram_block1a18~porta_address_reg0 ; Uniciclo:UNI1|xregs:Regs1|xreg32[23][16] ; CLOCK        ; ClockDIV_internal ; 0.500        ; -0.280     ; 7.897      ;
; -7.695 ; Uniciclo:UNI1|ramI:MemC|altsyncram:altsyncram_component|altsyncram_s9s3:auto_generated|ram_block1a18~porta_address_reg0 ; Uniciclo:UNI1|xregs:Regs1|xreg32[24][16] ; CLOCK        ; ClockDIV_internal ; 0.500        ; -0.273     ; 7.899      ;
; -7.695 ; Uniciclo:UNI1|ramI:MemC|altsyncram:altsyncram_component|altsyncram_s9s3:auto_generated|ram_block1a18~porta_address_reg0 ; Uniciclo:UNI1|xregs:Regs1|xreg32[22][28] ; CLOCK        ; ClockDIV_internal ; 0.500        ; -0.268     ; 7.904      ;
; -7.691 ; Uniciclo:UNI1|ramI:MemC|altsyncram:altsyncram_component|altsyncram_s9s3:auto_generated|ram_block1a18~porta_address_reg0 ; Uniciclo:UNI1|xregs:Regs1|xreg32[23][21] ; CLOCK        ; ClockDIV_internal ; 0.500        ; -0.259     ; 7.909      ;
; -7.683 ; Uniciclo:UNI1|ramI:MemC|altsyncram:altsyncram_component|altsyncram_s9s3:auto_generated|ram_block1a9~porta_address_reg0  ; Uniciclo:UNI1|xregs:Regs1|xreg32[18][20] ; CLOCK        ; ClockDIV_internal ; 0.500        ; -0.072     ; 8.088      ;
; -7.678 ; Uniciclo:UNI1|ramI:MemC|altsyncram:altsyncram_component|altsyncram_s9s3:auto_generated|ram_block1a9~porta_address_reg0  ; Uniciclo:UNI1|xregs:Regs1|xreg32[22][25] ; CLOCK        ; ClockDIV_internal ; 0.500        ; -0.269     ; 7.886      ;
; -7.677 ; Uniciclo:UNI1|ramI:MemC|altsyncram:altsyncram_component|altsyncram_s9s3:auto_generated|ram_block1a18~porta_address_reg0 ; Uniciclo:UNI1|xregs:Regs1|xreg32[18][28] ; CLOCK        ; ClockDIV_internal ; 0.500        ; -0.065     ; 8.089      ;
; -7.672 ; Uniciclo:UNI1|ramI:MemC|altsyncram:altsyncram_component|altsyncram_s9s3:auto_generated|ram_block1a18~porta_address_reg0 ; Uniciclo:UNI1|xregs:Regs1|xreg32[24][22] ; CLOCK        ; ClockDIV_internal ; 0.500        ; -0.273     ; 7.876      ;
; -7.671 ; Uniciclo:UNI1|ramI:MemC|altsyncram:altsyncram_component|altsyncram_s9s3:auto_generated|ram_block1a18~porta_address_reg0 ; Uniciclo:UNI1|xregs:Regs1|xreg32[1][16]  ; CLOCK        ; ClockDIV_internal ; 0.500        ; -0.272     ; 7.876      ;
; -7.671 ; Uniciclo:UNI1|ramI:MemC|altsyncram:altsyncram_component|altsyncram_s9s3:auto_generated|ram_block1a18~porta_address_reg0 ; Uniciclo:UNI1|xregs:Regs1|xreg32[7][16]  ; CLOCK        ; ClockDIV_internal ; 0.500        ; -0.272     ; 7.876      ;
; -7.668 ; Uniciclo:UNI1|ramI:MemC|altsyncram:altsyncram_component|altsyncram_s9s3:auto_generated|ram_block1a18~porta_address_reg0 ; Uniciclo:UNI1|xregs:Regs1|xreg32[19][22] ; CLOCK        ; ClockDIV_internal ; 0.500        ; -0.281     ; 7.864      ;
; -7.668 ; Uniciclo:UNI1|ramI:MemC|altsyncram:altsyncram_component|altsyncram_s9s3:auto_generated|ram_block1a18~porta_address_reg0 ; Uniciclo:UNI1|xregs:Regs1|xreg32[27][22] ; CLOCK        ; ClockDIV_internal ; 0.500        ; -0.281     ; 7.864      ;
; -7.667 ; Uniciclo:UNI1|ramI:MemC|altsyncram:altsyncram_component|altsyncram_s9s3:auto_generated|ram_block1a18~porta_address_reg0 ; Uniciclo:UNI1|xregs:Regs1|xreg32[22][22] ; CLOCK        ; ClockDIV_internal ; 0.500        ; -0.052     ; 8.092      ;
; -7.663 ; Uniciclo:UNI1|ramI:MemC|altsyncram:altsyncram_component|altsyncram_s9s3:auto_generated|ram_block1a18~porta_address_reg0 ; Uniciclo:UNI1|xregs:Regs1|xreg32[31][31] ; CLOCK        ; ClockDIV_internal ; 0.500        ; -0.261     ; 7.879      ;
; -7.661 ; Uniciclo:UNI1|ramI:MemC|altsyncram:altsyncram_component|altsyncram_s9s3:auto_generated|ram_block1a18~porta_address_reg0 ; Uniciclo:UNI1|xregs:Regs1|xreg32[19][31] ; CLOCK        ; ClockDIV_internal ; 0.500        ; -0.261     ; 7.877      ;
; -7.658 ; Uniciclo:UNI1|ramI:MemC|altsyncram:altsyncram_component|altsyncram_s9s3:auto_generated|ram_block1a9~porta_address_reg0  ; Uniciclo:UNI1|xregs:Regs1|xreg32[30][19] ; CLOCK        ; ClockDIV_internal ; 0.500        ; -0.267     ; 7.868      ;
; -7.655 ; Uniciclo:UNI1|ramI:MemC|altsyncram:altsyncram_component|altsyncram_s9s3:auto_generated|ram_block1a9~porta_address_reg0  ; Uniciclo:UNI1|xregs:Regs1|xreg32[13][29] ; CLOCK        ; ClockDIV_internal ; 0.500        ; -0.282     ; 7.850      ;
; -7.655 ; Uniciclo:UNI1|ramI:MemC|altsyncram:altsyncram_component|altsyncram_s9s3:auto_generated|ram_block1a9~porta_address_reg0  ; Uniciclo:UNI1|xregs:Regs1|xreg32[26][25] ; CLOCK        ; ClockDIV_internal ; 0.500        ; -0.255     ; 7.877      ;
; -7.654 ; Uniciclo:UNI1|ramI:MemC|altsyncram:altsyncram_component|altsyncram_s9s3:auto_generated|ram_block1a9~porta_address_reg0  ; Uniciclo:UNI1|xregs:Regs1|xreg32[18][25] ; CLOCK        ; ClockDIV_internal ; 0.500        ; -0.255     ; 7.876      ;
; -7.651 ; Uniciclo:UNI1|ramI:MemC|altsyncram:altsyncram_component|altsyncram_s9s3:auto_generated|ram_block1a9~porta_address_reg0  ; Uniciclo:UNI1|xregs:Regs1|xreg32[22][20] ; CLOCK        ; ClockDIV_internal ; 0.500        ; -0.034     ; 8.094      ;
; -7.649 ; Uniciclo:UNI1|ramI:MemC|altsyncram:altsyncram_component|altsyncram_s9s3:auto_generated|ram_block1a9~porta_address_reg0  ; Uniciclo:UNI1|xregs:Regs1|xreg32[30][16] ; CLOCK        ; ClockDIV_internal ; 0.500        ; -0.060     ; 8.066      ;
; -7.647 ; Uniciclo:UNI1|ramI:MemC|altsyncram:altsyncram_component|altsyncram_s9s3:auto_generated|ram_block1a18~porta_address_reg0 ; Uniciclo:UNI1|xregs:Regs1|xreg32[22][30] ; CLOCK        ; ClockDIV_internal ; 0.500        ; -0.268     ; 7.856      ;
; -7.646 ; Uniciclo:UNI1|ramI:MemC|altsyncram:altsyncram_component|altsyncram_s9s3:auto_generated|ram_block1a18~porta_address_reg0 ; Uniciclo:UNI1|xregs:Regs1|xreg32[24][19] ; CLOCK        ; ClockDIV_internal ; 0.500        ; -0.259     ; 7.864      ;
; -7.643 ; Uniciclo:UNI1|ramI:MemC|altsyncram:altsyncram_component|altsyncram_s9s3:auto_generated|ram_block1a18~porta_address_reg0 ; Uniciclo:UNI1|xregs:Regs1|xreg32[10][31] ; CLOCK        ; ClockDIV_internal ; 0.500        ; -0.269     ; 7.851      ;
; -7.643 ; Uniciclo:UNI1|ramI:MemC|altsyncram:altsyncram_component|altsyncram_s9s3:auto_generated|ram_block1a18~porta_address_reg0 ; Uniciclo:UNI1|xregs:Regs1|xreg32[11][31] ; CLOCK        ; ClockDIV_internal ; 0.500        ; -0.269     ; 7.851      ;
; -7.642 ; Uniciclo:UNI1|ramI:MemC|altsyncram:altsyncram_component|altsyncram_s9s3:auto_generated|ram_block1a9~porta_address_reg0  ; Uniciclo:UNI1|xregs:Regs1|xreg32[23][21] ; CLOCK        ; ClockDIV_internal ; 0.500        ; -0.260     ; 7.859      ;
; -7.640 ; Uniciclo:UNI1|ramI:MemC|altsyncram:altsyncram_component|altsyncram_s9s3:auto_generated|ram_block1a18~porta_address_reg0 ; Uniciclo:UNI1|xregs:Regs1|xreg32[21][29] ; CLOCK        ; ClockDIV_internal ; 0.500        ; -0.259     ; 7.858      ;
; -7.640 ; Uniciclo:UNI1|ramI:MemC|altsyncram:altsyncram_component|altsyncram_s9s3:auto_generated|ram_block1a18~porta_address_reg0 ; Uniciclo:UNI1|xregs:Regs1|xreg32[11][20] ; CLOCK        ; ClockDIV_internal ; 0.500        ; -0.063     ; 8.054      ;
; -7.639 ; Uniciclo:UNI1|ramI:MemC|altsyncram:altsyncram_component|altsyncram_s9s3:auto_generated|ram_block1a18~porta_address_reg0 ; Uniciclo:UNI1|xregs:Regs1|xreg32[8][30]  ; CLOCK        ; ClockDIV_internal ; 0.500        ; -0.269     ; 7.847      ;
; -7.639 ; Uniciclo:UNI1|ramI:MemC|altsyncram:altsyncram_component|altsyncram_s9s3:auto_generated|ram_block1a9~porta_address_reg0  ; Uniciclo:UNI1|xregs:Regs1|xreg32[23][20] ; CLOCK        ; ClockDIV_internal ; 0.500        ; -0.262     ; 7.854      ;
; -7.634 ; Uniciclo:UNI1|ramI:MemC|altsyncram:altsyncram_component|altsyncram_s9s3:auto_generated|ram_block1a9~porta_address_reg0  ; Uniciclo:UNI1|xregs:Regs1|xreg32[20][22] ; CLOCK        ; ClockDIV_internal ; 0.500        ; -0.063     ; 8.048      ;
; -7.633 ; Uniciclo:UNI1|ramI:MemC|altsyncram:altsyncram_component|altsyncram_s9s3:auto_generated|ram_block1a9~porta_address_reg0  ; Uniciclo:UNI1|xregs:Regs1|xreg32[19][16] ; CLOCK        ; ClockDIV_internal ; 0.500        ; -0.282     ; 7.828      ;
; -7.631 ; Uniciclo:UNI1|ramI:MemC|altsyncram:altsyncram_component|altsyncram_s9s3:auto_generated|ram_block1a18~porta_address_reg0 ; Uniciclo:UNI1|xregs:Regs1|xreg32[12][20] ; CLOCK        ; ClockDIV_internal ; 0.500        ; -0.061     ; 8.047      ;
; -7.630 ; Uniciclo:UNI1|ramI:MemC|altsyncram:altsyncram_component|altsyncram_s9s3:auto_generated|ram_block1a18~porta_address_reg0 ; Uniciclo:UNI1|xregs:Regs1|xreg32[11][29] ; CLOCK        ; ClockDIV_internal ; 0.500        ; -0.269     ; 7.838      ;
; -7.629 ; Uniciclo:UNI1|ramI:MemC|altsyncram:altsyncram_component|altsyncram_s9s3:auto_generated|ram_block1a18~porta_address_reg0 ; Uniciclo:UNI1|xregs:Regs1|xreg32[10][30] ; CLOCK        ; ClockDIV_internal ; 0.500        ; -0.269     ; 7.837      ;
; -7.629 ; Uniciclo:UNI1|ramI:MemC|altsyncram:altsyncram_component|altsyncram_s9s3:auto_generated|ram_block1a18~porta_address_reg0 ; Uniciclo:UNI1|xregs:Regs1|xreg32[11][30] ; CLOCK        ; ClockDIV_internal ; 0.500        ; -0.269     ; 7.837      ;
; -7.627 ; Uniciclo:UNI1|ramI:MemC|altsyncram:altsyncram_component|altsyncram_s9s3:auto_generated|ram_block1a18~porta_address_reg0 ; Uniciclo:UNI1|xregs:Regs1|xreg32[10][29] ; CLOCK        ; ClockDIV_internal ; 0.500        ; -0.269     ; 7.835      ;
; -7.625 ; Uniciclo:UNI1|ramI:MemC|altsyncram:altsyncram_component|altsyncram_s9s3:auto_generated|ram_block1a18~porta_address_reg0 ; Uniciclo:UNI1|xregs:Regs1|xreg32[2][28]  ; CLOCK        ; ClockDIV_internal ; 0.500        ; -0.267     ; 7.835      ;
; -7.624 ; Uniciclo:UNI1|ramI:MemC|altsyncram:altsyncram_component|altsyncram_s9s3:auto_generated|ram_block1a9~porta_address_reg0  ; Uniciclo:UNI1|xregs:Regs1|xreg32[27][16] ; CLOCK        ; ClockDIV_internal ; 0.500        ; -0.282     ; 7.819      ;
; -7.624 ; Uniciclo:UNI1|ramI:MemC|altsyncram:altsyncram_component|altsyncram_s9s3:auto_generated|ram_block1a9~porta_address_reg0  ; Uniciclo:UNI1|xregs:Regs1|xreg32[22][16] ; CLOCK        ; ClockDIV_internal ; 0.500        ; -0.036     ; 8.065      ;
; -7.621 ; Uniciclo:UNI1|ramI:MemC|altsyncram:altsyncram_component|altsyncram_s9s3:auto_generated|ram_block1a18~porta_address_reg0 ; Uniciclo:UNI1|xregs:Regs1|xreg32[30][20] ; CLOCK        ; ClockDIV_internal ; 0.500        ; -0.057     ; 8.041      ;
; -7.619 ; Uniciclo:UNI1|ramI:MemC|altsyncram:altsyncram_component|altsyncram_s9s3:auto_generated|ram_block1a18~porta_address_reg0 ; Uniciclo:UNI1|xregs:Regs1|xreg32[30][18] ; CLOCK        ; ClockDIV_internal ; 0.500        ; -0.059     ; 8.037      ;
; -7.619 ; Uniciclo:UNI1|ramI:MemC|altsyncram:altsyncram_component|altsyncram_s9s3:auto_generated|ram_block1a18~porta_address_reg0 ; Uniciclo:UNI1|xregs:Regs1|xreg32[13][30] ; CLOCK        ; ClockDIV_internal ; 0.500        ; -0.281     ; 7.815      ;
; -7.616 ; Uniciclo:UNI1|ramI:MemC|altsyncram:altsyncram_component|altsyncram_s9s3:auto_generated|ram_block1a18~porta_address_reg0 ; Uniciclo:UNI1|xregs:Regs1|xreg32[16][30] ; CLOCK        ; ClockDIV_internal ; 0.500        ; -0.260     ; 7.833      ;
; -7.615 ; Uniciclo:UNI1|ramI:MemC|altsyncram:altsyncram_component|altsyncram_s9s3:auto_generated|ram_block1a18~porta_address_reg0 ; Uniciclo:UNI1|xregs:Regs1|xreg32[18][16] ; CLOCK        ; ClockDIV_internal ; 0.500        ; -0.069     ; 8.023      ;
; -7.615 ; Uniciclo:UNI1|ramI:MemC|altsyncram:altsyncram_component|altsyncram_s9s3:auto_generated|ram_block1a18~porta_address_reg0 ; Uniciclo:UNI1|xregs:Regs1|xreg32[8][29]  ; CLOCK        ; ClockDIV_internal ; 0.500        ; -0.269     ; 7.823      ;
; -7.615 ; Uniciclo:UNI1|ramI:MemC|altsyncram:altsyncram_component|altsyncram_s9s3:auto_generated|ram_block1a18~porta_address_reg0 ; Uniciclo:UNI1|xregs:Regs1|xreg32[24][24] ; CLOCK        ; ClockDIV_internal ; 0.500        ; -0.259     ; 7.833      ;
; -7.615 ; Uniciclo:UNI1|ramI:MemC|altsyncram:altsyncram_component|altsyncram_s9s3:auto_generated|ram_block1a9~porta_address_reg0  ; Uniciclo:UNI1|xregs:Regs1|xreg32[23][16] ; CLOCK        ; ClockDIV_internal ; 0.500        ; -0.281     ; 7.811      ;
; -7.614 ; Uniciclo:UNI1|ramI:MemC|altsyncram:altsyncram_component|altsyncram_s9s3:auto_generated|ram_block1a18~porta_address_reg0 ; Uniciclo:UNI1|xregs:Regs1|xreg32[24][29] ; CLOCK        ; ClockDIV_internal ; 0.500        ; -0.259     ; 7.832      ;
; -7.614 ; Uniciclo:UNI1|ramI:MemC|altsyncram:altsyncram_component|altsyncram_s9s3:auto_generated|ram_block1a18~porta_address_reg0 ; Uniciclo:UNI1|xregs:Regs1|xreg32[9][20]  ; CLOCK        ; ClockDIV_internal ; 0.500        ; -0.039     ; 8.052      ;
; -7.614 ; Uniciclo:UNI1|ramI:MemC|altsyncram:altsyncram_component|altsyncram_s9s3:auto_generated|ram_block1a9~porta_address_reg0  ; Uniciclo:UNI1|xregs:Regs1|xreg32[31][31] ; CLOCK        ; ClockDIV_internal ; 0.500        ; -0.262     ; 7.829      ;
; -7.612 ; Uniciclo:UNI1|ramI:MemC|altsyncram:altsyncram_component|altsyncram_s9s3:auto_generated|ram_block1a18~porta_address_reg0 ; Uniciclo:UNI1|xregs:Regs1|xreg32[23][22] ; CLOCK        ; ClockDIV_internal ; 0.500        ; -0.280     ; 7.809      ;
; -7.612 ; Uniciclo:UNI1|ramI:MemC|altsyncram:altsyncram_component|altsyncram_s9s3:auto_generated|ram_block1a9~porta_address_reg0  ; Uniciclo:UNI1|xregs:Regs1|xreg32[19][31] ; CLOCK        ; ClockDIV_internal ; 0.500        ; -0.262     ; 7.827      ;
; -7.610 ; Uniciclo:UNI1|ramI:MemC|altsyncram:altsyncram_component|altsyncram_s9s3:auto_generated|ram_block1a9~porta_address_reg0  ; Uniciclo:UNI1|xregs:Regs1|xreg32[24][16] ; CLOCK        ; ClockDIV_internal ; 0.500        ; -0.274     ; 7.813      ;
; -7.607 ; Uniciclo:UNI1|ramI:MemC|altsyncram:altsyncram_component|altsyncram_s9s3:auto_generated|ram_block1a9~porta_address_reg0  ; Uniciclo:UNI1|xregs:Regs1|xreg32[29][22] ; CLOCK        ; ClockDIV_internal ; 0.500        ; -0.038     ; 8.046      ;
; -7.606 ; Uniciclo:UNI1|ramI:MemC|altsyncram:altsyncram_component|altsyncram_s9s3:auto_generated|ram_block1a9~porta_address_reg0  ; Uniciclo:UNI1|xregs:Regs1|xreg32[22][28] ; CLOCK        ; ClockDIV_internal ; 0.500        ; -0.269     ; 7.814      ;
; -7.602 ; Uniciclo:UNI1|ramI:MemC|altsyncram:altsyncram_component|altsyncram_s9s3:auto_generated|ram_block1a18~porta_address_reg0 ; Uniciclo:UNI1|xregs:Regs1|xreg32[13][20] ; CLOCK        ; ClockDIV_internal ; 0.500        ; -0.037     ; 8.042      ;
; -7.602 ; Uniciclo:UNI1|ramI:MemC|altsyncram:altsyncram_component|altsyncram_s9s3:auto_generated|ram_block1a18~porta_address_reg0 ; Uniciclo:UNI1|xregs:Regs1|xreg32[19][19] ; CLOCK        ; ClockDIV_internal ; 0.500        ; -0.251     ; 7.828      ;
; -7.599 ; Uniciclo:UNI1|ramI:MemC|altsyncram:altsyncram_component|altsyncram_s9s3:auto_generated|ram_block1a18~porta_address_reg0 ; Uniciclo:UNI1|xregs:Regs1|xreg32[18][29] ; CLOCK        ; ClockDIV_internal ; 0.500        ; -0.254     ; 7.822      ;
; -7.597 ; Uniciclo:UNI1|ramI:MemC|altsyncram:altsyncram_component|altsyncram_s9s3:auto_generated|ram_block1a9~porta_address_reg0  ; Uniciclo:UNI1|xregs:Regs1|xreg32[24][19] ; CLOCK        ; ClockDIV_internal ; 0.500        ; -0.260     ; 7.814      ;
; -7.596 ; Uniciclo:UNI1|ramI:MemC|altsyncram:altsyncram_component|altsyncram_s9s3:auto_generated|ram_block1a18~porta_address_reg0 ; Uniciclo:UNI1|xregs:Regs1|xreg32[22][18] ; CLOCK        ; ClockDIV_internal ; 0.500        ; -0.035     ; 8.038      ;
; -7.596 ; Uniciclo:UNI1|ramI:MemC|altsyncram:altsyncram_component|altsyncram_s9s3:auto_generated|ram_block1a18~porta_address_reg0 ; Uniciclo:UNI1|xregs:Regs1|xreg32[26][31] ; CLOCK        ; ClockDIV_internal ; 0.500        ; -0.254     ; 7.819      ;
; -7.596 ; Uniciclo:UNI1|ramI:MemC|altsyncram:altsyncram_component|altsyncram_s9s3:auto_generated|ram_block1a18~porta_address_reg0 ; Uniciclo:UNI1|xregs:Regs1|xreg32[18][31] ; CLOCK        ; ClockDIV_internal ; 0.500        ; -0.254     ; 7.819      ;
; -7.596 ; Uniciclo:UNI1|ramI:MemC|altsyncram:altsyncram_component|altsyncram_s9s3:auto_generated|ram_block1a18~porta_address_reg0 ; Uniciclo:UNI1|xregs:Regs1|xreg32[26][29] ; CLOCK        ; ClockDIV_internal ; 0.500        ; -0.254     ; 7.819      ;
; -7.595 ; Uniciclo:UNI1|ramI:MemC|altsyncram:altsyncram_component|altsyncram_s9s3:auto_generated|ram_block1a9~porta_address_reg0  ; Uniciclo:UNI1|xregs:Regs1|xreg32[26][22] ; CLOCK        ; ClockDIV_internal ; 0.500        ; -0.262     ; 7.810      ;
; -7.594 ; Uniciclo:UNI1|ramI:MemC|altsyncram:altsyncram_component|altsyncram_s9s3:auto_generated|ram_block1a9~porta_address_reg0  ; Uniciclo:UNI1|xregs:Regs1|xreg32[10][31] ; CLOCK        ; ClockDIV_internal ; 0.500        ; -0.270     ; 7.801      ;
; -7.594 ; Uniciclo:UNI1|ramI:MemC|altsyncram:altsyncram_component|altsyncram_s9s3:auto_generated|ram_block1a9~porta_address_reg0  ; Uniciclo:UNI1|xregs:Regs1|xreg32[11][31] ; CLOCK        ; ClockDIV_internal ; 0.500        ; -0.270     ; 7.801      ;
; -7.591 ; Uniciclo:UNI1|ramI:MemC|altsyncram:altsyncram_component|altsyncram_s9s3:auto_generated|ram_block1a9~porta_address_reg0  ; Uniciclo:UNI1|xregs:Regs1|xreg32[21][29] ; CLOCK        ; ClockDIV_internal ; 0.500        ; -0.260     ; 7.808      ;
; -7.590 ; Uniciclo:UNI1|ramI:MemC|altsyncram:altsyncram_component|altsyncram_s9s3:auto_generated|ram_block1a18~porta_address_reg0 ; Uniciclo:UNI1|xregs:Regs1|xreg32[26][16] ; CLOCK        ; ClockDIV_internal ; 0.500        ; -0.044     ; 8.023      ;
; -7.590 ; Uniciclo:UNI1|ramI:MemC|altsyncram:altsyncram_component|altsyncram_s9s3:auto_generated|ram_block1a18~porta_address_reg0 ; Uniciclo:UNI1|xregs:Regs1|xreg32[30][23] ; CLOCK        ; ClockDIV_internal ; 0.500        ; -0.049     ; 8.018      ;
; -7.590 ; Uniciclo:UNI1|ramI:MemC|altsyncram:altsyncram_component|altsyncram_s9s3:auto_generated|ram_block1a18~porta_address_reg0 ; Uniciclo:UNI1|xregs:Regs1|xreg32[31][23] ; CLOCK        ; ClockDIV_internal ; 0.500        ; -0.062     ; 8.005      ;
; -7.588 ; Uniciclo:UNI1|ramI:MemC|altsyncram:altsyncram_component|altsyncram_s9s3:auto_generated|ram_block1a18~porta_address_reg0 ; Uniciclo:UNI1|xregs:Regs1|xreg32[31][30] ; CLOCK        ; ClockDIV_internal ; 0.500        ; -0.051     ; 8.014      ;
; -7.588 ; Uniciclo:UNI1|ramI:MemC|altsyncram:altsyncram_component|altsyncram_s9s3:auto_generated|ram_block1a9~porta_address_reg0  ; Uniciclo:UNI1|xregs:Regs1|xreg32[18][28] ; CLOCK        ; ClockDIV_internal ; 0.500        ; -0.066     ; 7.999      ;
+--------+-------------------------------------------------------------------------------------------------------------------------+------------------------------------------+--------------+-------------------+--------------+------------+------------+


+---------------------------------------------------------------------------------------------------------------------------------------------------------------------------------------------------------------------------------------------------------------------------------------------------------------------------------------+
; Fast 1200mV 0C Model Setup: 'CLOCK'                                                                                                                                                                                                                                                                                                   ;
+--------+-------------------------------------------------------------------------------------------------------------------------+-------------------------------------------------------------------------------------------------------------------------+-------------------+-------------+--------------+------------+------------+
; Slack  ; From Node                                                                                                               ; To Node                                                                                                                 ; Launch Clock      ; Latch Clock ; Relationship ; Clock Skew ; Data Delay ;
+--------+-------------------------------------------------------------------------------------------------------------------------+-------------------------------------------------------------------------------------------------------------------------+-------------------+-------------+--------------+------------+------------+
; -5.678 ; Uniciclo:UNI1|ramI:MemC|altsyncram:altsyncram_component|altsyncram_s9s3:auto_generated|ram_block1a18~porta_address_reg0 ; Uniciclo:UNI1|ramD:MemD|altsyncram:altsyncram_component|altsyncram_aos3:auto_generated|ram_block1a27~porta_address_reg0 ; CLOCK             ; CLOCK       ; 1.000        ; -0.062     ; 6.625      ;
; -5.652 ; Uniciclo:UNI1|ramI:MemC|altsyncram:altsyncram_component|altsyncram_s9s3:auto_generated|ram_block1a9~porta_address_reg0  ; Uniciclo:UNI1|ramD:MemD|altsyncram:altsyncram_component|altsyncram_aos3:auto_generated|ram_block1a27~porta_address_reg0 ; CLOCK             ; CLOCK       ; 1.000        ; -0.063     ; 6.598      ;
; -5.636 ; Uniciclo:UNI1|ramI:MemC|altsyncram:altsyncram_component|altsyncram_s9s3:auto_generated|ram_block1a18~porta_address_reg0 ; Uniciclo:UNI1|ramD:MemD|altsyncram:altsyncram_component|altsyncram_aos3:auto_generated|ram_block1a0~porta_address_reg0  ; CLOCK             ; CLOCK       ; 1.000        ; -0.055     ; 6.590      ;
; -5.589 ; Uniciclo:UNI1|ramI:MemC|altsyncram:altsyncram_component|altsyncram_s9s3:auto_generated|ram_block1a18~porta_address_reg0 ; Uniciclo:UNI1|ramD:MemD|altsyncram:altsyncram_component|altsyncram_aos3:auto_generated|ram_block1a18~porta_address_reg0 ; CLOCK             ; CLOCK       ; 1.000        ; -0.048     ; 6.550      ;
; -5.580 ; Uniciclo:UNI1|ramI:MemC|altsyncram:altsyncram_component|altsyncram_s9s3:auto_generated|ram_block1a18~porta_address_reg0 ; Uniciclo:UNI1|ramD:MemD|altsyncram:altsyncram_component|altsyncram_aos3:auto_generated|ram_block1a9~porta_address_reg0  ; CLOCK             ; CLOCK       ; 1.000        ; -0.055     ; 6.534      ;
; -5.554 ; Uniciclo:UNI1|ramI:MemC|altsyncram:altsyncram_component|altsyncram_s9s3:auto_generated|ram_block1a9~porta_address_reg0  ; Uniciclo:UNI1|ramD:MemD|altsyncram:altsyncram_component|altsyncram_aos3:auto_generated|ram_block1a9~porta_address_reg0  ; CLOCK             ; CLOCK       ; 1.000        ; -0.056     ; 6.507      ;
; -5.533 ; Uniciclo:UNI1|ramI:MemC|altsyncram:altsyncram_component|altsyncram_s9s3:auto_generated|ram_block1a9~porta_address_reg0  ; Uniciclo:UNI1|ramD:MemD|altsyncram:altsyncram_component|altsyncram_aos3:auto_generated|ram_block1a18~porta_address_reg0 ; CLOCK             ; CLOCK       ; 1.000        ; -0.049     ; 6.493      ;
; -5.533 ; Uniciclo:UNI1|ramI:MemC|altsyncram:altsyncram_component|altsyncram_s9s3:auto_generated|ram_block1a9~porta_address_reg0  ; Uniciclo:UNI1|ramD:MemD|altsyncram:altsyncram_component|altsyncram_aos3:auto_generated|ram_block1a0~porta_address_reg0  ; CLOCK             ; CLOCK       ; 1.000        ; -0.056     ; 6.486      ;
; -5.185 ; Uniciclo:UNI1|ramI:MemC|altsyncram:altsyncram_component|altsyncram_s9s3:auto_generated|ram_block1a0~porta_address_reg0  ; Uniciclo:UNI1|ramD:MemD|altsyncram:altsyncram_component|altsyncram_aos3:auto_generated|ram_block1a27~porta_address_reg0 ; CLOCK             ; CLOCK       ; 1.000        ; -0.057     ; 6.137      ;
; -5.087 ; Uniciclo:UNI1|ramI:MemC|altsyncram:altsyncram_component|altsyncram_s9s3:auto_generated|ram_block1a0~porta_address_reg0  ; Uniciclo:UNI1|ramD:MemD|altsyncram:altsyncram_component|altsyncram_aos3:auto_generated|ram_block1a9~porta_address_reg0  ; CLOCK             ; CLOCK       ; 1.000        ; -0.050     ; 6.046      ;
; -5.079 ; Uniciclo:UNI1|ramI:MemC|altsyncram:altsyncram_component|altsyncram_s9s3:auto_generated|ram_block1a27~porta_address_reg0 ; Uniciclo:UNI1|ramD:MemD|altsyncram:altsyncram_component|altsyncram_aos3:auto_generated|ram_block1a27~porta_address_reg0 ; CLOCK             ; CLOCK       ; 1.000        ; -0.051     ; 6.037      ;
; -5.066 ; Uniciclo:UNI1|ramI:MemC|altsyncram:altsyncram_component|altsyncram_s9s3:auto_generated|ram_block1a0~porta_address_reg0  ; Uniciclo:UNI1|ramD:MemD|altsyncram:altsyncram_component|altsyncram_aos3:auto_generated|ram_block1a18~porta_address_reg0 ; CLOCK             ; CLOCK       ; 1.000        ; -0.043     ; 6.032      ;
; -5.058 ; Uniciclo:UNI1|ramI:MemC|altsyncram:altsyncram_component|altsyncram_s9s3:auto_generated|ram_block1a0~porta_address_reg0  ; Uniciclo:UNI1|ramD:MemD|altsyncram:altsyncram_component|altsyncram_aos3:auto_generated|ram_block1a0~porta_address_reg0  ; CLOCK             ; CLOCK       ; 1.000        ; -0.050     ; 6.017      ;
; -4.960 ; Uniciclo:UNI1|ramI:MemC|altsyncram:altsyncram_component|altsyncram_s9s3:auto_generated|ram_block1a27~porta_address_reg0 ; Uniciclo:UNI1|ramD:MemD|altsyncram:altsyncram_component|altsyncram_aos3:auto_generated|ram_block1a0~porta_address_reg0  ; CLOCK             ; CLOCK       ; 1.000        ; -0.052     ; 5.917      ;
; -4.944 ; Uniciclo:UNI1|ramI:MemC|altsyncram:altsyncram_component|altsyncram_s9s3:auto_generated|ram_block1a27~porta_address_reg0 ; Uniciclo:UNI1|ramD:MemD|altsyncram:altsyncram_component|altsyncram_aos3:auto_generated|ram_block1a18~porta_address_reg0 ; CLOCK             ; CLOCK       ; 1.000        ; -0.045     ; 5.908      ;
; -4.763 ; Uniciclo:UNI1|ramI:MemC|altsyncram:altsyncram_component|altsyncram_s9s3:auto_generated|ram_block1a27~porta_address_reg0 ; Uniciclo:UNI1|ramD:MemD|altsyncram:altsyncram_component|altsyncram_aos3:auto_generated|ram_block1a9~porta_address_reg0  ; CLOCK             ; CLOCK       ; 1.000        ; -0.052     ; 5.720      ;
; -4.693 ; Uniciclo:UNI1|xregs:Regs1|xreg32[16][1]                                                                                 ; Uniciclo:UNI1|ramD:MemD|altsyncram:altsyncram_component|altsyncram_aos3:auto_generated|ram_block1a27~porta_address_reg0 ; ClockDIV_internal ; CLOCK       ; 0.500        ; 0.144      ; 5.336      ;
; -4.640 ; Uniciclo:UNI1|xregs:Regs1|xreg32[10][1]                                                                                 ; Uniciclo:UNI1|ramD:MemD|altsyncram:altsyncram_component|altsyncram_aos3:auto_generated|ram_block1a27~porta_address_reg0 ; ClockDIV_internal ; CLOCK       ; 0.500        ; 0.144      ; 5.283      ;
; -4.618 ; Uniciclo:UNI1|xregs:Regs1|xreg32[18][3]                                                                                 ; Uniciclo:UNI1|ramD:MemD|altsyncram:altsyncram_component|altsyncram_aos3:auto_generated|ram_block1a27~porta_address_reg0 ; ClockDIV_internal ; CLOCK       ; 0.500        ; 0.129      ; 5.246      ;
; -4.614 ; Uniciclo:UNI1|xregs:Regs1|xreg32[20][2]                                                                                 ; Uniciclo:UNI1|ramD:MemD|altsyncram:altsyncram_component|altsyncram_aos3:auto_generated|ram_block1a27~porta_address_reg0 ; ClockDIV_internal ; CLOCK       ; 0.500        ; 0.145      ; 5.258      ;
; -4.599 ; Uniciclo:UNI1|xregs:Regs1|xreg32[16][1]                                                                                 ; Uniciclo:UNI1|ramD:MemD|altsyncram:altsyncram_component|altsyncram_aos3:auto_generated|ram_block1a9~porta_address_reg0  ; ClockDIV_internal ; CLOCK       ; 0.500        ; 0.147      ; 5.245      ;
; -4.585 ; Uniciclo:UNI1|xregs:Regs1|xreg32[22][0]                                                                                 ; Uniciclo:UNI1|ramD:MemD|altsyncram:altsyncram_component|altsyncram_aos3:auto_generated|ram_block1a27~porta_address_reg0 ; ClockDIV_internal ; CLOCK       ; 0.500        ; 0.143      ; 5.227      ;
; -4.579 ; Uniciclo:UNI1|xregs:Regs1|xreg32[17][6]                                                                                 ; Uniciclo:UNI1|ramD:MemD|altsyncram:altsyncram_component|altsyncram_aos3:auto_generated|ram_block1a27~porta_address_reg0 ; ClockDIV_internal ; CLOCK       ; 0.500        ; 0.148      ; 5.226      ;
; -4.578 ; Uniciclo:UNI1|xregs:Regs1|xreg32[16][1]                                                                                 ; Uniciclo:UNI1|ramD:MemD|altsyncram:altsyncram_component|altsyncram_aos3:auto_generated|ram_block1a18~porta_address_reg0 ; ClockDIV_internal ; CLOCK       ; 0.500        ; 0.154      ; 5.231      ;
; -4.570 ; Uniciclo:UNI1|xregs:Regs1|xreg32[16][1]                                                                                 ; Uniciclo:UNI1|ramD:MemD|altsyncram:altsyncram_component|altsyncram_aos3:auto_generated|ram_block1a0~porta_address_reg0  ; ClockDIV_internal ; CLOCK       ; 0.500        ; 0.147      ; 5.216      ;
; -4.552 ; Uniciclo:UNI1|xregs:Regs1|xreg32[20][1]                                                                                 ; Uniciclo:UNI1|ramD:MemD|altsyncram:altsyncram_component|altsyncram_aos3:auto_generated|ram_block1a27~porta_address_reg0 ; ClockDIV_internal ; CLOCK       ; 0.500        ; 0.143      ; 5.194      ;
; -4.546 ; Uniciclo:UNI1|xregs:Regs1|xreg32[10][1]                                                                                 ; Uniciclo:UNI1|ramD:MemD|altsyncram:altsyncram_component|altsyncram_aos3:auto_generated|ram_block1a9~porta_address_reg0  ; ClockDIV_internal ; CLOCK       ; 0.500        ; 0.147      ; 5.192      ;
; -4.537 ; Uniciclo:UNI1|xregs:Regs1|xreg32[19][4]                                                                                 ; Uniciclo:UNI1|ramD:MemD|altsyncram:altsyncram_component|altsyncram_aos3:auto_generated|ram_block1a27~porta_address_reg0 ; ClockDIV_internal ; CLOCK       ; 0.500        ; 0.126      ; 5.162      ;
; -4.536 ; Uniciclo:UNI1|xregs:Regs1|xreg32[26][0]                                                                                 ; Uniciclo:UNI1|ramD:MemD|altsyncram:altsyncram_component|altsyncram_aos3:auto_generated|ram_block1a27~porta_address_reg0 ; ClockDIV_internal ; CLOCK       ; 0.500        ; 0.136      ; 5.171      ;
; -4.533 ; Uniciclo:UNI1|xregs:Regs1|xreg32[16][2]                                                                                 ; Uniciclo:UNI1|ramD:MemD|altsyncram:altsyncram_component|altsyncram_aos3:auto_generated|ram_block1a27~porta_address_reg0 ; ClockDIV_internal ; CLOCK       ; 0.500        ; 0.135      ; 5.167      ;
; -4.525 ; Uniciclo:UNI1|xregs:Regs1|xreg32[10][1]                                                                                 ; Uniciclo:UNI1|ramD:MemD|altsyncram:altsyncram_component|altsyncram_aos3:auto_generated|ram_block1a18~porta_address_reg0 ; ClockDIV_internal ; CLOCK       ; 0.500        ; 0.154      ; 5.178      ;
; -4.524 ; Uniciclo:UNI1|xregs:Regs1|xreg32[18][3]                                                                                 ; Uniciclo:UNI1|ramD:MemD|altsyncram:altsyncram_component|altsyncram_aos3:auto_generated|ram_block1a9~porta_address_reg0  ; ClockDIV_internal ; CLOCK       ; 0.500        ; 0.132      ; 5.155      ;
; -4.520 ; Uniciclo:UNI1|xregs:Regs1|xreg32[20][2]                                                                                 ; Uniciclo:UNI1|ramD:MemD|altsyncram:altsyncram_component|altsyncram_aos3:auto_generated|ram_block1a9~porta_address_reg0  ; ClockDIV_internal ; CLOCK       ; 0.500        ; 0.148      ; 5.167      ;
; -4.518 ; Uniciclo:UNI1|xregs:Regs1|xreg32[17][6]                                                                                 ; Uniciclo:UNI1|ramD:MemD|altsyncram:altsyncram_component|altsyncram_aos3:auto_generated|ram_block1a0~porta_address_reg0  ; ClockDIV_internal ; CLOCK       ; 0.500        ; 0.151      ; 5.168      ;
; -4.517 ; Uniciclo:UNI1|xregs:Regs1|xreg32[27][0]                                                                                 ; Uniciclo:UNI1|ramD:MemD|altsyncram:altsyncram_component|altsyncram_aos3:auto_generated|ram_block1a27~porta_address_reg0 ; ClockDIV_internal ; CLOCK       ; 0.500        ; 0.133      ; 5.149      ;
; -4.517 ; Uniciclo:UNI1|xregs:Regs1|xreg32[10][1]                                                                                 ; Uniciclo:UNI1|ramD:MemD|altsyncram:altsyncram_component|altsyncram_aos3:auto_generated|ram_block1a0~porta_address_reg0  ; ClockDIV_internal ; CLOCK       ; 0.500        ; 0.147      ; 5.163      ;
; -4.517 ; Uniciclo:UNI1|xregs:Regs1|xreg32[18][3]                                                                                 ; Uniciclo:UNI1|ramD:MemD|altsyncram:altsyncram_component|altsyncram_aos3:auto_generated|ram_block1a0~porta_address_reg0  ; ClockDIV_internal ; CLOCK       ; 0.500        ; 0.132      ; 5.148      ;
; -4.513 ; Uniciclo:UNI1|xregs:Regs1|xreg32[2][2]                                                                                  ; Uniciclo:UNI1|ramD:MemD|altsyncram:altsyncram_component|altsyncram_aos3:auto_generated|ram_block1a27~porta_address_reg0 ; ClockDIV_internal ; CLOCK       ; 0.500        ; 0.132      ; 5.144      ;
; -4.507 ; Uniciclo:UNI1|xregs:Regs1|xreg32[17][10]                                                                                ; Uniciclo:UNI1|ramD:MemD|altsyncram:altsyncram_component|altsyncram_aos3:auto_generated|ram_block1a27~porta_address_reg0 ; ClockDIV_internal ; CLOCK       ; 0.500        ; 0.155      ; 5.161      ;
; -4.507 ; Uniciclo:UNI1|xregs:Regs1|xreg32[20][2]                                                                                 ; Uniciclo:UNI1|ramD:MemD|altsyncram:altsyncram_component|altsyncram_aos3:auto_generated|ram_block1a0~porta_address_reg0  ; ClockDIV_internal ; CLOCK       ; 0.500        ; 0.148      ; 5.154      ;
; -4.505 ; Uniciclo:UNI1|xregs:Regs1|xreg32[23][7]                                                                                 ; Uniciclo:UNI1|ramD:MemD|altsyncram:altsyncram_component|altsyncram_aos3:auto_generated|ram_block1a9~porta_address_reg0  ; ClockDIV_internal ; CLOCK       ; 0.500        ; 0.159      ; 5.163      ;
; -4.503 ; Uniciclo:UNI1|xregs:Regs1|xreg32[18][3]                                                                                 ; Uniciclo:UNI1|ramD:MemD|altsyncram:altsyncram_component|altsyncram_aos3:auto_generated|ram_block1a18~porta_address_reg0 ; ClockDIV_internal ; CLOCK       ; 0.500        ; 0.139      ; 5.141      ;
; -4.499 ; Uniciclo:UNI1|xregs:Regs1|xreg32[20][2]                                                                                 ; Uniciclo:UNI1|ramD:MemD|altsyncram:altsyncram_component|altsyncram_aos3:auto_generated|ram_block1a18~porta_address_reg0 ; ClockDIV_internal ; CLOCK       ; 0.500        ; 0.155      ; 5.153      ;
; -4.499 ; Uniciclo:UNI1|xregs:Regs1|xreg32[19][4]                                                                                 ; Uniciclo:UNI1|ramD:MemD|altsyncram:altsyncram_component|altsyncram_aos3:auto_generated|ram_block1a0~porta_address_reg0  ; ClockDIV_internal ; CLOCK       ; 0.500        ; 0.129      ; 5.127      ;
; -4.490 ; Uniciclo:UNI1|xregs:Regs1|xreg32[22][0]                                                                                 ; Uniciclo:UNI1|ramD:MemD|altsyncram:altsyncram_component|altsyncram_aos3:auto_generated|ram_block1a9~porta_address_reg0  ; ClockDIV_internal ; CLOCK       ; 0.500        ; 0.146      ; 5.135      ;
; -4.488 ; Uniciclo:UNI1|xregs:Regs1|xreg32[23][7]                                                                                 ; Uniciclo:UNI1|ramD:MemD|altsyncram:altsyncram_component|altsyncram_aos3:auto_generated|ram_block1a27~porta_address_reg0 ; ClockDIV_internal ; CLOCK       ; 0.500        ; 0.156      ; 5.143      ;
; -4.487 ; Uniciclo:UNI1|xregs:Regs1|xreg32[17][10]                                                                                ; Uniciclo:UNI1|ramD:MemD|altsyncram:altsyncram_component|altsyncram_aos3:auto_generated|ram_block1a0~porta_address_reg0  ; ClockDIV_internal ; CLOCK       ; 0.500        ; 0.158      ; 5.144      ;
; -4.486 ; Uniciclo:UNI1|xregs:Regs1|xreg32[2][4]                                                                                  ; Uniciclo:UNI1|ramD:MemD|altsyncram:altsyncram_component|altsyncram_aos3:auto_generated|ram_block1a27~porta_address_reg0 ; ClockDIV_internal ; CLOCK       ; 0.500        ; 0.138      ; 5.123      ;
; -4.485 ; Uniciclo:UNI1|xregs:Regs1|xreg32[17][6]                                                                                 ; Uniciclo:UNI1|ramD:MemD|altsyncram:altsyncram_component|altsyncram_aos3:auto_generated|ram_block1a9~porta_address_reg0  ; ClockDIV_internal ; CLOCK       ; 0.500        ; 0.151      ; 5.135      ;
; -4.484 ; Uniciclo:UNI1|xregs:Regs1|xreg32[23][7]                                                                                 ; Uniciclo:UNI1|ramD:MemD|altsyncram:altsyncram_component|altsyncram_aos3:auto_generated|ram_block1a18~porta_address_reg0 ; ClockDIV_internal ; CLOCK       ; 0.500        ; 0.166      ; 5.149      ;
; -4.472 ; Uniciclo:UNI1|xregs:Regs1|xreg32[23][7]                                                                                 ; Uniciclo:UNI1|ramD:MemD|altsyncram:altsyncram_component|altsyncram_aos3:auto_generated|ram_block1a0~porta_address_reg0  ; ClockDIV_internal ; CLOCK       ; 0.500        ; 0.159      ; 5.130      ;
; -4.472 ; Uniciclo:UNI1|xregs:Regs1|xreg32[1][0]                                                                                  ; Uniciclo:UNI1|ramD:MemD|altsyncram:altsyncram_component|altsyncram_aos3:auto_generated|ram_block1a27~porta_address_reg0 ; ClockDIV_internal ; CLOCK       ; 0.500        ; 0.136      ; 5.107      ;
; -4.470 ; Uniciclo:UNI1|xregs:Regs1|xreg32[30][0]                                                                                 ; Uniciclo:UNI1|ramD:MemD|altsyncram:altsyncram_component|altsyncram_aos3:auto_generated|ram_block1a27~porta_address_reg0 ; ClockDIV_internal ; CLOCK       ; 0.500        ; -0.072     ; 4.897      ;
; -4.469 ; Uniciclo:UNI1|xregs:Regs1|xreg32[22][0]                                                                                 ; Uniciclo:UNI1|ramD:MemD|altsyncram:altsyncram_component|altsyncram_aos3:auto_generated|ram_block1a18~porta_address_reg0 ; ClockDIV_internal ; CLOCK       ; 0.500        ; 0.153      ; 5.121      ;
; -4.465 ; Uniciclo:UNI1|xregs:Regs1|xreg32[30][10]                                                                                ; Uniciclo:UNI1|ramD:MemD|altsyncram:altsyncram_component|altsyncram_aos3:auto_generated|ram_block1a27~porta_address_reg0 ; ClockDIV_internal ; CLOCK       ; 0.500        ; 0.142      ; 5.106      ;
; -4.464 ; Uniciclo:UNI1|xregs:Regs1|xreg32[17][6]                                                                                 ; Uniciclo:UNI1|ramD:MemD|altsyncram:altsyncram_component|altsyncram_aos3:auto_generated|ram_block1a18~porta_address_reg0 ; ClockDIV_internal ; CLOCK       ; 0.500        ; 0.158      ; 5.121      ;
; -4.462 ; Uniciclo:UNI1|xregs:Regs1|xreg32[4][5]                                                                                  ; Uniciclo:UNI1|ramD:MemD|altsyncram:altsyncram_component|altsyncram_aos3:auto_generated|ram_block1a27~porta_address_reg0 ; ClockDIV_internal ; CLOCK       ; 0.500        ; 0.141      ; 5.102      ;
; -4.462 ; Uniciclo:UNI1|xregs:Regs1|xreg32[22][0]                                                                                 ; Uniciclo:UNI1|ramD:MemD|altsyncram:altsyncram_component|altsyncram_aos3:auto_generated|ram_block1a0~porta_address_reg0  ; ClockDIV_internal ; CLOCK       ; 0.500        ; 0.146      ; 5.107      ;
; -4.458 ; Uniciclo:UNI1|xregs:Regs1|xreg32[20][1]                                                                                 ; Uniciclo:UNI1|ramD:MemD|altsyncram:altsyncram_component|altsyncram_aos3:auto_generated|ram_block1a9~porta_address_reg0  ; ClockDIV_internal ; CLOCK       ; 0.500        ; 0.146      ; 5.103      ;
; -4.456 ; Uniciclo:UNI1|xregs:Regs1|xreg32[8][2]                                                                                  ; Uniciclo:UNI1|ramD:MemD|altsyncram:altsyncram_component|altsyncram_aos3:auto_generated|ram_block1a27~porta_address_reg0 ; ClockDIV_internal ; CLOCK       ; 0.500        ; 0.141      ; 5.096      ;
; -4.450 ; Uniciclo:UNI1|xregs:Regs1|xreg32[17][10]                                                                                ; Uniciclo:UNI1|ramD:MemD|altsyncram:altsyncram_component|altsyncram_aos3:auto_generated|ram_block1a18~porta_address_reg0 ; ClockDIV_internal ; CLOCK       ; 0.500        ; 0.165      ; 5.114      ;
; -4.450 ; Uniciclo:UNI1|xregs:Regs1|xreg32[18][0]                                                                                 ; Uniciclo:UNI1|ramD:MemD|altsyncram:altsyncram_component|altsyncram_aos3:auto_generated|ram_block1a27~porta_address_reg0 ; ClockDIV_internal ; CLOCK       ; 0.500        ; -0.062     ; 4.887      ;
; -4.448 ; Uniciclo:UNI1|xregs:Regs1|xreg32[2][4]                                                                                  ; Uniciclo:UNI1|ramD:MemD|altsyncram:altsyncram_component|altsyncram_aos3:auto_generated|ram_block1a0~porta_address_reg0  ; ClockDIV_internal ; CLOCK       ; 0.500        ; 0.141      ; 5.088      ;
; -4.446 ; Uniciclo:UNI1|xregs:Regs1|xreg32[1][0]                                                                                  ; Uniciclo:UNI1|ramD:MemD|altsyncram:altsyncram_component|altsyncram_aos3:auto_generated|ram_block1a0~porta_address_reg0  ; ClockDIV_internal ; CLOCK       ; 0.500        ; 0.139      ; 5.084      ;
; -4.445 ; Uniciclo:UNI1|xregs:Regs1|xreg32[30][10]                                                                                ; Uniciclo:UNI1|ramD:MemD|altsyncram:altsyncram_component|altsyncram_aos3:auto_generated|ram_block1a0~porta_address_reg0  ; ClockDIV_internal ; CLOCK       ; 0.500        ; 0.145      ; 5.089      ;
; -4.444 ; Uniciclo:UNI1|xregs:Regs1|xreg32[30][0]                                                                                 ; Uniciclo:UNI1|ramD:MemD|altsyncram:altsyncram_component|altsyncram_aos3:auto_generated|ram_block1a0~porta_address_reg0  ; ClockDIV_internal ; CLOCK       ; 0.500        ; -0.069     ; 4.874      ;
; -4.443 ; Uniciclo:UNI1|xregs:Regs1|xreg32[19][4]                                                                                 ; Uniciclo:UNI1|ramD:MemD|altsyncram:altsyncram_component|altsyncram_aos3:auto_generated|ram_block1a9~porta_address_reg0  ; ClockDIV_internal ; CLOCK       ; 0.500        ; 0.129      ; 5.071      ;
; -4.442 ; Uniciclo:UNI1|xregs:Regs1|xreg32[28][2]                                                                                 ; Uniciclo:UNI1|ramD:MemD|altsyncram:altsyncram_component|altsyncram_aos3:auto_generated|ram_block1a27~porta_address_reg0 ; ClockDIV_internal ; CLOCK       ; 0.500        ; 0.135      ; 5.076      ;
; -4.441 ; Uniciclo:UNI1|xregs:Regs1|xreg32[26][0]                                                                                 ; Uniciclo:UNI1|ramD:MemD|altsyncram:altsyncram_component|altsyncram_aos3:auto_generated|ram_block1a9~porta_address_reg0  ; ClockDIV_internal ; CLOCK       ; 0.500        ; 0.139      ; 5.079      ;
; -4.439 ; Uniciclo:UNI1|xregs:Regs1|xreg32[16][2]                                                                                 ; Uniciclo:UNI1|ramD:MemD|altsyncram:altsyncram_component|altsyncram_aos3:auto_generated|ram_block1a9~porta_address_reg0  ; ClockDIV_internal ; CLOCK       ; 0.500        ; 0.138      ; 5.076      ;
; -4.437 ; Uniciclo:UNI1|xregs:Regs1|xreg32[21][3]                                                                                 ; Uniciclo:UNI1|ramD:MemD|altsyncram:altsyncram_component|altsyncram_aos3:auto_generated|ram_block1a27~porta_address_reg0 ; ClockDIV_internal ; CLOCK       ; 0.500        ; 0.152      ; 5.088      ;
; -4.437 ; Uniciclo:UNI1|xregs:Regs1|xreg32[20][1]                                                                                 ; Uniciclo:UNI1|ramD:MemD|altsyncram:altsyncram_component|altsyncram_aos3:auto_generated|ram_block1a18~porta_address_reg0 ; ClockDIV_internal ; CLOCK       ; 0.500        ; 0.153      ; 5.089      ;
; -4.437 ; Uniciclo:UNI1|xregs:Regs1|xreg32[19][0]                                                                                 ; Uniciclo:UNI1|ramD:MemD|altsyncram:altsyncram_component|altsyncram_aos3:auto_generated|ram_block1a27~porta_address_reg0 ; ClockDIV_internal ; CLOCK       ; 0.500        ; 0.127      ; 5.063      ;
; -4.433 ; Uniciclo:UNI1|xregs:Regs1|xreg32[19][2]                                                                                 ; Uniciclo:UNI1|ramD:MemD|altsyncram:altsyncram_component|altsyncram_aos3:auto_generated|ram_block1a27~porta_address_reg0 ; ClockDIV_internal ; CLOCK       ; 0.500        ; 0.158      ; 5.090      ;
; -4.429 ; Uniciclo:UNI1|xregs:Regs1|xreg32[20][1]                                                                                 ; Uniciclo:UNI1|ramD:MemD|altsyncram:altsyncram_component|altsyncram_aos3:auto_generated|ram_block1a0~porta_address_reg0  ; ClockDIV_internal ; CLOCK       ; 0.500        ; 0.146      ; 5.074      ;
; -4.428 ; Uniciclo:UNI1|xregs:Regs1|xreg32[26][3]                                                                                 ; Uniciclo:UNI1|ramD:MemD|altsyncram:altsyncram_component|altsyncram_aos3:auto_generated|ram_block1a27~porta_address_reg0 ; ClockDIV_internal ; CLOCK       ; 0.500        ; 0.129      ; 5.056      ;
; -4.426 ; Uniciclo:UNI1|xregs:Regs1|xreg32[11][1]                                                                                 ; Uniciclo:UNI1|ramD:MemD|altsyncram:altsyncram_component|altsyncram_aos3:auto_generated|ram_block1a27~porta_address_reg0 ; ClockDIV_internal ; CLOCK       ; 0.500        ; 0.144      ; 5.069      ;
; -4.426 ; Uniciclo:UNI1|xregs:Regs1|xreg32[16][2]                                                                                 ; Uniciclo:UNI1|ramD:MemD|altsyncram:altsyncram_component|altsyncram_aos3:auto_generated|ram_block1a0~porta_address_reg0  ; ClockDIV_internal ; CLOCK       ; 0.500        ; 0.138      ; 5.063      ;
; -4.423 ; Uniciclo:UNI1|xregs:Regs1|xreg32[27][0]                                                                                 ; Uniciclo:UNI1|ramD:MemD|altsyncram:altsyncram_component|altsyncram_aos3:auto_generated|ram_block1a9~porta_address_reg0  ; ClockDIV_internal ; CLOCK       ; 0.500        ; 0.136      ; 5.058      ;
; -4.422 ; Uniciclo:UNI1|xregs:Regs1|xreg32[19][4]                                                                                 ; Uniciclo:UNI1|ramD:MemD|altsyncram:altsyncram_component|altsyncram_aos3:auto_generated|ram_block1a18~porta_address_reg0 ; ClockDIV_internal ; CLOCK       ; 0.500        ; 0.136      ; 5.057      ;
; -4.420 ; Uniciclo:UNI1|xregs:Regs1|xreg32[26][0]                                                                                 ; Uniciclo:UNI1|ramD:MemD|altsyncram:altsyncram_component|altsyncram_aos3:auto_generated|ram_block1a18~porta_address_reg0 ; ClockDIV_internal ; CLOCK       ; 0.500        ; 0.146      ; 5.065      ;
; -4.419 ; Uniciclo:UNI1|xregs:Regs1|xreg32[2][2]                                                                                  ; Uniciclo:UNI1|ramD:MemD|altsyncram:altsyncram_component|altsyncram_aos3:auto_generated|ram_block1a9~porta_address_reg0  ; ClockDIV_internal ; CLOCK       ; 0.500        ; 0.135      ; 5.053      ;
; -4.418 ; Uniciclo:UNI1|xregs:Regs1|xreg32[16][2]                                                                                 ; Uniciclo:UNI1|ramD:MemD|altsyncram:altsyncram_component|altsyncram_aos3:auto_generated|ram_block1a18~porta_address_reg0 ; ClockDIV_internal ; CLOCK       ; 0.500        ; 0.145      ; 5.062      ;
; -4.417 ; Uniciclo:UNI1|xregs:Regs1|xreg32[1][1]                                                                                  ; Uniciclo:UNI1|ramD:MemD|altsyncram:altsyncram_component|altsyncram_aos3:auto_generated|ram_block1a27~porta_address_reg0 ; ClockDIV_internal ; CLOCK       ; 0.500        ; 0.156      ; 5.072      ;
; -4.416 ; Uniciclo:UNI1|xregs:Regs1|xreg32[1][0]                                                                                  ; Uniciclo:UNI1|ramD:MemD|altsyncram:altsyncram_component|altsyncram_aos3:auto_generated|ram_block1a9~porta_address_reg0  ; ClockDIV_internal ; CLOCK       ; 0.500        ; 0.139      ; 5.054      ;
; -4.414 ; Uniciclo:UNI1|xregs:Regs1|xreg32[30][0]                                                                                 ; Uniciclo:UNI1|ramD:MemD|altsyncram:altsyncram_component|altsyncram_aos3:auto_generated|ram_block1a9~porta_address_reg0  ; ClockDIV_internal ; CLOCK       ; 0.500        ; -0.069     ; 4.844      ;
; -4.413 ; Uniciclo:UNI1|xregs:Regs1|xreg32[26][0]                                                                                 ; Uniciclo:UNI1|ramD:MemD|altsyncram:altsyncram_component|altsyncram_aos3:auto_generated|ram_block1a0~porta_address_reg0  ; ClockDIV_internal ; CLOCK       ; 0.500        ; 0.139      ; 5.051      ;
; -4.412 ; Uniciclo:UNI1|xregs:Regs1|xreg32[2][3]                                                                                  ; Uniciclo:UNI1|ramD:MemD|altsyncram:altsyncram_component|altsyncram_aos3:auto_generated|ram_block1a27~porta_address_reg0 ; ClockDIV_internal ; CLOCK       ; 0.500        ; 0.132      ; 5.043      ;
; -4.411 ; Uniciclo:UNI1|xregs:Regs1|xreg32[19][0]                                                                                 ; Uniciclo:UNI1|ramD:MemD|altsyncram:altsyncram_component|altsyncram_aos3:auto_generated|ram_block1a0~porta_address_reg0  ; ClockDIV_internal ; CLOCK       ; 0.500        ; 0.130      ; 5.040      ;
; -4.408 ; Uniciclo:UNI1|xregs:Regs1|xreg32[1][4]                                                                                  ; Uniciclo:UNI1|ramD:MemD|altsyncram:altsyncram_component|altsyncram_aos3:auto_generated|ram_block1a27~porta_address_reg0 ; ClockDIV_internal ; CLOCK       ; 0.500        ; 0.136      ; 5.043      ;
; -4.408 ; Uniciclo:UNI1|xregs:Regs1|xreg32[30][10]                                                                                ; Uniciclo:UNI1|ramD:MemD|altsyncram:altsyncram_component|altsyncram_aos3:auto_generated|ram_block1a18~porta_address_reg0 ; ClockDIV_internal ; CLOCK       ; 0.500        ; 0.152      ; 5.059      ;
; -4.403 ; Uniciclo:UNI1|xregs:Regs1|xreg32[17][4]                                                                                 ; Uniciclo:UNI1|ramD:MemD|altsyncram:altsyncram_component|altsyncram_aos3:auto_generated|ram_block1a27~porta_address_reg0 ; ClockDIV_internal ; CLOCK       ; 0.500        ; 0.152      ; 5.054      ;
; -4.403 ; Uniciclo:UNI1|xregs:Regs1|xreg32[19][10]                                                                                ; Uniciclo:UNI1|ramD:MemD|altsyncram:altsyncram_component|altsyncram_aos3:auto_generated|ram_block1a27~porta_address_reg0 ; ClockDIV_internal ; CLOCK       ; 0.500        ; 0.135      ; 5.037      ;
; -4.402 ; Uniciclo:UNI1|xregs:Regs1|xreg32[27][0]                                                                                 ; Uniciclo:UNI1|ramD:MemD|altsyncram:altsyncram_component|altsyncram_aos3:auto_generated|ram_block1a18~porta_address_reg0 ; ClockDIV_internal ; CLOCK       ; 0.500        ; 0.143      ; 5.044      ;
; -4.398 ; Uniciclo:UNI1|xregs:Regs1|xreg32[2][2]                                                                                  ; Uniciclo:UNI1|ramD:MemD|altsyncram:altsyncram_component|altsyncram_aos3:auto_generated|ram_block1a18~porta_address_reg0 ; ClockDIV_internal ; CLOCK       ; 0.500        ; 0.142      ; 5.039      ;
; -4.398 ; Uniciclo:UNI1|xregs:Regs1|xreg32[18][0]                                                                                 ; Uniciclo:UNI1|ramD:MemD|altsyncram:altsyncram_component|altsyncram_aos3:auto_generated|ram_block1a0~porta_address_reg0  ; ClockDIV_internal ; CLOCK       ; 0.500        ; -0.059     ; 4.838      ;
; -4.394 ; Uniciclo:UNI1|xregs:Regs1|xreg32[27][0]                                                                                 ; Uniciclo:UNI1|ramD:MemD|altsyncram:altsyncram_component|altsyncram_aos3:auto_generated|ram_block1a0~porta_address_reg0  ; ClockDIV_internal ; CLOCK       ; 0.500        ; 0.136      ; 5.029      ;
; -4.392 ; Uniciclo:UNI1|xregs:Regs1|xreg32[2][4]                                                                                  ; Uniciclo:UNI1|ramD:MemD|altsyncram:altsyncram_component|altsyncram_aos3:auto_generated|ram_block1a9~porta_address_reg0  ; ClockDIV_internal ; CLOCK       ; 0.500        ; 0.141      ; 5.032      ;
; -4.390 ; Uniciclo:UNI1|xregs:Regs1|xreg32[2][2]                                                                                  ; Uniciclo:UNI1|ramD:MemD|altsyncram:altsyncram_component|altsyncram_aos3:auto_generated|ram_block1a0~porta_address_reg0  ; ClockDIV_internal ; CLOCK       ; 0.500        ; 0.135      ; 5.024      ;
; -4.387 ; Uniciclo:UNI1|xregs:Regs1|xreg32[15][3]                                                                                 ; Uniciclo:UNI1|ramD:MemD|altsyncram:altsyncram_component|altsyncram_aos3:auto_generated|ram_block1a27~porta_address_reg0 ; ClockDIV_internal ; CLOCK       ; 0.500        ; 0.132      ; 5.018      ;
+--------+-------------------------------------------------------------------------------------------------------------------------+-------------------------------------------------------------------------------------------------------------------------+-------------------+-------------+--------------+------------+------------+


+--------------------------------------------------------------------------------------------------------------------------------------------------------+
; Fast 1200mV 0C Model Hold: 'ClockDIV_internal'                                                                                                         ;
+-------+-------------------------------+-------------------------------+-------------------+-------------------+--------------+------------+------------+
; Slack ; From Node                     ; To Node                       ; Launch Clock      ; Latch Clock       ; Relationship ; Clock Skew ; Data Delay ;
+-------+-------------------------------+-------------------------------+-------------------+-------------------+--------------+------------+------------+
; 0.184 ; Uniciclo:UNI1|PC_internal[1]  ; Uniciclo:UNI1|PC_internal[1]  ; ClockDIV_internal ; ClockDIV_internal ; 0.000        ; 0.039      ; 0.307      ;
; 0.184 ; Uniciclo:UNI1|PC_internal[0]  ; Uniciclo:UNI1|PC_internal[0]  ; ClockDIV_internal ; ClockDIV_internal ; 0.000        ; 0.039      ; 0.307      ;
; 0.686 ; Uniciclo:UNI1|PC_internal[31] ; Uniciclo:UNI1|PC_internal[31] ; ClockDIV_internal ; ClockDIV_internal ; 0.000        ; 0.039      ; 0.809      ;
; 0.691 ; Uniciclo:UNI1|PC_internal[20] ; Uniciclo:UNI1|PC_internal[20] ; ClockDIV_internal ; ClockDIV_internal ; 0.000        ; 0.039      ; 0.814      ;
; 0.726 ; Uniciclo:UNI1|PC_internal[26] ; Uniciclo:UNI1|PC_internal[26] ; ClockDIV_internal ; ClockDIV_internal ; 0.000        ; 0.039      ; 0.849      ;
; 0.740 ; Uniciclo:UNI1|PC_internal[23] ; Uniciclo:UNI1|PC_internal[23] ; ClockDIV_internal ; ClockDIV_internal ; 0.000        ; 0.039      ; 0.863      ;
; 0.746 ; Uniciclo:UNI1|PC_internal[18] ; Uniciclo:UNI1|PC_internal[18] ; ClockDIV_internal ; ClockDIV_internal ; 0.000        ; 0.039      ; 0.869      ;
; 0.748 ; Uniciclo:UNI1|PC_internal[30] ; Uniciclo:UNI1|PC_internal[30] ; ClockDIV_internal ; ClockDIV_internal ; 0.000        ; 0.039      ; 0.871      ;
; 0.749 ; Uniciclo:UNI1|PC_internal[15] ; Uniciclo:UNI1|PC_internal[15] ; ClockDIV_internal ; ClockDIV_internal ; 0.000        ; 0.039      ; 0.872      ;
; 0.749 ; Uniciclo:UNI1|PC_internal[16] ; Uniciclo:UNI1|PC_internal[16] ; ClockDIV_internal ; ClockDIV_internal ; 0.000        ; 0.039      ; 0.872      ;
; 0.753 ; Uniciclo:UNI1|PC_internal[14] ; Uniciclo:UNI1|PC_internal[14] ; ClockDIV_internal ; ClockDIV_internal ; 0.000        ; 0.039      ; 0.876      ;
; 0.759 ; Uniciclo:UNI1|PC_internal[12] ; Uniciclo:UNI1|PC_internal[12] ; ClockDIV_internal ; ClockDIV_internal ; 0.000        ; 0.039      ; 0.882      ;
; 0.767 ; Uniciclo:UNI1|PC_internal[21] ; Uniciclo:UNI1|PC_internal[21] ; ClockDIV_internal ; ClockDIV_internal ; 0.000        ; 0.039      ; 0.890      ;
; 0.827 ; Uniciclo:UNI1|PC_internal[25] ; Uniciclo:UNI1|PC_internal[25] ; ClockDIV_internal ; ClockDIV_internal ; 0.000        ; 0.039      ; 0.950      ;
; 0.827 ; Uniciclo:UNI1|PC_internal[30] ; Uniciclo:UNI1|PC_internal[31] ; ClockDIV_internal ; ClockDIV_internal ; 0.000        ; 0.039      ; 0.950      ;
; 0.830 ; Uniciclo:UNI1|PC_internal[14] ; Uniciclo:UNI1|PC_internal[16] ; ClockDIV_internal ; ClockDIV_internal ; 0.000        ; 0.047      ; 0.961      ;
; 0.833 ; Uniciclo:UNI1|PC_internal[18] ; Uniciclo:UNI1|PC_internal[20] ; ClockDIV_internal ; ClockDIV_internal ; 0.000        ; 0.039      ; 0.956      ;
; 0.835 ; Uniciclo:UNI1|PC_internal[14] ; Uniciclo:UNI1|PC_internal[15] ; ClockDIV_internal ; ClockDIV_internal ; 0.000        ; 0.039      ; 0.958      ;
; 0.837 ; Uniciclo:UNI1|PC_internal[20] ; Uniciclo:UNI1|PC_internal[21] ; ClockDIV_internal ; ClockDIV_internal ; 0.000        ; 0.039      ; 0.960      ;
; 0.855 ; Uniciclo:UNI1|PC_internal[13] ; Uniciclo:UNI1|PC_internal[13] ; ClockDIV_internal ; ClockDIV_internal ; 0.000        ; 0.039      ; 0.978      ;
; 0.860 ; Uniciclo:UNI1|PC_internal[27] ; Uniciclo:UNI1|PC_internal[27] ; ClockDIV_internal ; ClockDIV_internal ; 0.000        ; 0.039      ; 0.983      ;
; 0.872 ; Uniciclo:UNI1|PC_internal[17] ; Uniciclo:UNI1|PC_internal[17] ; ClockDIV_internal ; ClockDIV_internal ; 0.000        ; 0.039      ; 0.995      ;
; 0.876 ; Uniciclo:UNI1|PC_internal[8]  ; Uniciclo:UNI1|PC_internal[8]  ; ClockDIV_internal ; ClockDIV_internal ; 0.000        ; 0.038      ; 0.998      ;
; 0.881 ; Uniciclo:UNI1|PC_internal[24] ; Uniciclo:UNI1|PC_internal[24] ; ClockDIV_internal ; ClockDIV_internal ; 0.000        ; 0.039      ; 1.004      ;
; 0.881 ; Uniciclo:UNI1|PC_internal[25] ; Uniciclo:UNI1|PC_internal[26] ; ClockDIV_internal ; ClockDIV_internal ; 0.000        ; 0.039      ; 1.004      ;
; 0.883 ; Uniciclo:UNI1|PC_internal[18] ; Uniciclo:UNI1|PC_internal[21] ; ClockDIV_internal ; ClockDIV_internal ; 0.000        ; 0.039      ; 1.006      ;
; 0.887 ; Uniciclo:UNI1|PC_internal[19] ; Uniciclo:UNI1|PC_internal[19] ; ClockDIV_internal ; ClockDIV_internal ; 0.000        ; 0.039      ; 1.010      ;
; 0.889 ; Uniciclo:UNI1|PC_internal[15] ; Uniciclo:UNI1|PC_internal[16] ; ClockDIV_internal ; ClockDIV_internal ; 0.000        ; 0.047      ; 1.020      ;
; 0.894 ; Uniciclo:UNI1|PC_internal[5]  ; Uniciclo:UNI1|PC_internal[5]  ; ClockDIV_internal ; ClockDIV_internal ; 0.000        ; 0.038      ; 1.016      ;
; 0.899 ; Uniciclo:UNI1|PC_internal[12] ; Uniciclo:UNI1|PC_internal[16] ; ClockDIV_internal ; ClockDIV_internal ; 0.000        ; 0.047      ; 1.030      ;
; 0.904 ; Uniciclo:UNI1|PC_internal[12] ; Uniciclo:UNI1|PC_internal[15] ; ClockDIV_internal ; ClockDIV_internal ; 0.000        ; 0.039      ; 1.027      ;
; 0.915 ; Uniciclo:UNI1|PC_internal[27] ; Uniciclo:UNI1|PC_internal[28] ; ClockDIV_internal ; ClockDIV_internal ; 0.000        ; 0.039      ; 1.038      ;
; 0.916 ; Uniciclo:UNI1|PC_internal[20] ; Uniciclo:UNI1|PC_internal[23] ; ClockDIV_internal ; ClockDIV_internal ; 0.000        ; 0.039      ; 1.039      ;
; 0.916 ; Uniciclo:UNI1|PC_internal[12] ; Uniciclo:UNI1|PC_internal[13] ; ClockDIV_internal ; ClockDIV_internal ; 0.000        ; 0.039      ; 1.039      ;
; 0.918 ; Uniciclo:UNI1|PC_internal[12] ; Uniciclo:UNI1|PC_internal[14] ; ClockDIV_internal ; ClockDIV_internal ; 0.000        ; 0.039      ; 1.041      ;
; 0.932 ; Uniciclo:UNI1|PC_internal[18] ; Uniciclo:UNI1|PC_internal[19] ; ClockDIV_internal ; ClockDIV_internal ; 0.000        ; 0.039      ; 1.055      ;
; 0.933 ; Uniciclo:UNI1|PC_internal[19] ; Uniciclo:UNI1|PC_internal[20] ; ClockDIV_internal ; ClockDIV_internal ; 0.000        ; 0.039      ; 1.056      ;
; 0.940 ; Uniciclo:UNI1|PC_internal[23] ; Uniciclo:UNI1|PC_internal[26] ; ClockDIV_internal ; ClockDIV_internal ; 0.000        ; 0.039      ; 1.063      ;
; 0.944 ; Uniciclo:UNI1|PC_internal[24] ; Uniciclo:UNI1|PC_internal[26] ; ClockDIV_internal ; ClockDIV_internal ; 0.000        ; 0.039      ; 1.067      ;
; 0.952 ; Uniciclo:UNI1|PC_internal[27] ; Uniciclo:UNI1|PC_internal[31] ; ClockDIV_internal ; ClockDIV_internal ; 0.000        ; 0.039      ; 1.075      ;
; 0.961 ; Uniciclo:UNI1|PC_internal[14] ; Uniciclo:UNI1|PC_internal[20] ; ClockDIV_internal ; ClockDIV_internal ; 0.000        ; 0.047      ; 1.092      ;
; 0.962 ; Uniciclo:UNI1|PC_internal[18] ; Uniciclo:UNI1|PC_internal[23] ; ClockDIV_internal ; ClockDIV_internal ; 0.000        ; 0.039      ; 1.085      ;
; 0.969 ; Uniciclo:UNI1|PC_internal[27] ; Uniciclo:UNI1|PC_internal[30] ; ClockDIV_internal ; ClockDIV_internal ; 0.000        ; 0.039      ; 1.092      ;
; 0.970 ; Uniciclo:UNI1|PC_internal[14] ; Uniciclo:UNI1|PC_internal[18] ; ClockDIV_internal ; ClockDIV_internal ; 0.000        ; 0.047      ; 1.101      ;
; 0.971 ; Uniciclo:UNI1|PC_internal[20] ; Uniciclo:UNI1|PC_internal[26] ; ClockDIV_internal ; ClockDIV_internal ; 0.000        ; 0.039      ; 1.094      ;
; 0.973 ; Uniciclo:UNI1|PC_internal[14] ; Uniciclo:UNI1|PC_internal[17] ; ClockDIV_internal ; ClockDIV_internal ; 0.000        ; 0.047      ; 1.104      ;
; 0.973 ; Uniciclo:UNI1|PC_internal[23] ; Uniciclo:UNI1|PC_internal[24] ; ClockDIV_internal ; ClockDIV_internal ; 0.000        ; 0.039      ; 1.096      ;
; 0.976 ; Uniciclo:UNI1|PC_internal[16] ; Uniciclo:UNI1|PC_internal[20] ; ClockDIV_internal ; ClockDIV_internal ; 0.000        ; 0.039      ; 1.099      ;
; 0.982 ; Uniciclo:UNI1|PC_internal[29] ; Uniciclo:UNI1|PC_internal[29] ; ClockDIV_internal ; ClockDIV_internal ; 0.000        ; 0.039      ; 1.105      ;
; 0.983 ; Uniciclo:UNI1|PC_internal[20] ; Uniciclo:UNI1|PC_internal[22] ; ClockDIV_internal ; ClockDIV_internal ; 0.000        ; 0.031      ; 1.098      ;
; 0.983 ; Uniciclo:UNI1|PC_internal[19] ; Uniciclo:UNI1|PC_internal[21] ; ClockDIV_internal ; ClockDIV_internal ; 0.000        ; 0.039      ; 1.106      ;
; 0.983 ; Uniciclo:UNI1|PC_internal[13] ; Uniciclo:UNI1|PC_internal[16] ; ClockDIV_internal ; ClockDIV_internal ; 0.000        ; 0.047      ; 1.114      ;
; 0.985 ; Uniciclo:UNI1|PC_internal[16] ; Uniciclo:UNI1|PC_internal[18] ; ClockDIV_internal ; ClockDIV_internal ; 0.000        ; 0.039      ; 1.108      ;
; 0.988 ; Uniciclo:UNI1|PC_internal[13] ; Uniciclo:UNI1|PC_internal[15] ; ClockDIV_internal ; ClockDIV_internal ; 0.000        ; 0.039      ; 1.111      ;
; 0.988 ; Uniciclo:UNI1|PC_internal[16] ; Uniciclo:UNI1|PC_internal[17] ; ClockDIV_internal ; ClockDIV_internal ; 0.000        ; 0.039      ; 1.111      ;
; 0.991 ; Uniciclo:UNI1|PC_internal[26] ; Uniciclo:UNI1|PC_internal[28] ; ClockDIV_internal ; ClockDIV_internal ; 0.000        ; 0.039      ; 1.114      ;
; 0.991 ; Uniciclo:UNI1|PC_internal[21] ; Uniciclo:UNI1|PC_internal[23] ; ClockDIV_internal ; ClockDIV_internal ; 0.000        ; 0.039      ; 1.114      ;
; 0.993 ; Uniciclo:UNI1|PC_internal[2]  ; Uniciclo:UNI1|PC_internal[2]  ; ClockDIV_internal ; ClockDIV_internal ; 0.000        ; 0.038      ; 1.115      ;
; 1.002 ; Uniciclo:UNI1|PC_internal[13] ; Uniciclo:UNI1|PC_internal[14] ; ClockDIV_internal ; ClockDIV_internal ; 0.000        ; 0.039      ; 1.125      ;
; 1.004 ; Uniciclo:UNI1|PC_internal[20] ; Uniciclo:UNI1|PC_internal[24] ; ClockDIV_internal ; ClockDIV_internal ; 0.000        ; 0.039      ; 1.127      ;
; 1.005 ; Uniciclo:UNI1|PC_internal[17] ; Uniciclo:UNI1|PC_internal[20] ; ClockDIV_internal ; ClockDIV_internal ; 0.000        ; 0.039      ; 1.128      ;
; 1.011 ; Uniciclo:UNI1|PC_internal[14] ; Uniciclo:UNI1|PC_internal[21] ; ClockDIV_internal ; ClockDIV_internal ; 0.000        ; 0.047      ; 1.142      ;
; 1.014 ; Uniciclo:UNI1|PC_internal[17] ; Uniciclo:UNI1|PC_internal[18] ; ClockDIV_internal ; ClockDIV_internal ; 0.000        ; 0.039      ; 1.137      ;
; 1.017 ; Uniciclo:UNI1|PC_internal[18] ; Uniciclo:UNI1|PC_internal[26] ; ClockDIV_internal ; ClockDIV_internal ; 0.000        ; 0.039      ; 1.140      ;
; 1.020 ; Uniciclo:UNI1|PC_internal[15] ; Uniciclo:UNI1|PC_internal[20] ; ClockDIV_internal ; ClockDIV_internal ; 0.000        ; 0.047      ; 1.151      ;
; 1.022 ; Uniciclo:UNI1|PC_internal[1]  ; Uniciclo:UNI1|PC_internal[2]  ; ClockDIV_internal ; ClockDIV_internal ; 0.000        ; 0.038      ; 1.144      ;
; 1.025 ; Uniciclo:UNI1|PC_internal[8]  ; Uniciclo:UNI1|PC_internal[9]  ; ClockDIV_internal ; ClockDIV_internal ; 0.000        ; 0.038      ; 1.147      ;
; 1.026 ; Uniciclo:UNI1|PC_internal[16] ; Uniciclo:UNI1|PC_internal[21] ; ClockDIV_internal ; ClockDIV_internal ; 0.000        ; 0.039      ; 1.149      ;
; 1.028 ; Uniciclo:UNI1|PC_internal[26] ; Uniciclo:UNI1|PC_internal[31] ; ClockDIV_internal ; ClockDIV_internal ; 0.000        ; 0.039      ; 1.151      ;
; 1.029 ; Uniciclo:UNI1|PC_internal[15] ; Uniciclo:UNI1|PC_internal[18] ; ClockDIV_internal ; ClockDIV_internal ; 0.000        ; 0.047      ; 1.160      ;
; 1.029 ; Uniciclo:UNI1|PC_internal[18] ; Uniciclo:UNI1|PC_internal[22] ; ClockDIV_internal ; ClockDIV_internal ; 0.000        ; 0.031      ; 1.144      ;
; 1.030 ; Uniciclo:UNI1|PC_internal[12] ; Uniciclo:UNI1|PC_internal[20] ; ClockDIV_internal ; ClockDIV_internal ; 0.000        ; 0.047      ; 1.161      ;
; 1.031 ; Uniciclo:UNI1|PC_internal[23] ; Uniciclo:UNI1|PC_internal[25] ; ClockDIV_internal ; ClockDIV_internal ; 0.000        ; 0.039      ; 1.154      ;
; 1.031 ; Uniciclo:UNI1|PC_internal[29] ; Uniciclo:UNI1|PC_internal[31] ; ClockDIV_internal ; ClockDIV_internal ; 0.000        ; 0.047      ; 1.162      ;
; 1.032 ; Uniciclo:UNI1|PC_internal[15] ; Uniciclo:UNI1|PC_internal[17] ; ClockDIV_internal ; ClockDIV_internal ; 0.000        ; 0.047      ; 1.163      ;
; 1.035 ; Uniciclo:UNI1|PC_internal[24] ; Uniciclo:UNI1|PC_internal[25] ; ClockDIV_internal ; ClockDIV_internal ; 0.000        ; 0.039      ; 1.158      ;
; 1.036 ; Uniciclo:UNI1|PC_internal[8]  ; Uniciclo:UNI1|PC_internal[10] ; ClockDIV_internal ; ClockDIV_internal ; 0.000        ; 0.038      ; 1.158      ;
; 1.036 ; Uniciclo:UNI1|PC_internal[0]  ; Uniciclo:UNI1|PC_internal[1]  ; ClockDIV_internal ; ClockDIV_internal ; 0.000        ; 0.039      ; 1.159      ;
; 1.036 ; Uniciclo:UNI1|PC_internal[0]  ; Uniciclo:UNI1|PC_internal[2]  ; ClockDIV_internal ; ClockDIV_internal ; 0.000        ; 0.038      ; 1.158      ;
; 1.039 ; Uniciclo:UNI1|PC_internal[12] ; Uniciclo:UNI1|PC_internal[18] ; ClockDIV_internal ; ClockDIV_internal ; 0.000        ; 0.047      ; 1.170      ;
; 1.042 ; Uniciclo:UNI1|PC_internal[12] ; Uniciclo:UNI1|PC_internal[17] ; ClockDIV_internal ; ClockDIV_internal ; 0.000        ; 0.047      ; 1.173      ;
; 1.045 ; Uniciclo:UNI1|PC_internal[1]  ; Uniciclo:UNI1|PC_internal[3]  ; ClockDIV_internal ; ClockDIV_internal ; 0.000        ; 0.235      ; 1.364      ;
; 1.045 ; Uniciclo:UNI1|PC_internal[26] ; Uniciclo:UNI1|PC_internal[30] ; ClockDIV_internal ; ClockDIV_internal ; 0.000        ; 0.039      ; 1.168      ;
; 1.046 ; Uniciclo:UNI1|PC_internal[21] ; Uniciclo:UNI1|PC_internal[26] ; ClockDIV_internal ; ClockDIV_internal ; 0.000        ; 0.039      ; 1.169      ;
; 1.048 ; Uniciclo:UNI1|PC_internal[29] ; Uniciclo:UNI1|PC_internal[30] ; ClockDIV_internal ; ClockDIV_internal ; 0.000        ; 0.047      ; 1.179      ;
; 1.048 ; Uniciclo:UNI1|PC_internal[27] ; Uniciclo:UNI1|PC_internal[29] ; ClockDIV_internal ; ClockDIV_internal ; 0.000        ; 0.031      ; 1.163      ;
; 1.050 ; Uniciclo:UNI1|PC_internal[25] ; Uniciclo:UNI1|PC_internal[28] ; ClockDIV_internal ; ClockDIV_internal ; 0.000        ; 0.039      ; 1.173      ;
; 1.050 ; Uniciclo:UNI1|PC_internal[18] ; Uniciclo:UNI1|PC_internal[24] ; ClockDIV_internal ; ClockDIV_internal ; 0.000        ; 0.039      ; 1.173      ;
; 1.055 ; Uniciclo:UNI1|PC_internal[17] ; Uniciclo:UNI1|PC_internal[21] ; ClockDIV_internal ; ClockDIV_internal ; 0.000        ; 0.039      ; 1.178      ;
; 1.057 ; Uniciclo:UNI1|PC_internal[5]  ; Uniciclo:UNI1|PC_internal[7]  ; ClockDIV_internal ; ClockDIV_internal ; 0.000        ; 0.235      ; 1.376      ;
; 1.058 ; Uniciclo:UNI1|PC_internal[21] ; Uniciclo:UNI1|PC_internal[22] ; ClockDIV_internal ; ClockDIV_internal ; 0.000        ; 0.031      ; 1.173      ;
; 1.059 ; Uniciclo:UNI1|PC_internal[0]  ; Uniciclo:UNI1|PC_internal[3]  ; ClockDIV_internal ; ClockDIV_internal ; 0.000        ; 0.235      ; 1.378      ;
; 1.060 ; Uniciclo:UNI1|PC_internal[14] ; Uniciclo:UNI1|PC_internal[19] ; ClockDIV_internal ; ClockDIV_internal ; 0.000        ; 0.047      ; 1.191      ;
; 1.062 ; Uniciclo:UNI1|PC_internal[19] ; Uniciclo:UNI1|PC_internal[23] ; ClockDIV_internal ; ClockDIV_internal ; 0.000        ; 0.039      ; 1.185      ;
; 1.062 ; Uniciclo:UNI1|PC_internal[20] ; Uniciclo:UNI1|PC_internal[25] ; ClockDIV_internal ; ClockDIV_internal ; 0.000        ; 0.039      ; 1.185      ;
; 1.066 ; Uniciclo:UNI1|PC_internal[1]  ; Uniciclo:UNI1|PC_internal[4]  ; ClockDIV_internal ; ClockDIV_internal ; 0.000        ; 0.235      ; 1.385      ;
; 1.070 ; Uniciclo:UNI1|PC_internal[15] ; Uniciclo:UNI1|PC_internal[21] ; ClockDIV_internal ; ClockDIV_internal ; 0.000        ; 0.047      ; 1.201      ;
; 1.075 ; Uniciclo:UNI1|PC_internal[16] ; Uniciclo:UNI1|PC_internal[19] ; ClockDIV_internal ; ClockDIV_internal ; 0.000        ; 0.039      ; 1.198      ;
; 1.077 ; Uniciclo:UNI1|PC_internal[28] ; Uniciclo:UNI1|PC_internal[30] ; ClockDIV_internal ; ClockDIV_internal ; 0.000        ; 0.039      ; 1.200      ;
; 1.079 ; Uniciclo:UNI1|PC_internal[21] ; Uniciclo:UNI1|PC_internal[24] ; ClockDIV_internal ; ClockDIV_internal ; 0.000        ; 0.039      ; 1.202      ;
+-------+-------------------------------+-------------------------------+-------------------+-------------------+--------------+------------+------------+


+-------------------------------------------------------------------------------------------------------------------------------------------------------------------------------------------------------------------------------------------------------+
; Fast 1200mV 0C Model Hold: 'CLOCK'                                                                                                                                                                                                                    ;
+-------+------------------------------------------+-------------------------------------------------------------------------------------------------------------------------+-------------------+-------------+--------------+------------+------------+
; Slack ; From Node                                ; To Node                                                                                                                 ; Launch Clock      ; Latch Clock ; Relationship ; Clock Skew ; Data Delay ;
+-------+------------------------------------------+-------------------------------------------------------------------------------------------------------------------------+-------------------+-------------+--------------+------------+------------+
; 0.235 ; ClockDIV_internal                        ; ClockDIV_internal                                                                                                       ; ClockDIV_internal ; CLOCK       ; 0.000        ; 1.198      ; 1.652      ;
; 0.748 ; Uniciclo:UNI1|PC_internal[11]            ; Uniciclo:UNI1|ramI:MemC|altsyncram:altsyncram_component|altsyncram_s9s3:auto_generated|ram_block1a27~porta_address_reg0 ; ClockDIV_internal ; CLOCK       ; -0.500       ; 0.257      ; 0.639      ;
; 0.753 ; Uniciclo:UNI1|PC_internal[9]             ; Uniciclo:UNI1|ramI:MemC|altsyncram:altsyncram_component|altsyncram_s9s3:auto_generated|ram_block1a0~porta_address_reg0  ; ClockDIV_internal ; CLOCK       ; -0.500       ; 0.259      ; 0.646      ;
; 0.757 ; Uniciclo:UNI1|PC_internal[8]             ; Uniciclo:UNI1|ramI:MemC|altsyncram:altsyncram_component|altsyncram_s9s3:auto_generated|ram_block1a0~porta_address_reg0  ; ClockDIV_internal ; CLOCK       ; -0.500       ; 0.259      ; 0.650      ;
; 0.758 ; ClockDIV_internal                        ; ClockDIV_internal                                                                                                       ; ClockDIV_internal ; CLOCK       ; -0.500       ; 1.198      ; 1.675      ;
; 0.761 ; Uniciclo:UNI1|PC_internal[9]             ; Uniciclo:UNI1|ramI:MemC|altsyncram:altsyncram_component|altsyncram_s9s3:auto_generated|ram_block1a27~porta_address_reg0 ; ClockDIV_internal ; CLOCK       ; -0.500       ; 0.257      ; 0.652      ;
; 0.769 ; Uniciclo:UNI1|PC_internal[10]            ; Uniciclo:UNI1|ramI:MemC|altsyncram:altsyncram_component|altsyncram_s9s3:auto_generated|ram_block1a0~porta_address_reg0  ; ClockDIV_internal ; CLOCK       ; -0.500       ; 0.259      ; 0.662      ;
; 0.779 ; Uniciclo:UNI1|PC_internal[5]             ; Uniciclo:UNI1|ramI:MemC|altsyncram:altsyncram_component|altsyncram_s9s3:auto_generated|ram_block1a27~porta_address_reg0 ; ClockDIV_internal ; CLOCK       ; -0.500       ; 0.257      ; 0.670      ;
; 0.779 ; Uniciclo:UNI1|PC_internal[8]             ; Uniciclo:UNI1|ramI:MemC|altsyncram:altsyncram_component|altsyncram_s9s3:auto_generated|ram_block1a27~porta_address_reg0 ; ClockDIV_internal ; CLOCK       ; -0.500       ; 0.257      ; 0.670      ;
; 0.826 ; Uniciclo:UNI1|PC_internal[11]            ; Uniciclo:UNI1|ramI:MemC|altsyncram:altsyncram_component|altsyncram_s9s3:auto_generated|ram_block1a0~porta_address_reg0  ; ClockDIV_internal ; CLOCK       ; -0.500       ; 0.259      ; 0.719      ;
; 0.861 ; Uniciclo:UNI1|PC_internal[2]             ; Uniciclo:UNI1|ramI:MemC|altsyncram:altsyncram_component|altsyncram_s9s3:auto_generated|ram_block1a27~porta_address_reg0 ; ClockDIV_internal ; CLOCK       ; -0.500       ; 0.257      ; 0.752      ;
; 0.901 ; Uniciclo:UNI1|PC_internal[10]            ; Uniciclo:UNI1|ramI:MemC|altsyncram:altsyncram_component|altsyncram_s9s3:auto_generated|ram_block1a27~porta_address_reg0 ; ClockDIV_internal ; CLOCK       ; -0.500       ; 0.257      ; 0.792      ;
; 0.901 ; Uniciclo:UNI1|PC_internal[2]             ; Uniciclo:UNI1|ramI:MemC|altsyncram:altsyncram_component|altsyncram_s9s3:auto_generated|ram_block1a0~porta_address_reg0  ; ClockDIV_internal ; CLOCK       ; -0.500       ; 0.259      ; 0.794      ;
; 0.934 ; Uniciclo:UNI1|PC_internal[8]             ; Uniciclo:UNI1|ramI:MemC|altsyncram:altsyncram_component|altsyncram_s9s3:auto_generated|ram_block1a18~porta_address_reg0 ; ClockDIV_internal ; CLOCK       ; -0.500       ; 0.264      ; 0.832      ;
; 0.938 ; Uniciclo:UNI1|PC_internal[5]             ; Uniciclo:UNI1|ramI:MemC|altsyncram:altsyncram_component|altsyncram_s9s3:auto_generated|ram_block1a0~porta_address_reg0  ; ClockDIV_internal ; CLOCK       ; -0.500       ; 0.259      ; 0.831      ;
; 0.943 ; Uniciclo:UNI1|PC_internal[3]             ; Uniciclo:UNI1|ramI:MemC|altsyncram:altsyncram_component|altsyncram_s9s3:auto_generated|ram_block1a27~porta_address_reg0 ; ClockDIV_internal ; CLOCK       ; -0.500       ; 0.069      ; 0.646      ;
; 0.944 ; Uniciclo:UNI1|PC_internal[8]             ; Uniciclo:UNI1|ramI:MemC|altsyncram:altsyncram_component|altsyncram_s9s3:auto_generated|ram_block1a9~porta_address_reg0  ; ClockDIV_internal ; CLOCK       ; -0.500       ; 0.265      ; 0.843      ;
; 0.957 ; Uniciclo:UNI1|PC_internal[7]             ; Uniciclo:UNI1|ramI:MemC|altsyncram:altsyncram_component|altsyncram_s9s3:auto_generated|ram_block1a0~porta_address_reg0  ; ClockDIV_internal ; CLOCK       ; -0.500       ; 0.071      ; 0.662      ;
; 0.959 ; Uniciclo:UNI1|PC_internal[4]             ; Uniciclo:UNI1|ramI:MemC|altsyncram:altsyncram_component|altsyncram_s9s3:auto_generated|ram_block1a27~porta_address_reg0 ; ClockDIV_internal ; CLOCK       ; -0.500       ; 0.069      ; 0.662      ;
; 0.965 ; Uniciclo:UNI1|PC_internal[4]             ; Uniciclo:UNI1|ramI:MemC|altsyncram:altsyncram_component|altsyncram_s9s3:auto_generated|ram_block1a0~porta_address_reg0  ; ClockDIV_internal ; CLOCK       ; -0.500       ; 0.071      ; 0.670      ;
; 0.967 ; Uniciclo:UNI1|PC_internal[11]            ; Uniciclo:UNI1|ramI:MemC|altsyncram:altsyncram_component|altsyncram_s9s3:auto_generated|ram_block1a9~porta_address_reg0  ; ClockDIV_internal ; CLOCK       ; -0.500       ; 0.265      ; 0.866      ;
; 0.967 ; Uniciclo:UNI1|PC_internal[6]             ; Uniciclo:UNI1|ramI:MemC|altsyncram:altsyncram_component|altsyncram_s9s3:auto_generated|ram_block1a27~porta_address_reg0 ; ClockDIV_internal ; CLOCK       ; -0.500       ; 0.069      ; 0.670      ;
; 0.970 ; Uniciclo:UNI1|PC_internal[6]             ; Uniciclo:UNI1|ramI:MemC|altsyncram:altsyncram_component|altsyncram_s9s3:auto_generated|ram_block1a0~porta_address_reg0  ; ClockDIV_internal ; CLOCK       ; -0.500       ; 0.071      ; 0.675      ;
; 0.971 ; Uniciclo:UNI1|PC_internal[9]             ; Uniciclo:UNI1|ramI:MemC|altsyncram:altsyncram_component|altsyncram_s9s3:auto_generated|ram_block1a9~porta_address_reg0  ; ClockDIV_internal ; CLOCK       ; -0.500       ; 0.265      ; 0.870      ;
; 0.973 ; Uniciclo:UNI1|PC_internal[5]             ; Uniciclo:UNI1|ramI:MemC|altsyncram:altsyncram_component|altsyncram_s9s3:auto_generated|ram_block1a9~porta_address_reg0  ; ClockDIV_internal ; CLOCK       ; -0.500       ; 0.265      ; 0.872      ;
; 0.975 ; Uniciclo:UNI1|PC_internal[10]            ; Uniciclo:UNI1|ramI:MemC|altsyncram:altsyncram_component|altsyncram_s9s3:auto_generated|ram_block1a9~porta_address_reg0  ; ClockDIV_internal ; CLOCK       ; -0.500       ; 0.265      ; 0.874      ;
; 1.024 ; Uniciclo:UNI1|PC_internal[4]             ; Uniciclo:UNI1|ramI:MemC|altsyncram:altsyncram_component|altsyncram_s9s3:auto_generated|ram_block1a9~porta_address_reg0  ; ClockDIV_internal ; CLOCK       ; -0.500       ; 0.077      ; 0.735      ;
; 1.025 ; Uniciclo:UNI1|PC_internal[2]             ; Uniciclo:UNI1|ramI:MemC|altsyncram:altsyncram_component|altsyncram_s9s3:auto_generated|ram_block1a9~porta_address_reg0  ; ClockDIV_internal ; CLOCK       ; -0.500       ; 0.265      ; 0.924      ;
; 1.066 ; Uniciclo:UNI1|PC_internal[6]             ; Uniciclo:UNI1|ramI:MemC|altsyncram:altsyncram_component|altsyncram_s9s3:auto_generated|ram_block1a9~porta_address_reg0  ; ClockDIV_internal ; CLOCK       ; -0.500       ; 0.077      ; 0.777      ;
; 1.069 ; Uniciclo:UNI1|PC_internal[7]             ; Uniciclo:UNI1|ramI:MemC|altsyncram:altsyncram_component|altsyncram_s9s3:auto_generated|ram_block1a9~porta_address_reg0  ; ClockDIV_internal ; CLOCK       ; -0.500       ; 0.077      ; 0.780      ;
; 1.070 ; Uniciclo:UNI1|PC_internal[3]             ; Uniciclo:UNI1|ramI:MemC|altsyncram:altsyncram_component|altsyncram_s9s3:auto_generated|ram_block1a18~porta_address_reg0 ; ClockDIV_internal ; CLOCK       ; -0.500       ; 0.076      ; 0.780      ;
; 1.072 ; Uniciclo:UNI1|PC_internal[6]             ; Uniciclo:UNI1|ramI:MemC|altsyncram:altsyncram_component|altsyncram_s9s3:auto_generated|ram_block1a18~porta_address_reg0 ; ClockDIV_internal ; CLOCK       ; -0.500       ; 0.076      ; 0.782      ;
; 1.078 ; Uniciclo:UNI1|PC_internal[3]             ; Uniciclo:UNI1|ramI:MemC|altsyncram:altsyncram_component|altsyncram_s9s3:auto_generated|ram_block1a9~porta_address_reg0  ; ClockDIV_internal ; CLOCK       ; -0.500       ; 0.077      ; 0.789      ;
; 1.090 ; Uniciclo:UNI1|PC_internal[3]             ; Uniciclo:UNI1|ramI:MemC|altsyncram:altsyncram_component|altsyncram_s9s3:auto_generated|ram_block1a0~porta_address_reg0  ; ClockDIV_internal ; CLOCK       ; -0.500       ; 0.071      ; 0.795      ;
; 1.094 ; Uniciclo:UNI1|PC_internal[5]             ; Uniciclo:UNI1|ramI:MemC|altsyncram:altsyncram_component|altsyncram_s9s3:auto_generated|ram_block1a18~porta_address_reg0 ; ClockDIV_internal ; CLOCK       ; -0.500       ; 0.264      ; 0.992      ;
; 1.105 ; Uniciclo:UNI1|PC_internal[7]             ; Uniciclo:UNI1|ramI:MemC|altsyncram:altsyncram_component|altsyncram_s9s3:auto_generated|ram_block1a27~porta_address_reg0 ; ClockDIV_internal ; CLOCK       ; -0.500       ; 0.069      ; 0.808      ;
; 1.116 ; Uniciclo:UNI1|PC_internal[11]            ; Uniciclo:UNI1|ramI:MemC|altsyncram:altsyncram_component|altsyncram_s9s3:auto_generated|ram_block1a18~porta_address_reg0 ; ClockDIV_internal ; CLOCK       ; -0.500       ; 0.264      ; 1.014      ;
; 1.141 ; Uniciclo:UNI1|PC_internal[9]             ; Uniciclo:UNI1|ramI:MemC|altsyncram:altsyncram_component|altsyncram_s9s3:auto_generated|ram_block1a18~porta_address_reg0 ; ClockDIV_internal ; CLOCK       ; -0.500       ; 0.264      ; 1.039      ;
; 1.154 ; Uniciclo:UNI1|PC_internal[10]            ; Uniciclo:UNI1|ramI:MemC|altsyncram:altsyncram_component|altsyncram_s9s3:auto_generated|ram_block1a18~porta_address_reg0 ; ClockDIV_internal ; CLOCK       ; -0.500       ; 0.264      ; 1.052      ;
; 1.166 ; Uniciclo:UNI1|PC_internal[4]             ; Uniciclo:UNI1|ramI:MemC|altsyncram:altsyncram_component|altsyncram_s9s3:auto_generated|ram_block1a18~porta_address_reg0 ; ClockDIV_internal ; CLOCK       ; -0.500       ; 0.076      ; 0.876      ;
; 1.181 ; Uniciclo:UNI1|PC_internal[2]             ; Uniciclo:UNI1|ramI:MemC|altsyncram:altsyncram_component|altsyncram_s9s3:auto_generated|ram_block1a18~porta_address_reg0 ; ClockDIV_internal ; CLOCK       ; -0.500       ; 0.264      ; 1.079      ;
; 1.227 ; Uniciclo:UNI1|PC_internal[7]             ; Uniciclo:UNI1|ramI:MemC|altsyncram:altsyncram_component|altsyncram_s9s3:auto_generated|ram_block1a18~porta_address_reg0 ; ClockDIV_internal ; CLOCK       ; -0.500       ; 0.076      ; 0.937      ;
; 1.243 ; Uniciclo:UNI1|xregs:Regs1|xreg32[3][4]   ; Uniciclo:UNI1|ramD:MemD|altsyncram:altsyncram_component|altsyncram_aos3:auto_generated|ram_block1a0~porta_datain_reg0   ; ClockDIV_internal ; CLOCK       ; -0.500       ; 0.252      ; 1.129      ;
; 1.272 ; Uniciclo:UNI1|xregs:Regs1|xreg32[14][11] ; Uniciclo:UNI1|ramD:MemD|altsyncram:altsyncram_component|altsyncram_aos3:auto_generated|ram_block1a9~porta_address_reg0  ; ClockDIV_internal ; CLOCK       ; -0.500       ; 0.246      ; 1.152      ;
; 1.352 ; Uniciclo:UNI1|xregs:Regs1|xreg32[13][4]  ; Uniciclo:UNI1|ramD:MemD|altsyncram:altsyncram_component|altsyncram_aos3:auto_generated|ram_block1a0~porta_datain_reg0   ; ClockDIV_internal ; CLOCK       ; -0.500       ; 0.256      ; 1.242      ;
; 1.373 ; Uniciclo:UNI1|xregs:Regs1|xreg32[15][11] ; Uniciclo:UNI1|ramD:MemD|altsyncram:altsyncram_component|altsyncram_aos3:auto_generated|ram_block1a9~porta_address_reg0  ; ClockDIV_internal ; CLOCK       ; -0.500       ; 0.246      ; 1.253      ;
; 1.405 ; Uniciclo:UNI1|xregs:Regs1|xreg32[11][11] ; Uniciclo:UNI1|ramD:MemD|altsyncram:altsyncram_component|altsyncram_aos3:auto_generated|ram_block1a9~porta_address_reg0  ; ClockDIV_internal ; CLOCK       ; -0.500       ; 0.246      ; 1.285      ;
; 1.419 ; Uniciclo:UNI1|xregs:Regs1|xreg32[12][5]  ; Uniciclo:UNI1|ramD:MemD|altsyncram:altsyncram_component|altsyncram_aos3:auto_generated|ram_block1a0~porta_datain_reg0   ; ClockDIV_internal ; CLOCK       ; -0.500       ; 0.256      ; 1.309      ;
; 1.419 ; Uniciclo:UNI1|xregs:Regs1|xreg32[14][11] ; Uniciclo:UNI1|ramD:MemD|altsyncram:altsyncram_component|altsyncram_aos3:auto_generated|ram_block1a18~porta_address_reg0 ; ClockDIV_internal ; CLOCK       ; -0.500       ; 0.253      ; 1.306      ;
; 1.438 ; Uniciclo:UNI1|xregs:Regs1|xreg32[13][2]  ; Uniciclo:UNI1|ramD:MemD|altsyncram:altsyncram_component|altsyncram_aos3:auto_generated|ram_block1a0~porta_datain_reg0   ; ClockDIV_internal ; CLOCK       ; -0.500       ; 0.256      ; 1.328      ;
; 1.450 ; Uniciclo:UNI1|xregs:Regs1|xreg32[14][11] ; Uniciclo:UNI1|ramD:MemD|altsyncram:altsyncram_component|altsyncram_aos3:auto_generated|ram_block1a0~porta_address_reg0  ; ClockDIV_internal ; CLOCK       ; -0.500       ; 0.246      ; 1.330      ;
; 1.465 ; Uniciclo:UNI1|xregs:Regs1|xreg32[14][11] ; Uniciclo:UNI1|ramD:MemD|altsyncram:altsyncram_component|altsyncram_aos3:auto_generated|ram_block1a27~porta_address_reg0 ; ClockDIV_internal ; CLOCK       ; -0.500       ; 0.243      ; 1.342      ;
; 1.474 ; Uniciclo:UNI1|xregs:Regs1|xreg32[23][14] ; Uniciclo:UNI1|ramD:MemD|altsyncram:altsyncram_component|altsyncram_aos3:auto_generated|ram_block1a9~porta_datain_reg0   ; ClockDIV_internal ; CLOCK       ; -0.500       ; 0.271      ; 1.379      ;
; 1.481 ; Uniciclo:UNI1|xregs:Regs1|xreg32[3][0]   ; Uniciclo:UNI1|ramD:MemD|altsyncram:altsyncram_component|altsyncram_aos3:auto_generated|ram_block1a0~porta_datain_reg0   ; ClockDIV_internal ; CLOCK       ; -0.500       ; 0.252      ; 1.367      ;
; 1.489 ; Uniciclo:UNI1|xregs:Regs1|xreg32[23][12] ; Uniciclo:UNI1|ramD:MemD|altsyncram:altsyncram_component|altsyncram_aos3:auto_generated|ram_block1a9~porta_datain_reg0   ; ClockDIV_internal ; CLOCK       ; -0.500       ; 0.271      ; 1.394      ;
; 1.504 ; Uniciclo:UNI1|xregs:Regs1|xreg32[30][9]  ; Uniciclo:UNI1|ramD:MemD|altsyncram:altsyncram_component|altsyncram_aos3:auto_generated|ram_block1a9~porta_datain_reg0   ; ClockDIV_internal ; CLOCK       ; -0.500       ; 0.262      ; 1.400      ;
; 1.510 ; Uniciclo:UNI1|xregs:Regs1|xreg32[7][19]  ; Uniciclo:UNI1|ramD:MemD|altsyncram:altsyncram_component|altsyncram_aos3:auto_generated|ram_block1a18~porta_datain_reg0  ; ClockDIV_internal ; CLOCK       ; -0.500       ; 0.272      ; 1.416      ;
; 1.520 ; Uniciclo:UNI1|xregs:Regs1|xreg32[15][11] ; Uniciclo:UNI1|ramD:MemD|altsyncram:altsyncram_component|altsyncram_aos3:auto_generated|ram_block1a18~porta_address_reg0 ; ClockDIV_internal ; CLOCK       ; -0.500       ; 0.253      ; 1.407      ;
; 1.520 ; Uniciclo:UNI1|xregs:Regs1|xreg32[29][19] ; Uniciclo:UNI1|ramD:MemD|altsyncram:altsyncram_component|altsyncram_aos3:auto_generated|ram_block1a18~porta_datain_reg0  ; ClockDIV_internal ; CLOCK       ; -0.500       ; 0.267      ; 1.421      ;
; 1.532 ; Uniciclo:UNI1|xregs:Regs1|xreg32[29][7]  ; Uniciclo:UNI1|ramD:MemD|altsyncram:altsyncram_component|altsyncram_aos3:auto_generated|ram_block1a0~porta_datain_reg0   ; ClockDIV_internal ; CLOCK       ; -0.500       ; 0.264      ; 1.430      ;
; 1.538 ; Uniciclo:UNI1|xregs:Regs1|xreg32[25][4]  ; Uniciclo:UNI1|ramD:MemD|altsyncram:altsyncram_component|altsyncram_aos3:auto_generated|ram_block1a0~porta_datain_reg0   ; ClockDIV_internal ; CLOCK       ; -0.500       ; 0.262      ; 1.434      ;
; 1.551 ; Uniciclo:UNI1|xregs:Regs1|xreg32[13][29] ; Uniciclo:UNI1|ramD:MemD|altsyncram:altsyncram_component|altsyncram_aos3:auto_generated|ram_block1a27~porta_datain_reg0  ; ClockDIV_internal ; CLOCK       ; -0.500       ; 0.269      ; 1.454      ;
; 1.551 ; Uniciclo:UNI1|xregs:Regs1|xreg32[15][11] ; Uniciclo:UNI1|ramD:MemD|altsyncram:altsyncram_component|altsyncram_aos3:auto_generated|ram_block1a0~porta_address_reg0  ; ClockDIV_internal ; CLOCK       ; -0.500       ; 0.246      ; 1.431      ;
; 1.552 ; Uniciclo:UNI1|xregs:Regs1|xreg32[11][11] ; Uniciclo:UNI1|ramD:MemD|altsyncram:altsyncram_component|altsyncram_aos3:auto_generated|ram_block1a18~porta_address_reg0 ; ClockDIV_internal ; CLOCK       ; -0.500       ; 0.253      ; 1.439      ;
; 1.560 ; Uniciclo:UNI1|xregs:Regs1|xreg32[7][17]  ; Uniciclo:UNI1|ramD:MemD|altsyncram:altsyncram_component|altsyncram_aos3:auto_generated|ram_block1a9~porta_datain_reg0   ; ClockDIV_internal ; CLOCK       ; -0.500       ; 0.263      ; 1.457      ;
; 1.566 ; Uniciclo:UNI1|xregs:Regs1|xreg32[7][5]   ; Uniciclo:UNI1|ramD:MemD|altsyncram:altsyncram_component|altsyncram_aos3:auto_generated|ram_block1a0~porta_datain_reg0   ; ClockDIV_internal ; CLOCK       ; -0.500       ; 0.255      ; 1.455      ;
; 1.566 ; Uniciclo:UNI1|xregs:Regs1|xreg32[15][11] ; Uniciclo:UNI1|ramD:MemD|altsyncram:altsyncram_component|altsyncram_aos3:auto_generated|ram_block1a27~porta_address_reg0 ; ClockDIV_internal ; CLOCK       ; -0.500       ; 0.243      ; 1.443      ;
; 1.575 ; Uniciclo:UNI1|xregs:Regs1|xreg32[15][10] ; Uniciclo:UNI1|ramD:MemD|altsyncram:altsyncram_component|altsyncram_aos3:auto_generated|ram_block1a9~porta_address_reg0  ; ClockDIV_internal ; CLOCK       ; -0.500       ; 0.250      ; 1.459      ;
; 1.579 ; Uniciclo:UNI1|xregs:Regs1|xreg32[15][10] ; Uniciclo:UNI1|ramD:MemD|altsyncram:altsyncram_component|altsyncram_aos3:auto_generated|ram_block1a18~porta_address_reg0 ; ClockDIV_internal ; CLOCK       ; -0.500       ; 0.257      ; 1.470      ;
; 1.583 ; Uniciclo:UNI1|xregs:Regs1|xreg32[11][11] ; Uniciclo:UNI1|ramD:MemD|altsyncram:altsyncram_component|altsyncram_aos3:auto_generated|ram_block1a0~porta_address_reg0  ; ClockDIV_internal ; CLOCK       ; -0.500       ; 0.246      ; 1.463      ;
; 1.584 ; Uniciclo:UNI1|xregs:Regs1|xreg32[13][0]  ; Uniciclo:UNI1|ramD:MemD|altsyncram:altsyncram_component|altsyncram_aos3:auto_generated|ram_block1a0~porta_datain_reg0   ; ClockDIV_internal ; CLOCK       ; -0.500       ; 0.272      ; 1.490      ;
; 1.588 ; Uniciclo:UNI1|xregs:Regs1|xreg32[19][23] ; Uniciclo:UNI1|ramD:MemD|altsyncram:altsyncram_component|altsyncram_aos3:auto_generated|ram_block1a18~porta_datain_reg0  ; ClockDIV_internal ; CLOCK       ; -0.500       ; 0.274      ; 1.496      ;
; 1.589 ; Uniciclo:UNI1|xregs:Regs1|xreg32[29][14] ; Uniciclo:UNI1|ramD:MemD|altsyncram:altsyncram_component|altsyncram_aos3:auto_generated|ram_block1a9~porta_datain_reg0   ; ClockDIV_internal ; CLOCK       ; -0.500       ; 0.260      ; 1.483      ;
; 1.589 ; Uniciclo:UNI1|xregs:Regs1|xreg32[12][19] ; Uniciclo:UNI1|ramD:MemD|altsyncram:altsyncram_component|altsyncram_aos3:auto_generated|ram_block1a18~porta_datain_reg0  ; ClockDIV_internal ; CLOCK       ; -0.500       ; 0.061      ; 1.284      ;
; 1.592 ; Uniciclo:UNI1|xregs:Regs1|xreg32[29][6]  ; Uniciclo:UNI1|ramD:MemD|altsyncram:altsyncram_component|altsyncram_aos3:auto_generated|ram_block1a0~porta_datain_reg0   ; ClockDIV_internal ; CLOCK       ; -0.500       ; 0.260      ; 1.486      ;
; 1.592 ; Uniciclo:UNI1|xregs:Regs1|xreg32[13][21] ; Uniciclo:UNI1|ramD:MemD|altsyncram:altsyncram_component|altsyncram_aos3:auto_generated|ram_block1a18~porta_datain_reg0  ; ClockDIV_internal ; CLOCK       ; -0.500       ; 0.269      ; 1.495      ;
; 1.595 ; Uniciclo:UNI1|xregs:Regs1|xreg32[29][12] ; Uniciclo:UNI1|ramD:MemD|altsyncram:altsyncram_component|altsyncram_aos3:auto_generated|ram_block1a9~porta_datain_reg0   ; ClockDIV_internal ; CLOCK       ; -0.500       ; 0.270      ; 1.499      ;
; 1.595 ; Uniciclo:UNI1|xregs:Regs1|xreg32[12][17] ; Uniciclo:UNI1|ramD:MemD|altsyncram:altsyncram_component|altsyncram_aos3:auto_generated|ram_block1a9~porta_datain_reg0   ; ClockDIV_internal ; CLOCK       ; -0.500       ; 0.265      ; 1.494      ;
; 1.596 ; Uniciclo:UNI1|xregs:Regs1|xreg32[25][26] ; Uniciclo:UNI1|ramD:MemD|altsyncram:altsyncram_component|altsyncram_aos3:auto_generated|ram_block1a18~porta_datain_reg0  ; ClockDIV_internal ; CLOCK       ; -0.500       ; 0.053      ; 1.283      ;
; 1.596 ; Uniciclo:UNI1|xregs:Regs1|xreg32[7][4]   ; Uniciclo:UNI1|ramD:MemD|altsyncram:altsyncram_component|altsyncram_aos3:auto_generated|ram_block1a0~porta_datain_reg0   ; ClockDIV_internal ; CLOCK       ; -0.500       ; 0.253      ; 1.483      ;
; 1.596 ; Uniciclo:UNI1|xregs:Regs1|xreg32[14][10] ; Uniciclo:UNI1|ramD:MemD|altsyncram:altsyncram_component|altsyncram_aos3:auto_generated|ram_block1a9~porta_address_reg0  ; ClockDIV_internal ; CLOCK       ; -0.500       ; 0.250      ; 1.480      ;
; 1.596 ; Uniciclo:UNI1|xregs:Regs1|xreg32[15][23] ; Uniciclo:UNI1|ramD:MemD|altsyncram:altsyncram_component|altsyncram_aos3:auto_generated|ram_block1a18~porta_datain_reg0  ; ClockDIV_internal ; CLOCK       ; -0.500       ; 0.273      ; 1.503      ;
; 1.598 ; Uniciclo:UNI1|xregs:Regs1|xreg32[11][11] ; Uniciclo:UNI1|ramD:MemD|altsyncram:altsyncram_component|altsyncram_aos3:auto_generated|ram_block1a27~porta_address_reg0 ; ClockDIV_internal ; CLOCK       ; -0.500       ; 0.243      ; 1.475      ;
; 1.599 ; Uniciclo:UNI1|xregs:Regs1|xreg32[15][17] ; Uniciclo:UNI1|ramD:MemD|altsyncram:altsyncram_component|altsyncram_aos3:auto_generated|ram_block1a9~porta_datain_reg0   ; ClockDIV_internal ; CLOCK       ; -0.500       ; 0.254      ; 1.487      ;
; 1.600 ; Uniciclo:UNI1|xregs:Regs1|xreg32[14][10] ; Uniciclo:UNI1|ramD:MemD|altsyncram:altsyncram_component|altsyncram_aos3:auto_generated|ram_block1a18~porta_address_reg0 ; ClockDIV_internal ; CLOCK       ; -0.500       ; 0.257      ; 1.491      ;
; 1.603 ; Uniciclo:UNI1|xregs:Regs1|xreg32[13][19] ; Uniciclo:UNI1|ramD:MemD|altsyncram:altsyncram_component|altsyncram_aos3:auto_generated|ram_block1a18~porta_datain_reg0  ; ClockDIV_internal ; CLOCK       ; -0.500       ; 0.035      ; 1.272      ;
; 1.609 ; Uniciclo:UNI1|xregs:Regs1|xreg32[4][4]   ; Uniciclo:UNI1|ramD:MemD|altsyncram:altsyncram_component|altsyncram_aos3:auto_generated|ram_block1a0~porta_datain_reg0   ; ClockDIV_internal ; CLOCK       ; -0.500       ; 0.263      ; 1.506      ;
; 1.610 ; Uniciclo:UNI1|xregs:Regs1|xreg32[29][4]  ; Uniciclo:UNI1|ramD:MemD|altsyncram:altsyncram_component|altsyncram_aos3:auto_generated|ram_block1a0~porta_datain_reg0   ; ClockDIV_internal ; CLOCK       ; -0.500       ; 0.260      ; 1.504      ;
; 1.614 ; Uniciclo:UNI1|xregs:Regs1|xreg32[14][8]  ; Uniciclo:UNI1|ramD:MemD|altsyncram:altsyncram_component|altsyncram_aos3:auto_generated|ram_block1a0~porta_datain_reg0   ; ClockDIV_internal ; CLOCK       ; -0.500       ; 0.263      ; 1.511      ;
; 1.621 ; Uniciclo:UNI1|xregs:Regs1|xreg32[13][14] ; Uniciclo:UNI1|ramD:MemD|altsyncram:altsyncram_component|altsyncram_aos3:auto_generated|ram_block1a9~porta_datain_reg0   ; ClockDIV_internal ; CLOCK       ; -0.500       ; 0.070      ; 1.325      ;
; 1.629 ; Uniciclo:UNI1|xregs:Regs1|xreg32[13][26] ; Uniciclo:UNI1|ramD:MemD|altsyncram:altsyncram_component|altsyncram_aos3:auto_generated|ram_block1a18~porta_datain_reg0  ; ClockDIV_internal ; CLOCK       ; -0.500       ; 0.279      ; 1.542      ;
; 1.633 ; Uniciclo:UNI1|xregs:Regs1|xreg32[15][24] ; Uniciclo:UNI1|ramD:MemD|altsyncram:altsyncram_component|altsyncram_aos3:auto_generated|ram_block1a18~porta_datain_reg0  ; ClockDIV_internal ; CLOCK       ; -0.500       ; 0.069      ; 1.336      ;
; 1.644 ; Uniciclo:UNI1|xregs:Regs1|xreg32[7][22]  ; Uniciclo:UNI1|ramD:MemD|altsyncram:altsyncram_component|altsyncram_aos3:auto_generated|ram_block1a18~porta_datain_reg0  ; ClockDIV_internal ; CLOCK       ; -0.500       ; 0.057      ; 1.335      ;
; 1.645 ; Uniciclo:UNI1|xregs:Regs1|xreg32[25][8]  ; Uniciclo:UNI1|ramD:MemD|altsyncram:altsyncram_component|altsyncram_aos3:auto_generated|ram_block1a0~porta_datain_reg0   ; ClockDIV_internal ; CLOCK       ; -0.500       ; 0.262      ; 1.541      ;
; 1.646 ; Uniciclo:UNI1|xregs:Regs1|xreg32[25][12] ; Uniciclo:UNI1|ramD:MemD|altsyncram:altsyncram_component|altsyncram_aos3:auto_generated|ram_block1a9~porta_datain_reg0   ; ClockDIV_internal ; CLOCK       ; -0.500       ; 0.267      ; 1.547      ;
; 1.648 ; Uniciclo:UNI1|xregs:Regs1|xreg32[12][7]  ; Uniciclo:UNI1|ramD:MemD|altsyncram:altsyncram_component|altsyncram_aos3:auto_generated|ram_block1a0~porta_datain_reg0   ; ClockDIV_internal ; CLOCK       ; -0.500       ; 0.258      ; 1.540      ;
; 1.650 ; Uniciclo:UNI1|xregs:Regs1|xreg32[13][28] ; Uniciclo:UNI1|ramD:MemD|altsyncram:altsyncram_component|altsyncram_aos3:auto_generated|ram_block1a27~porta_datain_reg0  ; ClockDIV_internal ; CLOCK       ; -0.500       ; 0.269      ; 1.553      ;
; 1.659 ; Uniciclo:UNI1|xregs:Regs1|xreg32[8][2]   ; Uniciclo:UNI1|ramD:MemD|altsyncram:altsyncram_component|altsyncram_aos3:auto_generated|ram_block1a0~porta_datain_reg0   ; ClockDIV_internal ; CLOCK       ; -0.500       ; 0.257      ; 1.550      ;
; 1.660 ; Uniciclo:UNI1|xregs:Regs1|xreg32[13][25] ; Uniciclo:UNI1|ramD:MemD|altsyncram:altsyncram_component|altsyncram_aos3:auto_generated|ram_block1a18~porta_datain_reg0  ; ClockDIV_internal ; CLOCK       ; -0.500       ; 0.279      ; 1.573      ;
; 1.661 ; Uniciclo:UNI1|xregs:Regs1|xreg32[7][11]  ; Uniciclo:UNI1|ramD:MemD|altsyncram:altsyncram_component|altsyncram_aos3:auto_generated|ram_block1a9~porta_datain_reg0   ; ClockDIV_internal ; CLOCK       ; -0.500       ; 0.263      ; 1.558      ;
+-------+------------------------------------------+-------------------------------------------------------------------------------------------------------------------------+-------------------+-------------+--------------+------------+------------+


----------------------------------------------
; Fast 1200mV 0C Model Metastability Summary ;
----------------------------------------------
No synchronizer chains to report.


+------------------------------------------------------------------------------------+
; Multicorner Timing Analysis Summary                                                ;
+--------------------+------------+-------+----------+---------+---------------------+
; Clock              ; Setup      ; Hold  ; Recovery ; Removal ; Minimum Pulse Width ;
+--------------------+------------+-------+----------+---------+---------------------+
; Worst-case Slack   ; -14.326    ; 0.184 ; N/A      ; N/A     ; -3.000              ;
;  CLOCK             ; -10.968    ; 0.235 ; N/A      ; N/A     ; -3.000              ;
;  ClockDIV_internal ; -14.326    ; 0.184 ; N/A      ; N/A     ; -1.000              ;
; Design-wide TNS    ; -13395.654 ; 0.0   ; 0.0      ; 0.0     ; -1071.48            ;
;  CLOCK             ; -97.540    ; 0.000 ; N/A      ; N/A     ; -47.480             ;
;  ClockDIV_internal ; -13298.114 ; 0.000 ; N/A      ; N/A     ; -1024.000           ;
+--------------------+------------+-------+----------+---------+---------------------+


+------------------------------------------------------------------------------------------------------------------------------------------------------------------------------------------------------------------------------------------------------------------------------------------------------------------------------------------------------------------------------------------------------------------+
; Board Trace Model Assignments                                                                                                                                                                                                                                                                                                                                                                                    ;
+---------------+--------------+-------------------+-------------------------+-------------------------+---------------+---------------------+----------------+------------------+--------+------------------+------------------------+------------------------+--------------+---------------+-----------------+-------+---------------------+--------------------+---------------+-----------------+-------------+
; Pin           ; I/O Standard ; Near Tline Length ; Near Tline L per Length ; Near Tline C per Length ; Near Series R ; Near Differential R ; Near Pull-up R ; Near Pull-down R ; Near C ; Far Tline Length ; Far Tline L per Length ; Far Tline C per Length ; Far Series R ; Far Pull-up R ; Far Pull-down R ; Far C ; Termination Voltage ; Far Differential R ; EBD File Name ; EBD Signal Name ; EBD Far-end ;
+---------------+--------------+-------------------+-------------------------+-------------------------+---------------+---------------------+----------------+------------------+--------+------------------+------------------------+------------------------+--------------+---------------+-----------------+-------+---------------------+--------------------+---------------+-----------------+-------------+
; ClockDIV      ; 2.5 V        ; 0 in              ; 0 H/in                  ; 0 F/in                  ; short         ; -                   ; open           ; open             ; open   ; 0 in             ; 0 H/in                 ; 0 F/in                 ; short        ; open          ; open            ; open  ; 0 V                 ; -                  ; n/a           ; n/a             ; n/a         ;
; PC[0]         ; 2.5 V        ; 0 in              ; 0 H/in                  ; 0 F/in                  ; short         ; -                   ; open           ; open             ; open   ; 0 in             ; 0 H/in                 ; 0 F/in                 ; short        ; open          ; open            ; open  ; 0 V                 ; -                  ; n/a           ; n/a             ; n/a         ;
; PC[1]         ; 2.5 V        ; 0 in              ; 0 H/in                  ; 0 F/in                  ; short         ; -                   ; open           ; open             ; open   ; 0 in             ; 0 H/in                 ; 0 F/in                 ; short        ; open          ; open            ; open  ; 0 V                 ; -                  ; n/a           ; n/a             ; n/a         ;
; PC[2]         ; 2.5 V        ; 0 in              ; 0 H/in                  ; 0 F/in                  ; short         ; -                   ; open           ; open             ; open   ; 0 in             ; 0 H/in                 ; 0 F/in                 ; short        ; open          ; open            ; open  ; 0 V                 ; -                  ; n/a           ; n/a             ; n/a         ;
; PC[3]         ; 2.5 V        ; 0 in              ; 0 H/in                  ; 0 F/in                  ; short         ; -                   ; open           ; open             ; open   ; 0 in             ; 0 H/in                 ; 0 F/in                 ; short        ; open          ; open            ; open  ; 0 V                 ; -                  ; n/a           ; n/a             ; n/a         ;
; PC[4]         ; 2.5 V        ; 0 in              ; 0 H/in                  ; 0 F/in                  ; short         ; -                   ; open           ; open             ; open   ; 0 in             ; 0 H/in                 ; 0 F/in                 ; short        ; open          ; open            ; open  ; 0 V                 ; -                  ; n/a           ; n/a             ; n/a         ;
; PC[5]         ; 2.5 V        ; 0 in              ; 0 H/in                  ; 0 F/in                  ; short         ; -                   ; open           ; open             ; open   ; 0 in             ; 0 H/in                 ; 0 F/in                 ; short        ; open          ; open            ; open  ; 0 V                 ; -                  ; n/a           ; n/a             ; n/a         ;
; PC[6]         ; 2.5 V        ; 0 in              ; 0 H/in                  ; 0 F/in                  ; short         ; -                   ; open           ; open             ; open   ; 0 in             ; 0 H/in                 ; 0 F/in                 ; short        ; open          ; open            ; open  ; 0 V                 ; -                  ; n/a           ; n/a             ; n/a         ;
; PC[7]         ; 2.5 V        ; 0 in              ; 0 H/in                  ; 0 F/in                  ; short         ; -                   ; open           ; open             ; open   ; 0 in             ; 0 H/in                 ; 0 F/in                 ; short        ; open          ; open            ; open  ; 0 V                 ; -                  ; n/a           ; n/a             ; n/a         ;
; PC[8]         ; 2.5 V        ; 0 in              ; 0 H/in                  ; 0 F/in                  ; short         ; -                   ; open           ; open             ; open   ; 0 in             ; 0 H/in                 ; 0 F/in                 ; short        ; open          ; open            ; open  ; 0 V                 ; -                  ; n/a           ; n/a             ; n/a         ;
; PC[9]         ; 2.5 V        ; 0 in              ; 0 H/in                  ; 0 F/in                  ; short         ; -                   ; open           ; open             ; open   ; 0 in             ; 0 H/in                 ; 0 F/in                 ; short        ; open          ; open            ; open  ; 0 V                 ; -                  ; n/a           ; n/a             ; n/a         ;
; PC[10]        ; 2.5 V        ; 0 in              ; 0 H/in                  ; 0 F/in                  ; short         ; -                   ; open           ; open             ; open   ; 0 in             ; 0 H/in                 ; 0 F/in                 ; short        ; open          ; open            ; open  ; 0 V                 ; -                  ; n/a           ; n/a             ; n/a         ;
; PC[11]        ; 2.5 V        ; 0 in              ; 0 H/in                  ; 0 F/in                  ; short         ; -                   ; open           ; open             ; open   ; 0 in             ; 0 H/in                 ; 0 F/in                 ; short        ; open          ; open            ; open  ; 0 V                 ; -                  ; n/a           ; n/a             ; n/a         ;
; PC[12]        ; 2.5 V        ; 0 in              ; 0 H/in                  ; 0 F/in                  ; short         ; -                   ; open           ; open             ; open   ; 0 in             ; 0 H/in                 ; 0 F/in                 ; short        ; open          ; open            ; open  ; 0 V                 ; -                  ; n/a           ; n/a             ; n/a         ;
; PC[13]        ; 2.5 V        ; 0 in              ; 0 H/in                  ; 0 F/in                  ; short         ; -                   ; open           ; open             ; open   ; 0 in             ; 0 H/in                 ; 0 F/in                 ; short        ; open          ; open            ; open  ; 0 V                 ; -                  ; n/a           ; n/a             ; n/a         ;
; PC[14]        ; 2.5 V        ; 0 in              ; 0 H/in                  ; 0 F/in                  ; short         ; -                   ; open           ; open             ; open   ; 0 in             ; 0 H/in                 ; 0 F/in                 ; short        ; open          ; open            ; open  ; 0 V                 ; -                  ; n/a           ; n/a             ; n/a         ;
; PC[15]        ; 2.5 V        ; 0 in              ; 0 H/in                  ; 0 F/in                  ; short         ; -                   ; open           ; open             ; open   ; 0 in             ; 0 H/in                 ; 0 F/in                 ; short        ; open          ; open            ; open  ; 0 V                 ; -                  ; n/a           ; n/a             ; n/a         ;
; PC[16]        ; 2.5 V        ; 0 in              ; 0 H/in                  ; 0 F/in                  ; short         ; -                   ; open           ; open             ; open   ; 0 in             ; 0 H/in                 ; 0 F/in                 ; short        ; open          ; open            ; open  ; 0 V                 ; -                  ; n/a           ; n/a             ; n/a         ;
; PC[17]        ; 2.5 V        ; 0 in              ; 0 H/in                  ; 0 F/in                  ; short         ; -                   ; open           ; open             ; open   ; 0 in             ; 0 H/in                 ; 0 F/in                 ; short        ; open          ; open            ; open  ; 0 V                 ; -                  ; n/a           ; n/a             ; n/a         ;
; PC[18]        ; 2.5 V        ; 0 in              ; 0 H/in                  ; 0 F/in                  ; short         ; -                   ; open           ; open             ; open   ; 0 in             ; 0 H/in                 ; 0 F/in                 ; short        ; open          ; open            ; open  ; 0 V                 ; -                  ; n/a           ; n/a             ; n/a         ;
; PC[19]        ; 2.5 V        ; 0 in              ; 0 H/in                  ; 0 F/in                  ; short         ; -                   ; open           ; open             ; open   ; 0 in             ; 0 H/in                 ; 0 F/in                 ; short        ; open          ; open            ; open  ; 0 V                 ; -                  ; n/a           ; n/a             ; n/a         ;
; PC[20]        ; 2.5 V        ; 0 in              ; 0 H/in                  ; 0 F/in                  ; short         ; -                   ; open           ; open             ; open   ; 0 in             ; 0 H/in                 ; 0 F/in                 ; short        ; open          ; open            ; open  ; 0 V                 ; -                  ; n/a           ; n/a             ; n/a         ;
; PC[21]        ; 2.5 V        ; 0 in              ; 0 H/in                  ; 0 F/in                  ; short         ; -                   ; open           ; open             ; open   ; 0 in             ; 0 H/in                 ; 0 F/in                 ; short        ; open          ; open            ; open  ; 0 V                 ; -                  ; n/a           ; n/a             ; n/a         ;
; PC[22]        ; 2.5 V        ; 0 in              ; 0 H/in                  ; 0 F/in                  ; short         ; -                   ; open           ; open             ; open   ; 0 in             ; 0 H/in                 ; 0 F/in                 ; short        ; open          ; open            ; open  ; 0 V                 ; -                  ; n/a           ; n/a             ; n/a         ;
; PC[23]        ; 2.5 V        ; 0 in              ; 0 H/in                  ; 0 F/in                  ; short         ; -                   ; open           ; open             ; open   ; 0 in             ; 0 H/in                 ; 0 F/in                 ; short        ; open          ; open            ; open  ; 0 V                 ; -                  ; n/a           ; n/a             ; n/a         ;
; PC[24]        ; 2.5 V        ; 0 in              ; 0 H/in                  ; 0 F/in                  ; short         ; -                   ; open           ; open             ; open   ; 0 in             ; 0 H/in                 ; 0 F/in                 ; short        ; open          ; open            ; open  ; 0 V                 ; -                  ; n/a           ; n/a             ; n/a         ;
; PC[25]        ; 2.5 V        ; 0 in              ; 0 H/in                  ; 0 F/in                  ; short         ; -                   ; open           ; open             ; open   ; 0 in             ; 0 H/in                 ; 0 F/in                 ; short        ; open          ; open            ; open  ; 0 V                 ; -                  ; n/a           ; n/a             ; n/a         ;
; PC[26]        ; 2.5 V        ; 0 in              ; 0 H/in                  ; 0 F/in                  ; short         ; -                   ; open           ; open             ; open   ; 0 in             ; 0 H/in                 ; 0 F/in                 ; short        ; open          ; open            ; open  ; 0 V                 ; -                  ; n/a           ; n/a             ; n/a         ;
; PC[27]        ; 2.5 V        ; 0 in              ; 0 H/in                  ; 0 F/in                  ; short         ; -                   ; open           ; open             ; open   ; 0 in             ; 0 H/in                 ; 0 F/in                 ; short        ; open          ; open            ; open  ; 0 V                 ; -                  ; n/a           ; n/a             ; n/a         ;
; PC[28]        ; 2.5 V        ; 0 in              ; 0 H/in                  ; 0 F/in                  ; short         ; -                   ; open           ; open             ; open   ; 0 in             ; 0 H/in                 ; 0 F/in                 ; short        ; open          ; open            ; open  ; 0 V                 ; -                  ; n/a           ; n/a             ; n/a         ;
; PC[29]        ; 2.5 V        ; 0 in              ; 0 H/in                  ; 0 F/in                  ; short         ; -                   ; open           ; open             ; open   ; 0 in             ; 0 H/in                 ; 0 F/in                 ; short        ; open          ; open            ; open  ; 0 V                 ; -                  ; n/a           ; n/a             ; n/a         ;
; PC[30]        ; 2.5 V        ; 0 in              ; 0 H/in                  ; 0 F/in                  ; short         ; -                   ; open           ; open             ; open   ; 0 in             ; 0 H/in                 ; 0 F/in                 ; short        ; open          ; open            ; open  ; 0 V                 ; -                  ; n/a           ; n/a             ; n/a         ;
; PC[31]        ; 2.5 V        ; 0 in              ; 0 H/in                  ; 0 F/in                  ; short         ; -                   ; open           ; open             ; open   ; 0 in             ; 0 H/in                 ; 0 F/in                 ; short        ; open          ; open            ; open  ; 0 V                 ; -                  ; n/a           ; n/a             ; n/a         ;
; Instr[0]      ; 2.5 V        ; 0 in              ; 0 H/in                  ; 0 F/in                  ; short         ; -                   ; open           ; open             ; open   ; 0 in             ; 0 H/in                 ; 0 F/in                 ; short        ; open          ; open            ; open  ; 0 V                 ; -                  ; n/a           ; n/a             ; n/a         ;
; Instr[1]      ; 2.5 V        ; 0 in              ; 0 H/in                  ; 0 F/in                  ; short         ; -                   ; open           ; open             ; open   ; 0 in             ; 0 H/in                 ; 0 F/in                 ; short        ; open          ; open            ; open  ; 0 V                 ; -                  ; n/a           ; n/a             ; n/a         ;
; Instr[2]      ; 2.5 V        ; 0 in              ; 0 H/in                  ; 0 F/in                  ; short         ; -                   ; open           ; open             ; open   ; 0 in             ; 0 H/in                 ; 0 F/in                 ; short        ; open          ; open            ; open  ; 0 V                 ; -                  ; n/a           ; n/a             ; n/a         ;
; Instr[3]      ; 2.5 V        ; 0 in              ; 0 H/in                  ; 0 F/in                  ; short         ; -                   ; open           ; open             ; open   ; 0 in             ; 0 H/in                 ; 0 F/in                 ; short        ; open          ; open            ; open  ; 0 V                 ; -                  ; n/a           ; n/a             ; n/a         ;
; Instr[4]      ; 2.5 V        ; 0 in              ; 0 H/in                  ; 0 F/in                  ; short         ; -                   ; open           ; open             ; open   ; 0 in             ; 0 H/in                 ; 0 F/in                 ; short        ; open          ; open            ; open  ; 0 V                 ; -                  ; n/a           ; n/a             ; n/a         ;
; Instr[5]      ; 2.5 V        ; 0 in              ; 0 H/in                  ; 0 F/in                  ; short         ; -                   ; open           ; open             ; open   ; 0 in             ; 0 H/in                 ; 0 F/in                 ; short        ; open          ; open            ; open  ; 0 V                 ; -                  ; n/a           ; n/a             ; n/a         ;
; Instr[6]      ; 2.5 V        ; 0 in              ; 0 H/in                  ; 0 F/in                  ; short         ; -                   ; open           ; open             ; open   ; 0 in             ; 0 H/in                 ; 0 F/in                 ; short        ; open          ; open            ; open  ; 0 V                 ; -                  ; n/a           ; n/a             ; n/a         ;
; Instr[7]      ; 2.5 V        ; 0 in              ; 0 H/in                  ; 0 F/in                  ; short         ; -                   ; open           ; open             ; open   ; 0 in             ; 0 H/in                 ; 0 F/in                 ; short        ; open          ; open            ; open  ; 0 V                 ; -                  ; n/a           ; n/a             ; n/a         ;
; Instr[8]      ; 2.5 V        ; 0 in              ; 0 H/in                  ; 0 F/in                  ; short         ; -                   ; open           ; open             ; open   ; 0 in             ; 0 H/in                 ; 0 F/in                 ; short        ; open          ; open            ; open  ; 0 V                 ; -                  ; n/a           ; n/a             ; n/a         ;
; Instr[9]      ; 2.5 V        ; 0 in              ; 0 H/in                  ; 0 F/in                  ; short         ; -                   ; open           ; open             ; open   ; 0 in             ; 0 H/in                 ; 0 F/in                 ; short        ; open          ; open            ; open  ; 0 V                 ; -                  ; n/a           ; n/a             ; n/a         ;
; Instr[10]     ; 2.5 V        ; 0 in              ; 0 H/in                  ; 0 F/in                  ; short         ; -                   ; open           ; open             ; open   ; 0 in             ; 0 H/in                 ; 0 F/in                 ; short        ; open          ; open            ; open  ; 0 V                 ; -                  ; n/a           ; n/a             ; n/a         ;
; Instr[11]     ; 2.5 V        ; 0 in              ; 0 H/in                  ; 0 F/in                  ; short         ; -                   ; open           ; open             ; open   ; 0 in             ; 0 H/in                 ; 0 F/in                 ; short        ; open          ; open            ; open  ; 0 V                 ; -                  ; n/a           ; n/a             ; n/a         ;
; Instr[12]     ; 2.5 V        ; 0 in              ; 0 H/in                  ; 0 F/in                  ; short         ; -                   ; open           ; open             ; open   ; 0 in             ; 0 H/in                 ; 0 F/in                 ; short        ; open          ; open            ; open  ; 0 V                 ; -                  ; n/a           ; n/a             ; n/a         ;
; Instr[13]     ; 2.5 V        ; 0 in              ; 0 H/in                  ; 0 F/in                  ; short         ; -                   ; open           ; open             ; open   ; 0 in             ; 0 H/in                 ; 0 F/in                 ; short        ; open          ; open            ; open  ; 0 V                 ; -                  ; n/a           ; n/a             ; n/a         ;
; Instr[14]     ; 2.5 V        ; 0 in              ; 0 H/in                  ; 0 F/in                  ; short         ; -                   ; open           ; open             ; open   ; 0 in             ; 0 H/in                 ; 0 F/in                 ; short        ; open          ; open            ; open  ; 0 V                 ; -                  ; n/a           ; n/a             ; n/a         ;
; Instr[15]     ; 2.5 V        ; 0 in              ; 0 H/in                  ; 0 F/in                  ; short         ; -                   ; open           ; open             ; open   ; 0 in             ; 0 H/in                 ; 0 F/in                 ; short        ; open          ; open            ; open  ; 0 V                 ; -                  ; n/a           ; n/a             ; n/a         ;
; Instr[16]     ; 2.5 V        ; 0 in              ; 0 H/in                  ; 0 F/in                  ; short         ; -                   ; open           ; open             ; open   ; 0 in             ; 0 H/in                 ; 0 F/in                 ; short        ; open          ; open            ; open  ; 0 V                 ; -                  ; n/a           ; n/a             ; n/a         ;
; Instr[17]     ; 2.5 V        ; 0 in              ; 0 H/in                  ; 0 F/in                  ; short         ; -                   ; open           ; open             ; open   ; 0 in             ; 0 H/in                 ; 0 F/in                 ; short        ; open          ; open            ; open  ; 0 V                 ; -                  ; n/a           ; n/a             ; n/a         ;
; Instr[18]     ; 2.5 V        ; 0 in              ; 0 H/in                  ; 0 F/in                  ; short         ; -                   ; open           ; open             ; open   ; 0 in             ; 0 H/in                 ; 0 F/in                 ; short        ; open          ; open            ; open  ; 0 V                 ; -                  ; n/a           ; n/a             ; n/a         ;
; Instr[19]     ; 2.5 V        ; 0 in              ; 0 H/in                  ; 0 F/in                  ; short         ; -                   ; open           ; open             ; open   ; 0 in             ; 0 H/in                 ; 0 F/in                 ; short        ; open          ; open            ; open  ; 0 V                 ; -                  ; n/a           ; n/a             ; n/a         ;
; Instr[20]     ; 2.5 V        ; 0 in              ; 0 H/in                  ; 0 F/in                  ; short         ; -                   ; open           ; open             ; open   ; 0 in             ; 0 H/in                 ; 0 F/in                 ; short        ; open          ; open            ; open  ; 0 V                 ; -                  ; n/a           ; n/a             ; n/a         ;
; Instr[21]     ; 2.5 V        ; 0 in              ; 0 H/in                  ; 0 F/in                  ; short         ; -                   ; open           ; open             ; open   ; 0 in             ; 0 H/in                 ; 0 F/in                 ; short        ; open          ; open            ; open  ; 0 V                 ; -                  ; n/a           ; n/a             ; n/a         ;
; Instr[22]     ; 2.5 V        ; 0 in              ; 0 H/in                  ; 0 F/in                  ; short         ; -                   ; open           ; open             ; open   ; 0 in             ; 0 H/in                 ; 0 F/in                 ; short        ; open          ; open            ; open  ; 0 V                 ; -                  ; n/a           ; n/a             ; n/a         ;
; Instr[23]     ; 2.5 V        ; 0 in              ; 0 H/in                  ; 0 F/in                  ; short         ; -                   ; open           ; open             ; open   ; 0 in             ; 0 H/in                 ; 0 F/in                 ; short        ; open          ; open            ; open  ; 0 V                 ; -                  ; n/a           ; n/a             ; n/a         ;
; Instr[24]     ; 2.5 V        ; 0 in              ; 0 H/in                  ; 0 F/in                  ; short         ; -                   ; open           ; open             ; open   ; 0 in             ; 0 H/in                 ; 0 F/in                 ; short        ; open          ; open            ; open  ; 0 V                 ; -                  ; n/a           ; n/a             ; n/a         ;
; Instr[25]     ; 2.5 V        ; 0 in              ; 0 H/in                  ; 0 F/in                  ; short         ; -                   ; open           ; open             ; open   ; 0 in             ; 0 H/in                 ; 0 F/in                 ; short        ; open          ; open            ; open  ; 0 V                 ; -                  ; n/a           ; n/a             ; n/a         ;
; Instr[26]     ; 2.5 V        ; 0 in              ; 0 H/in                  ; 0 F/in                  ; short         ; -                   ; open           ; open             ; open   ; 0 in             ; 0 H/in                 ; 0 F/in                 ; short        ; open          ; open            ; open  ; 0 V                 ; -                  ; n/a           ; n/a             ; n/a         ;
; Instr[27]     ; 2.5 V        ; 0 in              ; 0 H/in                  ; 0 F/in                  ; short         ; -                   ; open           ; open             ; open   ; 0 in             ; 0 H/in                 ; 0 F/in                 ; short        ; open          ; open            ; open  ; 0 V                 ; -                  ; n/a           ; n/a             ; n/a         ;
; Instr[28]     ; 2.5 V        ; 0 in              ; 0 H/in                  ; 0 F/in                  ; short         ; -                   ; open           ; open             ; open   ; 0 in             ; 0 H/in                 ; 0 F/in                 ; short        ; open          ; open            ; open  ; 0 V                 ; -                  ; n/a           ; n/a             ; n/a         ;
; Instr[29]     ; 2.5 V        ; 0 in              ; 0 H/in                  ; 0 F/in                  ; short         ; -                   ; open           ; open             ; open   ; 0 in             ; 0 H/in                 ; 0 F/in                 ; short        ; open          ; open            ; open  ; 0 V                 ; -                  ; n/a           ; n/a             ; n/a         ;
; Instr[30]     ; 2.5 V        ; 0 in              ; 0 H/in                  ; 0 F/in                  ; short         ; -                   ; open           ; open             ; open   ; 0 in             ; 0 H/in                 ; 0 F/in                 ; short        ; open          ; open            ; open  ; 0 V                 ; -                  ; n/a           ; n/a             ; n/a         ;
; Instr[31]     ; 2.5 V        ; 0 in              ; 0 H/in                  ; 0 F/in                  ; short         ; -                   ; open           ; open             ; open   ; 0 in             ; 0 H/in                 ; 0 F/in                 ; short        ; open          ; open            ; open  ; 0 V                 ; -                  ; n/a           ; n/a             ; n/a         ;
; Regout[0]     ; 2.5 V        ; 0 in              ; 0 H/in                  ; 0 F/in                  ; short         ; -                   ; open           ; open             ; open   ; 0 in             ; 0 H/in                 ; 0 F/in                 ; short        ; open          ; open            ; open  ; 0 V                 ; -                  ; n/a           ; n/a             ; n/a         ;
; Regout[1]     ; 2.5 V        ; 0 in              ; 0 H/in                  ; 0 F/in                  ; short         ; -                   ; open           ; open             ; open   ; 0 in             ; 0 H/in                 ; 0 F/in                 ; short        ; open          ; open            ; open  ; 0 V                 ; -                  ; n/a           ; n/a             ; n/a         ;
; Regout[2]     ; 2.5 V        ; 0 in              ; 0 H/in                  ; 0 F/in                  ; short         ; -                   ; open           ; open             ; open   ; 0 in             ; 0 H/in                 ; 0 F/in                 ; short        ; open          ; open            ; open  ; 0 V                 ; -                  ; n/a           ; n/a             ; n/a         ;
; Regout[3]     ; 2.5 V        ; 0 in              ; 0 H/in                  ; 0 F/in                  ; short         ; -                   ; open           ; open             ; open   ; 0 in             ; 0 H/in                 ; 0 F/in                 ; short        ; open          ; open            ; open  ; 0 V                 ; -                  ; n/a           ; n/a             ; n/a         ;
; Regout[4]     ; 2.5 V        ; 0 in              ; 0 H/in                  ; 0 F/in                  ; short         ; -                   ; open           ; open             ; open   ; 0 in             ; 0 H/in                 ; 0 F/in                 ; short        ; open          ; open            ; open  ; 0 V                 ; -                  ; n/a           ; n/a             ; n/a         ;
; Regout[5]     ; 2.5 V        ; 0 in              ; 0 H/in                  ; 0 F/in                  ; short         ; -                   ; open           ; open             ; open   ; 0 in             ; 0 H/in                 ; 0 F/in                 ; short        ; open          ; open            ; open  ; 0 V                 ; -                  ; n/a           ; n/a             ; n/a         ;
; Regout[6]     ; 2.5 V        ; 0 in              ; 0 H/in                  ; 0 F/in                  ; short         ; -                   ; open           ; open             ; open   ; 0 in             ; 0 H/in                 ; 0 F/in                 ; short        ; open          ; open            ; open  ; 0 V                 ; -                  ; n/a           ; n/a             ; n/a         ;
; Regout[7]     ; 2.5 V        ; 0 in              ; 0 H/in                  ; 0 F/in                  ; short         ; -                   ; open           ; open             ; open   ; 0 in             ; 0 H/in                 ; 0 F/in                 ; short        ; open          ; open            ; open  ; 0 V                 ; -                  ; n/a           ; n/a             ; n/a         ;
; Regout[8]     ; 2.5 V        ; 0 in              ; 0 H/in                  ; 0 F/in                  ; short         ; -                   ; open           ; open             ; open   ; 0 in             ; 0 H/in                 ; 0 F/in                 ; short        ; open          ; open            ; open  ; 0 V                 ; -                  ; n/a           ; n/a             ; n/a         ;
; Regout[9]     ; 2.5 V        ; 0 in              ; 0 H/in                  ; 0 F/in                  ; short         ; -                   ; open           ; open             ; open   ; 0 in             ; 0 H/in                 ; 0 F/in                 ; short        ; open          ; open            ; open  ; 0 V                 ; -                  ; n/a           ; n/a             ; n/a         ;
; Regout[10]    ; 2.5 V        ; 0 in              ; 0 H/in                  ; 0 F/in                  ; short         ; -                   ; open           ; open             ; open   ; 0 in             ; 0 H/in                 ; 0 F/in                 ; short        ; open          ; open            ; open  ; 0 V                 ; -                  ; n/a           ; n/a             ; n/a         ;
; Regout[11]    ; 2.5 V        ; 0 in              ; 0 H/in                  ; 0 F/in                  ; short         ; -                   ; open           ; open             ; open   ; 0 in             ; 0 H/in                 ; 0 F/in                 ; short        ; open          ; open            ; open  ; 0 V                 ; -                  ; n/a           ; n/a             ; n/a         ;
; Regout[12]    ; 2.5 V        ; 0 in              ; 0 H/in                  ; 0 F/in                  ; short         ; -                   ; open           ; open             ; open   ; 0 in             ; 0 H/in                 ; 0 F/in                 ; short        ; open          ; open            ; open  ; 0 V                 ; -                  ; n/a           ; n/a             ; n/a         ;
; Regout[13]    ; 2.5 V        ; 0 in              ; 0 H/in                  ; 0 F/in                  ; short         ; -                   ; open           ; open             ; open   ; 0 in             ; 0 H/in                 ; 0 F/in                 ; short        ; open          ; open            ; open  ; 0 V                 ; -                  ; n/a           ; n/a             ; n/a         ;
; Regout[14]    ; 2.5 V        ; 0 in              ; 0 H/in                  ; 0 F/in                  ; short         ; -                   ; open           ; open             ; open   ; 0 in             ; 0 H/in                 ; 0 F/in                 ; short        ; open          ; open            ; open  ; 0 V                 ; -                  ; n/a           ; n/a             ; n/a         ;
; Regout[15]    ; 2.5 V        ; 0 in              ; 0 H/in                  ; 0 F/in                  ; short         ; -                   ; open           ; open             ; open   ; 0 in             ; 0 H/in                 ; 0 F/in                 ; short        ; open          ; open            ; open  ; 0 V                 ; -                  ; n/a           ; n/a             ; n/a         ;
; Regout[16]    ; 2.5 V        ; 0 in              ; 0 H/in                  ; 0 F/in                  ; short         ; -                   ; open           ; open             ; open   ; 0 in             ; 0 H/in                 ; 0 F/in                 ; short        ; open          ; open            ; open  ; 0 V                 ; -                  ; n/a           ; n/a             ; n/a         ;
; Regout[17]    ; 2.5 V        ; 0 in              ; 0 H/in                  ; 0 F/in                  ; short         ; -                   ; open           ; open             ; open   ; 0 in             ; 0 H/in                 ; 0 F/in                 ; short        ; open          ; open            ; open  ; 0 V                 ; -                  ; n/a           ; n/a             ; n/a         ;
; Regout[18]    ; 2.5 V        ; 0 in              ; 0 H/in                  ; 0 F/in                  ; short         ; -                   ; open           ; open             ; open   ; 0 in             ; 0 H/in                 ; 0 F/in                 ; short        ; open          ; open            ; open  ; 0 V                 ; -                  ; n/a           ; n/a             ; n/a         ;
; Regout[19]    ; 2.5 V        ; 0 in              ; 0 H/in                  ; 0 F/in                  ; short         ; -                   ; open           ; open             ; open   ; 0 in             ; 0 H/in                 ; 0 F/in                 ; short        ; open          ; open            ; open  ; 0 V                 ; -                  ; n/a           ; n/a             ; n/a         ;
; Regout[20]    ; 2.5 V        ; 0 in              ; 0 H/in                  ; 0 F/in                  ; short         ; -                   ; open           ; open             ; open   ; 0 in             ; 0 H/in                 ; 0 F/in                 ; short        ; open          ; open            ; open  ; 0 V                 ; -                  ; n/a           ; n/a             ; n/a         ;
; Regout[21]    ; 2.5 V        ; 0 in              ; 0 H/in                  ; 0 F/in                  ; short         ; -                   ; open           ; open             ; open   ; 0 in             ; 0 H/in                 ; 0 F/in                 ; short        ; open          ; open            ; open  ; 0 V                 ; -                  ; n/a           ; n/a             ; n/a         ;
; Regout[22]    ; 2.5 V        ; 0 in              ; 0 H/in                  ; 0 F/in                  ; short         ; -                   ; open           ; open             ; open   ; 0 in             ; 0 H/in                 ; 0 F/in                 ; short        ; open          ; open            ; open  ; 0 V                 ; -                  ; n/a           ; n/a             ; n/a         ;
; Regout[23]    ; 2.5 V        ; 0 in              ; 0 H/in                  ; 0 F/in                  ; short         ; -                   ; open           ; open             ; open   ; 0 in             ; 0 H/in                 ; 0 F/in                 ; short        ; open          ; open            ; open  ; 0 V                 ; -                  ; n/a           ; n/a             ; n/a         ;
; Regout[24]    ; 2.5 V        ; 0 in              ; 0 H/in                  ; 0 F/in                  ; short         ; -                   ; open           ; open             ; open   ; 0 in             ; 0 H/in                 ; 0 F/in                 ; short        ; open          ; open            ; open  ; 0 V                 ; -                  ; n/a           ; n/a             ; n/a         ;
; Regout[25]    ; 2.5 V        ; 0 in              ; 0 H/in                  ; 0 F/in                  ; short         ; -                   ; open           ; open             ; open   ; 0 in             ; 0 H/in                 ; 0 F/in                 ; short        ; open          ; open            ; open  ; 0 V                 ; -                  ; n/a           ; n/a             ; n/a         ;
; Regout[26]    ; 2.5 V        ; 0 in              ; 0 H/in                  ; 0 F/in                  ; short         ; -                   ; open           ; open             ; open   ; 0 in             ; 0 H/in                 ; 0 F/in                 ; short        ; open          ; open            ; open  ; 0 V                 ; -                  ; n/a           ; n/a             ; n/a         ;
; Regout[27]    ; 2.5 V        ; 0 in              ; 0 H/in                  ; 0 F/in                  ; short         ; -                   ; open           ; open             ; open   ; 0 in             ; 0 H/in                 ; 0 F/in                 ; short        ; open          ; open            ; open  ; 0 V                 ; -                  ; n/a           ; n/a             ; n/a         ;
; Regout[28]    ; 2.5 V        ; 0 in              ; 0 H/in                  ; 0 F/in                  ; short         ; -                   ; open           ; open             ; open   ; 0 in             ; 0 H/in                 ; 0 F/in                 ; short        ; open          ; open            ; open  ; 0 V                 ; -                  ; n/a           ; n/a             ; n/a         ;
; Regout[29]    ; 2.5 V        ; 0 in              ; 0 H/in                  ; 0 F/in                  ; short         ; -                   ; open           ; open             ; open   ; 0 in             ; 0 H/in                 ; 0 F/in                 ; short        ; open          ; open            ; open  ; 0 V                 ; -                  ; n/a           ; n/a             ; n/a         ;
; Regout[30]    ; 2.5 V        ; 0 in              ; 0 H/in                  ; 0 F/in                  ; short         ; -                   ; open           ; open             ; open   ; 0 in             ; 0 H/in                 ; 0 F/in                 ; short        ; open          ; open            ; open  ; 0 V                 ; -                  ; n/a           ; n/a             ; n/a         ;
; Regout[31]    ; 2.5 V        ; 0 in              ; 0 H/in                  ; 0 F/in                  ; short         ; -                   ; open           ; open             ; open   ; 0 in             ; 0 H/in                 ; 0 F/in                 ; short        ; open          ; open            ; open  ; 0 V                 ; -                  ; n/a           ; n/a             ; n/a         ;
; Estado[0]     ; 2.5 V        ; 0 in              ; 0 H/in                  ; 0 F/in                  ; short         ; -                   ; open           ; open             ; open   ; 0 in             ; 0 H/in                 ; 0 F/in                 ; short        ; open          ; open            ; open  ; 0 V                 ; -                  ; n/a           ; n/a             ; n/a         ;
; Estado[1]     ; 2.5 V        ; 0 in              ; 0 H/in                  ; 0 F/in                  ; short         ; -                   ; open           ; open             ; open   ; 0 in             ; 0 H/in                 ; 0 F/in                 ; short        ; open          ; open            ; open  ; 0 V                 ; -                  ; n/a           ; n/a             ; n/a         ;
; Estado[2]     ; 2.5 V        ; 0 in              ; 0 H/in                  ; 0 F/in                  ; short         ; -                   ; open           ; open             ; open   ; 0 in             ; 0 H/in                 ; 0 F/in                 ; short        ; open          ; open            ; open  ; 0 V                 ; -                  ; n/a           ; n/a             ; n/a         ;
; Estado[3]     ; 2.5 V        ; 0 in              ; 0 H/in                  ; 0 F/in                  ; short         ; -                   ; open           ; open             ; open   ; 0 in             ; 0 H/in                 ; 0 F/in                 ; short        ; open          ; open            ; open  ; 0 V                 ; -                  ; n/a           ; n/a             ; n/a         ;
; ~ALTERA_DCLK~ ; 2.5 V        ; 0 in              ; 0 H/in                  ; 0 F/in                  ; short         ; -                   ; open           ; open             ; open   ; 0 in             ; 0 H/in                 ; 0 F/in                 ; short        ; open          ; open            ; open  ; 0 V                 ; -                  ; n/a           ; n/a             ; n/a         ;
; ~ALTERA_nCEO~ ; 2.5 V        ; 0 in              ; 0 H/in                  ; 0 F/in                  ; short         ; -                   ; open           ; open             ; open   ; 0 in             ; 0 H/in                 ; 0 F/in                 ; short        ; open          ; open            ; open  ; 0 V                 ; -                  ; n/a           ; n/a             ; n/a         ;
+---------------+--------------+-------------------+-------------------------+-------------------------+---------------+---------------------+----------------+------------------+--------+------------------+------------------------+------------------------+--------------+---------------+-----------------+-------+---------------------+--------------------+---------------+-----------------+-------------+


+----------------------------------------------------------------------------+
; Input Transition Times                                                     ;
+-------------------------+--------------+-----------------+-----------------+
; Pin                     ; I/O Standard ; 10-90 Rise Time ; 90-10 Fall Time ;
+-------------------------+--------------+-----------------+-----------------+
; Regin[3]                ; 2.5 V        ; 2000 ps         ; 2000 ps         ;
; Regin[2]                ; 2.5 V        ; 2000 ps         ; 2000 ps         ;
; Regin[0]                ; 2.5 V        ; 2000 ps         ; 2000 ps         ;
; Regin[1]                ; 2.5 V        ; 2000 ps         ; 2000 ps         ;
; Regin[4]                ; 2.5 V        ; 2000 ps         ; 2000 ps         ;
; CLOCK                   ; 2.5 V        ; 2000 ps         ; 2000 ps         ;
; Reset                   ; 2.5 V        ; 2000 ps         ; 2000 ps         ;
; ~ALTERA_ASDO_DATA1~     ; 2.5 V        ; 2000 ps         ; 2000 ps         ;
; ~ALTERA_FLASH_nCE_nCSO~ ; 2.5 V        ; 2000 ps         ; 2000 ps         ;
; ~ALTERA_DATA0~          ; 2.5 V        ; 2000 ps         ; 2000 ps         ;
+-------------------------+--------------+-----------------+-----------------+


+--------------------------------------------------------------------------------------------------------------------------------------------------------------------------------------------------------------------------------------------------------------------------------------------------------------------------------------------------------------------------------------------------------------------------------------------------------------------------------------------------------------------------------------------------------------------------------------------------------------------------------------------------------------------------------------------+
; Signal Integrity Metrics (Slow 1200mv 0c Model)                                                                                                                                                                                                                                                                                                                                                                                                                                                                                                                                                                                                                                            ;
+---------------+--------------+---------------------+---------------------+------------------------------+------------------------------+---------------------+---------------------+--------------------------------------+--------------------------------------+-----------------------------+-----------------------------+----------------------------+----------------------------+-----------------------------+-----------------------------+--------------------+--------------------+-------------------------------------+-------------------------------------+----------------------------+----------------------------+---------------------------+---------------------------+
; Pin           ; I/O Standard ; Board Delay on Rise ; Board Delay on Fall ; Steady State Voh at FPGA Pin ; Steady State Vol at FPGA Pin ; Voh Max at FPGA Pin ; Vol Min at FPGA Pin ; Ringback Voltage on Rise at FPGA Pin ; Ringback Voltage on Fall at FPGA Pin ; 10-90 Rise Time at FPGA Pin ; 90-10 Fall Time at FPGA Pin ; Monotonic Rise at FPGA Pin ; Monotonic Fall at FPGA Pin ; Steady State Voh at Far-end ; Steady State Vol at Far-end ; Voh Max at Far-end ; Vol Min at Far-end ; Ringback Voltage on Rise at Far-end ; Ringback Voltage on Fall at Far-end ; 10-90 Rise Time at Far-end ; 90-10 Fall Time at Far-end ; Monotonic Rise at Far-end ; Monotonic Fall at Far-end ;
+---------------+--------------+---------------------+---------------------+------------------------------+------------------------------+---------------------+---------------------+--------------------------------------+--------------------------------------+-----------------------------+-----------------------------+----------------------------+----------------------------+-----------------------------+-----------------------------+--------------------+--------------------+-------------------------------------+-------------------------------------+----------------------------+----------------------------+---------------------------+---------------------------+
; ClockDIV      ; 2.5 V        ; 0 s                 ; 0 s                 ; 2.32 V                       ; 4.44e-09 V                   ; 2.39 V              ; -0.0265 V           ; 0.2 V                                ; 0.033 V                              ; 2.94e-10 s                  ; 3.12e-10 s                  ; Yes                        ; Yes                        ; 2.32 V                      ; 4.44e-09 V                  ; 2.39 V             ; -0.0265 V          ; 0.2 V                               ; 0.033 V                             ; 2.94e-10 s                 ; 3.12e-10 s                 ; Yes                       ; Yes                       ;
; PC[0]         ; 2.5 V        ; 0 s                 ; 0 s                 ; 2.32 V                       ; 4.44e-09 V                   ; 2.38 V              ; -0.0145 V           ; 0.169 V                              ; 0.026 V                              ; 4.83e-10 s                  ; 4.71e-10 s                  ; Yes                        ; Yes                        ; 2.32 V                      ; 4.44e-09 V                  ; 2.38 V             ; -0.0145 V          ; 0.169 V                             ; 0.026 V                             ; 4.83e-10 s                 ; 4.71e-10 s                 ; Yes                       ; Yes                       ;
; PC[1]         ; 2.5 V        ; 0 s                 ; 0 s                 ; 2.32 V                       ; 4.44e-09 V                   ; 2.38 V              ; -0.0145 V           ; 0.169 V                              ; 0.026 V                              ; 4.83e-10 s                  ; 4.71e-10 s                  ; Yes                        ; Yes                        ; 2.32 V                      ; 4.44e-09 V                  ; 2.38 V             ; -0.0145 V          ; 0.169 V                             ; 0.026 V                             ; 4.83e-10 s                 ; 4.71e-10 s                 ; Yes                       ; Yes                       ;
; PC[2]         ; 2.5 V        ; 0 s                 ; 0 s                 ; 2.32 V                       ; 5.95e-09 V                   ; 2.38 V              ; -0.016 V            ; 0.22 V                               ; 0.025 V                              ; 3.06e-10 s                  ; 3.3e-10 s                   ; Yes                        ; Yes                        ; 2.32 V                      ; 5.95e-09 V                  ; 2.38 V             ; -0.016 V           ; 0.22 V                              ; 0.025 V                             ; 3.06e-10 s                 ; 3.3e-10 s                  ; Yes                       ; Yes                       ;
; PC[3]         ; 2.5 V        ; 0 s                 ; 0 s                 ; 2.32 V                       ; 4.44e-09 V                   ; 2.39 V              ; -0.0265 V           ; 0.2 V                                ; 0.033 V                              ; 2.94e-10 s                  ; 3.12e-10 s                  ; Yes                        ; Yes                        ; 2.32 V                      ; 4.44e-09 V                  ; 2.39 V             ; -0.0265 V          ; 0.2 V                               ; 0.033 V                             ; 2.94e-10 s                 ; 3.12e-10 s                 ; Yes                       ; Yes                       ;
; PC[4]         ; 2.5 V        ; 0 s                 ; 0 s                 ; 2.32 V                       ; 5.95e-09 V                   ; 2.38 V              ; -0.016 V            ; 0.22 V                               ; 0.025 V                              ; 3.06e-10 s                  ; 3.3e-10 s                   ; Yes                        ; Yes                        ; 2.32 V                      ; 5.95e-09 V                  ; 2.38 V             ; -0.016 V           ; 0.22 V                              ; 0.025 V                             ; 3.06e-10 s                 ; 3.3e-10 s                  ; Yes                       ; Yes                       ;
; PC[5]         ; 2.5 V        ; 0 s                 ; 0 s                 ; 2.32 V                       ; 4.44e-09 V                   ; 2.39 V              ; -0.0265 V           ; 0.2 V                                ; 0.033 V                              ; 2.94e-10 s                  ; 3.12e-10 s                  ; Yes                        ; Yes                        ; 2.32 V                      ; 4.44e-09 V                  ; 2.39 V             ; -0.0265 V          ; 0.2 V                               ; 0.033 V                             ; 2.94e-10 s                 ; 3.12e-10 s                 ; Yes                       ; Yes                       ;
; PC[6]         ; 2.5 V        ; 0 s                 ; 0 s                 ; 2.32 V                       ; 5.95e-09 V                   ; 2.38 V              ; -0.016 V            ; 0.22 V                               ; 0.025 V                              ; 3.06e-10 s                  ; 3.3e-10 s                   ; Yes                        ; Yes                        ; 2.32 V                      ; 5.95e-09 V                  ; 2.38 V             ; -0.016 V           ; 0.22 V                              ; 0.025 V                             ; 3.06e-10 s                 ; 3.3e-10 s                  ; Yes                       ; Yes                       ;
; PC[7]         ; 2.5 V        ; 0 s                 ; 0 s                 ; 2.32 V                       ; 4.44e-09 V                   ; 2.39 V              ; -0.0265 V           ; 0.2 V                                ; 0.033 V                              ; 2.94e-10 s                  ; 3.12e-10 s                  ; Yes                        ; Yes                        ; 2.32 V                      ; 4.44e-09 V                  ; 2.39 V             ; -0.0265 V          ; 0.2 V                               ; 0.033 V                             ; 2.94e-10 s                 ; 3.12e-10 s                 ; Yes                       ; Yes                       ;
; PC[8]         ; 2.5 V        ; 0 s                 ; 0 s                 ; 2.32 V                       ; 5.95e-09 V                   ; 2.38 V              ; -0.016 V            ; 0.22 V                               ; 0.025 V                              ; 3.06e-10 s                  ; 3.3e-10 s                   ; Yes                        ; Yes                        ; 2.32 V                      ; 5.95e-09 V                  ; 2.38 V             ; -0.016 V           ; 0.22 V                              ; 0.025 V                             ; 3.06e-10 s                 ; 3.3e-10 s                  ; Yes                       ; Yes                       ;
; PC[9]         ; 2.5 V        ; 0 s                 ; 0 s                 ; 2.32 V                       ; 5.95e-09 V                   ; 2.38 V              ; -0.016 V            ; 0.22 V                               ; 0.025 V                              ; 3.06e-10 s                  ; 3.3e-10 s                   ; Yes                        ; Yes                        ; 2.32 V                      ; 5.95e-09 V                  ; 2.38 V             ; -0.016 V           ; 0.22 V                              ; 0.025 V                             ; 3.06e-10 s                 ; 3.3e-10 s                  ; Yes                       ; Yes                       ;
; PC[10]        ; 2.5 V        ; 0 s                 ; 0 s                 ; 2.32 V                       ; 5.95e-09 V                   ; 2.33 V              ; -0.00616 V          ; 0.191 V                              ; 0.099 V                              ; 2.83e-09 s                  ; 2.56e-09 s                  ; No                         ; Yes                        ; 2.32 V                      ; 5.95e-09 V                  ; 2.33 V             ; -0.00616 V         ; 0.191 V                             ; 0.099 V                             ; 2.83e-09 s                 ; 2.56e-09 s                 ; No                        ; Yes                       ;
; PC[11]        ; 2.5 V        ; 0 s                 ; 0 s                 ; 2.32 V                       ; 4.44e-09 V                   ; 2.39 V              ; -0.0265 V           ; 0.2 V                                ; 0.033 V                              ; 2.94e-10 s                  ; 3.12e-10 s                  ; Yes                        ; Yes                        ; 2.32 V                      ; 4.44e-09 V                  ; 2.39 V             ; -0.0265 V          ; 0.2 V                               ; 0.033 V                             ; 2.94e-10 s                 ; 3.12e-10 s                 ; Yes                       ; Yes                       ;
; PC[12]        ; 2.5 V        ; 0 s                 ; 0 s                 ; 2.32 V                       ; 4.44e-09 V                   ; 2.38 V              ; -0.0145 V           ; 0.169 V                              ; 0.026 V                              ; 4.83e-10 s                  ; 4.71e-10 s                  ; Yes                        ; Yes                        ; 2.32 V                      ; 4.44e-09 V                  ; 2.38 V             ; -0.0145 V          ; 0.169 V                             ; 0.026 V                             ; 4.83e-10 s                 ; 4.71e-10 s                 ; Yes                       ; Yes                       ;
; PC[13]        ; 2.5 V        ; 0 s                 ; 0 s                 ; 2.32 V                       ; 4.44e-09 V                   ; 2.38 V              ; -0.0145 V           ; 0.169 V                              ; 0.026 V                              ; 4.83e-10 s                  ; 4.71e-10 s                  ; Yes                        ; Yes                        ; 2.32 V                      ; 4.44e-09 V                  ; 2.38 V             ; -0.0145 V          ; 0.169 V                             ; 0.026 V                             ; 4.83e-10 s                 ; 4.71e-10 s                 ; Yes                       ; Yes                       ;
; PC[14]        ; 2.5 V        ; 0 s                 ; 0 s                 ; 2.32 V                       ; 4.44e-09 V                   ; 2.38 V              ; -0.0145 V           ; 0.169 V                              ; 0.026 V                              ; 4.83e-10 s                  ; 4.71e-10 s                  ; Yes                        ; Yes                        ; 2.32 V                      ; 4.44e-09 V                  ; 2.38 V             ; -0.0145 V          ; 0.169 V                             ; 0.026 V                             ; 4.83e-10 s                 ; 4.71e-10 s                 ; Yes                       ; Yes                       ;
; PC[15]        ; 2.5 V        ; 0 s                 ; 0 s                 ; 2.32 V                       ; 4.44e-09 V                   ; 2.33 V              ; -0.00624 V          ; 0.185 V                              ; 0.097 V                              ; 2.82e-09 s                  ; 2.56e-09 s                  ; No                         ; Yes                        ; 2.32 V                      ; 4.44e-09 V                  ; 2.33 V             ; -0.00624 V         ; 0.185 V                             ; 0.097 V                             ; 2.82e-09 s                 ; 2.56e-09 s                 ; No                        ; Yes                       ;
; PC[16]        ; 2.5 V        ; 0 s                 ; 0 s                 ; 2.32 V                       ; 4.44e-09 V                   ; 2.38 V              ; -0.0145 V           ; 0.169 V                              ; 0.026 V                              ; 4.83e-10 s                  ; 4.71e-10 s                  ; Yes                        ; Yes                        ; 2.32 V                      ; 4.44e-09 V                  ; 2.38 V             ; -0.0145 V          ; 0.169 V                             ; 0.026 V                             ; 4.83e-10 s                 ; 4.71e-10 s                 ; Yes                       ; Yes                       ;
; PC[17]        ; 2.5 V        ; 0 s                 ; 0 s                 ; 2.32 V                       ; 4.44e-09 V                   ; 2.38 V              ; -0.0145 V           ; 0.169 V                              ; 0.026 V                              ; 4.83e-10 s                  ; 4.71e-10 s                  ; Yes                        ; Yes                        ; 2.32 V                      ; 4.44e-09 V                  ; 2.38 V             ; -0.0145 V          ; 0.169 V                             ; 0.026 V                             ; 4.83e-10 s                 ; 4.71e-10 s                 ; Yes                       ; Yes                       ;
; PC[18]        ; 2.5 V        ; 0 s                 ; 0 s                 ; 2.32 V                       ; 4.44e-09 V                   ; 2.39 V              ; -0.0265 V           ; 0.2 V                                ; 0.033 V                              ; 2.94e-10 s                  ; 3.12e-10 s                  ; Yes                        ; Yes                        ; 2.32 V                      ; 4.44e-09 V                  ; 2.39 V             ; -0.0265 V          ; 0.2 V                               ; 0.033 V                             ; 2.94e-10 s                 ; 3.12e-10 s                 ; Yes                       ; Yes                       ;
; PC[19]        ; 2.5 V        ; 0 s                 ; 0 s                 ; 2.32 V                       ; 4.44e-09 V                   ; 2.38 V              ; -0.0145 V           ; 0.169 V                              ; 0.026 V                              ; 4.83e-10 s                  ; 4.71e-10 s                  ; Yes                        ; Yes                        ; 2.32 V                      ; 4.44e-09 V                  ; 2.38 V             ; -0.0145 V          ; 0.169 V                             ; 0.026 V                             ; 4.83e-10 s                 ; 4.71e-10 s                 ; Yes                       ; Yes                       ;
; PC[20]        ; 2.5 V        ; 0 s                 ; 0 s                 ; 2.32 V                       ; 4.44e-09 V                   ; 2.38 V              ; -0.0145 V           ; 0.169 V                              ; 0.026 V                              ; 4.83e-10 s                  ; 4.71e-10 s                  ; Yes                        ; Yes                        ; 2.32 V                      ; 4.44e-09 V                  ; 2.38 V             ; -0.0145 V          ; 0.169 V                             ; 0.026 V                             ; 4.83e-10 s                 ; 4.71e-10 s                 ; Yes                       ; Yes                       ;
; PC[21]        ; 2.5 V        ; 0 s                 ; 0 s                 ; 2.32 V                       ; 4.44e-09 V                   ; 2.39 V              ; -0.0265 V           ; 0.2 V                                ; 0.033 V                              ; 2.94e-10 s                  ; 3.12e-10 s                  ; Yes                        ; Yes                        ; 2.32 V                      ; 4.44e-09 V                  ; 2.39 V             ; -0.0265 V          ; 0.2 V                               ; 0.033 V                             ; 2.94e-10 s                 ; 3.12e-10 s                 ; Yes                       ; Yes                       ;
; PC[22]        ; 2.5 V        ; 0 s                 ; 0 s                 ; 2.32 V                       ; 5.95e-09 V                   ; 2.38 V              ; -0.016 V            ; 0.22 V                               ; 0.025 V                              ; 3.06e-10 s                  ; 3.3e-10 s                   ; Yes                        ; Yes                        ; 2.32 V                      ; 5.95e-09 V                  ; 2.38 V             ; -0.016 V           ; 0.22 V                              ; 0.025 V                             ; 3.06e-10 s                 ; 3.3e-10 s                  ; Yes                       ; Yes                       ;
; PC[23]        ; 2.5 V        ; 0 s                 ; 0 s                 ; 2.32 V                       ; 4.44e-09 V                   ; 2.38 V              ; -0.0145 V           ; 0.169 V                              ; 0.026 V                              ; 4.83e-10 s                  ; 4.71e-10 s                  ; Yes                        ; Yes                        ; 2.32 V                      ; 4.44e-09 V                  ; 2.38 V             ; -0.0145 V          ; 0.169 V                             ; 0.026 V                             ; 4.83e-10 s                 ; 4.71e-10 s                 ; Yes                       ; Yes                       ;
; PC[24]        ; 2.5 V        ; 0 s                 ; 0 s                 ; 2.32 V                       ; 4.44e-09 V                   ; 2.38 V              ; -0.0145 V           ; 0.169 V                              ; 0.026 V                              ; 4.83e-10 s                  ; 4.71e-10 s                  ; Yes                        ; Yes                        ; 2.32 V                      ; 4.44e-09 V                  ; 2.38 V             ; -0.0145 V          ; 0.169 V                             ; 0.026 V                             ; 4.83e-10 s                 ; 4.71e-10 s                 ; Yes                       ; Yes                       ;
; PC[25]        ; 2.5 V        ; 0 s                 ; 0 s                 ; 2.32 V                       ; 4.44e-09 V                   ; 2.38 V              ; -0.0145 V           ; 0.169 V                              ; 0.026 V                              ; 4.83e-10 s                  ; 4.71e-10 s                  ; Yes                        ; Yes                        ; 2.32 V                      ; 4.44e-09 V                  ; 2.38 V             ; -0.0145 V          ; 0.169 V                             ; 0.026 V                             ; 4.83e-10 s                 ; 4.71e-10 s                 ; Yes                       ; Yes                       ;
; PC[26]        ; 2.5 V        ; 0 s                 ; 0 s                 ; 2.32 V                       ; 4.44e-09 V                   ; 2.33 V              ; -0.00624 V          ; 0.185 V                              ; 0.097 V                              ; 2.82e-09 s                  ; 2.56e-09 s                  ; No                         ; Yes                        ; 2.32 V                      ; 4.44e-09 V                  ; 2.33 V             ; -0.00624 V         ; 0.185 V                             ; 0.097 V                             ; 2.82e-09 s                 ; 2.56e-09 s                 ; No                        ; Yes                       ;
; PC[27]        ; 2.5 V        ; 0 s                 ; 0 s                 ; 2.32 V                       ; 4.44e-09 V                   ; 2.39 V              ; -0.0265 V           ; 0.2 V                                ; 0.033 V                              ; 2.94e-10 s                  ; 3.12e-10 s                  ; Yes                        ; Yes                        ; 2.32 V                      ; 4.44e-09 V                  ; 2.39 V             ; -0.0265 V          ; 0.2 V                               ; 0.033 V                             ; 2.94e-10 s                 ; 3.12e-10 s                 ; Yes                       ; Yes                       ;
; PC[28]        ; 2.5 V        ; 0 s                 ; 0 s                 ; 2.32 V                       ; 4.44e-09 V                   ; 2.38 V              ; -0.0145 V           ; 0.169 V                              ; 0.026 V                              ; 4.83e-10 s                  ; 4.71e-10 s                  ; Yes                        ; Yes                        ; 2.32 V                      ; 4.44e-09 V                  ; 2.38 V             ; -0.0145 V          ; 0.169 V                             ; 0.026 V                             ; 4.83e-10 s                 ; 4.71e-10 s                 ; Yes                       ; Yes                       ;
; PC[29]        ; 2.5 V        ; 0 s                 ; 0 s                 ; 2.32 V                       ; 4.44e-09 V                   ; 2.38 V              ; -0.0145 V           ; 0.169 V                              ; 0.026 V                              ; 4.83e-10 s                  ; 4.71e-10 s                  ; Yes                        ; Yes                        ; 2.32 V                      ; 4.44e-09 V                  ; 2.38 V             ; -0.0145 V          ; 0.169 V                             ; 0.026 V                             ; 4.83e-10 s                 ; 4.71e-10 s                 ; Yes                       ; Yes                       ;
; PC[30]        ; 2.5 V        ; 0 s                 ; 0 s                 ; 2.32 V                       ; 4.44e-09 V                   ; 2.39 V              ; -0.0265 V           ; 0.2 V                                ; 0.033 V                              ; 2.94e-10 s                  ; 3.12e-10 s                  ; Yes                        ; Yes                        ; 2.32 V                      ; 4.44e-09 V                  ; 2.39 V             ; -0.0265 V          ; 0.2 V                               ; 0.033 V                             ; 2.94e-10 s                 ; 3.12e-10 s                 ; Yes                       ; Yes                       ;
; PC[31]        ; 2.5 V        ; 0 s                 ; 0 s                 ; 2.32 V                       ; 4.44e-09 V                   ; 2.38 V              ; -0.0145 V           ; 0.169 V                              ; 0.026 V                              ; 4.83e-10 s                  ; 4.71e-10 s                  ; Yes                        ; Yes                        ; 2.32 V                      ; 4.44e-09 V                  ; 2.38 V             ; -0.0145 V          ; 0.169 V                             ; 0.026 V                             ; 4.83e-10 s                 ; 4.71e-10 s                 ; Yes                       ; Yes                       ;
; Instr[0]      ; 2.5 V        ; 0 s                 ; 0 s                 ; 2.32 V                       ; 5.95e-09 V                   ; 2.38 V              ; -0.016 V            ; 0.22 V                               ; 0.025 V                              ; 3.06e-10 s                  ; 3.3e-10 s                   ; Yes                        ; Yes                        ; 2.32 V                      ; 5.95e-09 V                  ; 2.38 V             ; -0.016 V           ; 0.22 V                              ; 0.025 V                             ; 3.06e-10 s                 ; 3.3e-10 s                  ; Yes                       ; Yes                       ;
; Instr[1]      ; 2.5 V        ; 0 s                 ; 0 s                 ; 2.32 V                       ; 5.95e-09 V                   ; 2.38 V              ; -0.016 V            ; 0.22 V                               ; 0.025 V                              ; 3.06e-10 s                  ; 3.3e-10 s                   ; Yes                        ; Yes                        ; 2.32 V                      ; 5.95e-09 V                  ; 2.38 V             ; -0.016 V           ; 0.22 V                              ; 0.025 V                             ; 3.06e-10 s                 ; 3.3e-10 s                  ; Yes                       ; Yes                       ;
; Instr[2]      ; 2.5 V        ; 0 s                 ; 0 s                 ; 2.32 V                       ; 5.95e-09 V                   ; 2.38 V              ; -0.016 V            ; 0.22 V                               ; 0.025 V                              ; 3.06e-10 s                  ; 3.3e-10 s                   ; Yes                        ; Yes                        ; 2.32 V                      ; 5.95e-09 V                  ; 2.38 V             ; -0.016 V           ; 0.22 V                              ; 0.025 V                             ; 3.06e-10 s                 ; 3.3e-10 s                  ; Yes                       ; Yes                       ;
; Instr[3]      ; 2.5 V        ; 0 s                 ; 0 s                 ; 2.32 V                       ; 4.44e-09 V                   ; 2.38 V              ; -0.0145 V           ; 0.169 V                              ; 0.026 V                              ; 4.83e-10 s                  ; 4.71e-10 s                  ; Yes                        ; Yes                        ; 2.32 V                      ; 4.44e-09 V                  ; 2.38 V             ; -0.0145 V          ; 0.169 V                             ; 0.026 V                             ; 4.83e-10 s                 ; 4.71e-10 s                 ; Yes                       ; Yes                       ;
; Instr[4]      ; 2.5 V        ; 0 s                 ; 0 s                 ; 2.32 V                       ; 4.44e-09 V                   ; 2.39 V              ; -0.0265 V           ; 0.2 V                                ; 0.033 V                              ; 2.94e-10 s                  ; 3.12e-10 s                  ; Yes                        ; Yes                        ; 2.32 V                      ; 4.44e-09 V                  ; 2.39 V             ; -0.0265 V          ; 0.2 V                               ; 0.033 V                             ; 2.94e-10 s                 ; 3.12e-10 s                 ; Yes                       ; Yes                       ;
; Instr[5]      ; 2.5 V        ; 0 s                 ; 0 s                 ; 2.32 V                       ; 4.44e-09 V                   ; 2.38 V              ; -0.0145 V           ; 0.169 V                              ; 0.026 V                              ; 4.83e-10 s                  ; 4.71e-10 s                  ; Yes                        ; Yes                        ; 2.32 V                      ; 4.44e-09 V                  ; 2.38 V             ; -0.0145 V          ; 0.169 V                             ; 0.026 V                             ; 4.83e-10 s                 ; 4.71e-10 s                 ; Yes                       ; Yes                       ;
; Instr[6]      ; 2.5 V        ; 0 s                 ; 0 s                 ; 2.32 V                       ; 5.95e-09 V                   ; 2.38 V              ; -0.016 V            ; 0.22 V                               ; 0.025 V                              ; 3.06e-10 s                  ; 3.3e-10 s                   ; Yes                        ; Yes                        ; 2.32 V                      ; 5.95e-09 V                  ; 2.38 V             ; -0.016 V           ; 0.22 V                              ; 0.025 V                             ; 3.06e-10 s                 ; 3.3e-10 s                  ; Yes                       ; Yes                       ;
; Instr[7]      ; 2.5 V        ; 0 s                 ; 0 s                 ; 2.32 V                       ; 5.95e-09 V                   ; 2.38 V              ; -0.016 V            ; 0.22 V                               ; 0.025 V                              ; 3.06e-10 s                  ; 3.3e-10 s                   ; Yes                        ; Yes                        ; 2.32 V                      ; 5.95e-09 V                  ; 2.38 V             ; -0.016 V           ; 0.22 V                              ; 0.025 V                             ; 3.06e-10 s                 ; 3.3e-10 s                  ; Yes                       ; Yes                       ;
; Instr[8]      ; 2.5 V        ; 0 s                 ; 0 s                 ; 2.32 V                       ; 5.95e-09 V                   ; 2.38 V              ; -0.016 V            ; 0.22 V                               ; 0.025 V                              ; 3.06e-10 s                  ; 3.3e-10 s                   ; Yes                        ; Yes                        ; 2.32 V                      ; 5.95e-09 V                  ; 2.38 V             ; -0.016 V           ; 0.22 V                              ; 0.025 V                             ; 3.06e-10 s                 ; 3.3e-10 s                  ; Yes                       ; Yes                       ;
; Instr[9]      ; 2.5 V        ; 0 s                 ; 0 s                 ; 2.32 V                       ; 5.95e-09 V                   ; 2.38 V              ; -0.016 V            ; 0.22 V                               ; 0.025 V                              ; 3.06e-10 s                  ; 3.3e-10 s                   ; Yes                        ; Yes                        ; 2.32 V                      ; 5.95e-09 V                  ; 2.38 V             ; -0.016 V           ; 0.22 V                              ; 0.025 V                             ; 3.06e-10 s                 ; 3.3e-10 s                  ; Yes                       ; Yes                       ;
; Instr[10]     ; 2.5 V        ; 0 s                 ; 0 s                 ; 2.32 V                       ; 5.95e-09 V                   ; 2.38 V              ; -0.016 V            ; 0.22 V                               ; 0.025 V                              ; 3.06e-10 s                  ; 3.3e-10 s                   ; Yes                        ; Yes                        ; 2.32 V                      ; 5.95e-09 V                  ; 2.38 V             ; -0.016 V           ; 0.22 V                              ; 0.025 V                             ; 3.06e-10 s                 ; 3.3e-10 s                  ; Yes                       ; Yes                       ;
; Instr[11]     ; 2.5 V        ; 0 s                 ; 0 s                 ; 2.32 V                       ; 5.95e-09 V                   ; 2.38 V              ; -0.016 V            ; 0.22 V                               ; 0.025 V                              ; 3.06e-10 s                  ; 3.3e-10 s                   ; Yes                        ; Yes                        ; 2.32 V                      ; 5.95e-09 V                  ; 2.38 V             ; -0.016 V           ; 0.22 V                              ; 0.025 V                             ; 3.06e-10 s                 ; 3.3e-10 s                  ; Yes                       ; Yes                       ;
; Instr[12]     ; 2.5 V        ; 0 s                 ; 0 s                 ; 2.32 V                       ; 5.95e-09 V                   ; 2.38 V              ; -0.016 V            ; 0.22 V                               ; 0.025 V                              ; 3.06e-10 s                  ; 3.3e-10 s                   ; Yes                        ; Yes                        ; 2.32 V                      ; 5.95e-09 V                  ; 2.38 V             ; -0.016 V           ; 0.22 V                              ; 0.025 V                             ; 3.06e-10 s                 ; 3.3e-10 s                  ; Yes                       ; Yes                       ;
; Instr[13]     ; 2.5 V        ; 0 s                 ; 0 s                 ; 2.32 V                       ; 5.95e-09 V                   ; 2.38 V              ; -0.016 V            ; 0.22 V                               ; 0.025 V                              ; 3.06e-10 s                  ; 3.3e-10 s                   ; Yes                        ; Yes                        ; 2.32 V                      ; 5.95e-09 V                  ; 2.38 V             ; -0.016 V           ; 0.22 V                              ; 0.025 V                             ; 3.06e-10 s                 ; 3.3e-10 s                  ; Yes                       ; Yes                       ;
; Instr[14]     ; 2.5 V        ; 0 s                 ; 0 s                 ; 2.32 V                       ; 5.95e-09 V                   ; 2.38 V              ; -0.016 V            ; 0.22 V                               ; 0.025 V                              ; 3.06e-10 s                  ; 3.3e-10 s                   ; Yes                        ; Yes                        ; 2.32 V                      ; 5.95e-09 V                  ; 2.38 V             ; -0.016 V           ; 0.22 V                              ; 0.025 V                             ; 3.06e-10 s                 ; 3.3e-10 s                  ; Yes                       ; Yes                       ;
; Instr[15]     ; 2.5 V        ; 0 s                 ; 0 s                 ; 2.32 V                       ; 4.44e-09 V                   ; 2.38 V              ; -0.0145 V           ; 0.169 V                              ; 0.026 V                              ; 4.83e-10 s                  ; 4.71e-10 s                  ; Yes                        ; Yes                        ; 2.32 V                      ; 4.44e-09 V                  ; 2.38 V             ; -0.0145 V          ; 0.169 V                             ; 0.026 V                             ; 4.83e-10 s                 ; 4.71e-10 s                 ; Yes                       ; Yes                       ;
; Instr[16]     ; 2.5 V        ; 0 s                 ; 0 s                 ; 2.32 V                       ; 4.44e-09 V                   ; 2.33 V              ; -0.00624 V          ; 0.185 V                              ; 0.097 V                              ; 2.82e-09 s                  ; 2.56e-09 s                  ; No                         ; Yes                        ; 2.32 V                      ; 4.44e-09 V                  ; 2.33 V             ; -0.00624 V         ; 0.185 V                             ; 0.097 V                             ; 2.82e-09 s                 ; 2.56e-09 s                 ; No                        ; Yes                       ;
; Instr[17]     ; 2.5 V        ; 0 s                 ; 0 s                 ; 2.32 V                       ; 4.44e-09 V                   ; 2.38 V              ; -0.0145 V           ; 0.169 V                              ; 0.026 V                              ; 4.83e-10 s                  ; 4.71e-10 s                  ; Yes                        ; Yes                        ; 2.32 V                      ; 4.44e-09 V                  ; 2.38 V             ; -0.0145 V          ; 0.169 V                             ; 0.026 V                             ; 4.83e-10 s                 ; 4.71e-10 s                 ; Yes                       ; Yes                       ;
; Instr[18]     ; 2.5 V        ; 0 s                 ; 0 s                 ; 2.32 V                       ; 5.95e-09 V                   ; 2.33 V              ; -0.00616 V          ; 0.191 V                              ; 0.099 V                              ; 2.83e-09 s                  ; 2.56e-09 s                  ; No                         ; Yes                        ; 2.32 V                      ; 5.95e-09 V                  ; 2.33 V             ; -0.00616 V         ; 0.191 V                             ; 0.099 V                             ; 2.83e-09 s                 ; 2.56e-09 s                 ; No                        ; Yes                       ;
; Instr[19]     ; 2.5 V        ; 0 s                 ; 0 s                 ; 2.32 V                       ; 4.44e-09 V                   ; 2.38 V              ; -0.0145 V           ; 0.169 V                              ; 0.026 V                              ; 4.83e-10 s                  ; 4.71e-10 s                  ; Yes                        ; Yes                        ; 2.32 V                      ; 4.44e-09 V                  ; 2.38 V             ; -0.0145 V          ; 0.169 V                             ; 0.026 V                             ; 4.83e-10 s                 ; 4.71e-10 s                 ; Yes                       ; Yes                       ;
; Instr[20]     ; 2.5 V        ; 0 s                 ; 0 s                 ; 2.32 V                       ; 4.44e-09 V                   ; 2.38 V              ; -0.0145 V           ; 0.169 V                              ; 0.026 V                              ; 4.83e-10 s                  ; 4.71e-10 s                  ; Yes                        ; Yes                        ; 2.32 V                      ; 4.44e-09 V                  ; 2.38 V             ; -0.0145 V          ; 0.169 V                             ; 0.026 V                             ; 4.83e-10 s                 ; 4.71e-10 s                 ; Yes                       ; Yes                       ;
; Instr[21]     ; 2.5 V        ; 0 s                 ; 0 s                 ; 2.32 V                       ; 5.95e-09 V                   ; 2.38 V              ; -0.016 V            ; 0.22 V                               ; 0.025 V                              ; 3.06e-10 s                  ; 3.3e-10 s                   ; Yes                        ; Yes                        ; 2.32 V                      ; 5.95e-09 V                  ; 2.38 V             ; -0.016 V           ; 0.22 V                              ; 0.025 V                             ; 3.06e-10 s                 ; 3.3e-10 s                  ; Yes                       ; Yes                       ;
; Instr[22]     ; 2.5 V        ; 0 s                 ; 0 s                 ; 2.32 V                       ; 5.95e-09 V                   ; 2.38 V              ; -0.016 V            ; 0.22 V                               ; 0.025 V                              ; 3.06e-10 s                  ; 3.3e-10 s                   ; Yes                        ; Yes                        ; 2.32 V                      ; 5.95e-09 V                  ; 2.38 V             ; -0.016 V           ; 0.22 V                              ; 0.025 V                             ; 3.06e-10 s                 ; 3.3e-10 s                  ; Yes                       ; Yes                       ;
; Instr[23]     ; 2.5 V        ; 0 s                 ; 0 s                 ; 2.32 V                       ; 4.44e-09 V                   ; 2.33 V              ; -0.00624 V          ; 0.185 V                              ; 0.097 V                              ; 2.82e-09 s                  ; 2.56e-09 s                  ; No                         ; Yes                        ; 2.32 V                      ; 4.44e-09 V                  ; 2.33 V             ; -0.00624 V         ; 0.185 V                             ; 0.097 V                             ; 2.82e-09 s                 ; 2.56e-09 s                 ; No                        ; Yes                       ;
; Instr[24]     ; 2.5 V        ; 0 s                 ; 0 s                 ; 2.32 V                       ; 5.95e-09 V                   ; 2.38 V              ; -0.016 V            ; 0.22 V                               ; 0.025 V                              ; 3.06e-10 s                  ; 3.3e-10 s                   ; Yes                        ; Yes                        ; 2.32 V                      ; 5.95e-09 V                  ; 2.38 V             ; -0.016 V           ; 0.22 V                              ; 0.025 V                             ; 3.06e-10 s                 ; 3.3e-10 s                  ; Yes                       ; Yes                       ;
; Instr[25]     ; 2.5 V        ; 0 s                 ; 0 s                 ; 2.32 V                       ; 5.95e-09 V                   ; 2.38 V              ; -0.016 V            ; 0.22 V                               ; 0.025 V                              ; 3.06e-10 s                  ; 3.3e-10 s                   ; Yes                        ; Yes                        ; 2.32 V                      ; 5.95e-09 V                  ; 2.38 V             ; -0.016 V           ; 0.22 V                              ; 0.025 V                             ; 3.06e-10 s                 ; 3.3e-10 s                  ; Yes                       ; Yes                       ;
; Instr[26]     ; 2.5 V        ; 0 s                 ; 0 s                 ; 2.32 V                       ; 5.95e-09 V                   ; 2.38 V              ; -0.016 V            ; 0.22 V                               ; 0.025 V                              ; 3.06e-10 s                  ; 3.3e-10 s                   ; Yes                        ; Yes                        ; 2.32 V                      ; 5.95e-09 V                  ; 2.38 V             ; -0.016 V           ; 0.22 V                              ; 0.025 V                             ; 3.06e-10 s                 ; 3.3e-10 s                  ; Yes                       ; Yes                       ;
; Instr[27]     ; 2.5 V        ; 0 s                 ; 0 s                 ; 2.32 V                       ; 4.44e-09 V                   ; 2.38 V              ; -0.0145 V           ; 0.169 V                              ; 0.026 V                              ; 4.83e-10 s                  ; 4.71e-10 s                  ; Yes                        ; Yes                        ; 2.32 V                      ; 4.44e-09 V                  ; 2.38 V             ; -0.0145 V          ; 0.169 V                             ; 0.026 V                             ; 4.83e-10 s                 ; 4.71e-10 s                 ; Yes                       ; Yes                       ;
; Instr[28]     ; 2.5 V        ; 0 s                 ; 0 s                 ; 2.32 V                       ; 4.44e-09 V                   ; 2.39 V              ; -0.0265 V           ; 0.2 V                                ; 0.033 V                              ; 2.94e-10 s                  ; 3.12e-10 s                  ; Yes                        ; Yes                        ; 2.32 V                      ; 4.44e-09 V                  ; 2.39 V             ; -0.0265 V          ; 0.2 V                               ; 0.033 V                             ; 2.94e-10 s                 ; 3.12e-10 s                 ; Yes                       ; Yes                       ;
; Instr[29]     ; 2.5 V        ; 0 s                 ; 0 s                 ; 2.32 V                       ; 4.44e-09 V                   ; 2.39 V              ; -0.0265 V           ; 0.2 V                                ; 0.033 V                              ; 2.94e-10 s                  ; 3.12e-10 s                  ; Yes                        ; Yes                        ; 2.32 V                      ; 4.44e-09 V                  ; 2.39 V             ; -0.0265 V          ; 0.2 V                               ; 0.033 V                             ; 2.94e-10 s                 ; 3.12e-10 s                 ; Yes                       ; Yes                       ;
; Instr[30]     ; 2.5 V        ; 0 s                 ; 0 s                 ; 2.32 V                       ; 4.44e-09 V                   ; 2.39 V              ; -0.0265 V           ; 0.2 V                                ; 0.033 V                              ; 2.94e-10 s                  ; 3.12e-10 s                  ; Yes                        ; Yes                        ; 2.32 V                      ; 4.44e-09 V                  ; 2.39 V             ; -0.0265 V          ; 0.2 V                               ; 0.033 V                             ; 2.94e-10 s                 ; 3.12e-10 s                 ; Yes                       ; Yes                       ;
; Instr[31]     ; 2.5 V        ; 0 s                 ; 0 s                 ; 2.32 V                       ; 4.44e-09 V                   ; 2.39 V              ; -0.0265 V           ; 0.2 V                                ; 0.033 V                              ; 2.94e-10 s                  ; 3.12e-10 s                  ; Yes                        ; Yes                        ; 2.32 V                      ; 4.44e-09 V                  ; 2.39 V             ; -0.0265 V          ; 0.2 V                               ; 0.033 V                             ; 2.94e-10 s                 ; 3.12e-10 s                 ; Yes                       ; Yes                       ;
; Regout[0]     ; 2.5 V        ; 0 s                 ; 0 s                 ; 2.32 V                       ; 5.95e-09 V                   ; 2.38 V              ; -0.016 V            ; 0.22 V                               ; 0.025 V                              ; 3.06e-10 s                  ; 3.3e-10 s                   ; Yes                        ; Yes                        ; 2.32 V                      ; 5.95e-09 V                  ; 2.38 V             ; -0.016 V           ; 0.22 V                              ; 0.025 V                             ; 3.06e-10 s                 ; 3.3e-10 s                  ; Yes                       ; Yes                       ;
; Regout[1]     ; 2.5 V        ; 0 s                 ; 0 s                 ; 2.32 V                       ; 5.95e-09 V                   ; 2.38 V              ; -0.016 V            ; 0.22 V                               ; 0.025 V                              ; 3.06e-10 s                  ; 3.3e-10 s                   ; Yes                        ; Yes                        ; 2.32 V                      ; 5.95e-09 V                  ; 2.38 V             ; -0.016 V           ; 0.22 V                              ; 0.025 V                             ; 3.06e-10 s                 ; 3.3e-10 s                  ; Yes                       ; Yes                       ;
; Regout[2]     ; 2.5 V        ; 0 s                 ; 0 s                 ; 2.32 V                       ; 5.95e-09 V                   ; 2.38 V              ; -0.016 V            ; 0.22 V                               ; 0.025 V                              ; 3.06e-10 s                  ; 3.3e-10 s                   ; Yes                        ; Yes                        ; 2.32 V                      ; 5.95e-09 V                  ; 2.38 V             ; -0.016 V           ; 0.22 V                              ; 0.025 V                             ; 3.06e-10 s                 ; 3.3e-10 s                  ; Yes                       ; Yes                       ;
; Regout[3]     ; 2.5 V        ; 0 s                 ; 0 s                 ; 2.32 V                       ; 5.95e-09 V                   ; 2.38 V              ; -0.016 V            ; 0.22 V                               ; 0.025 V                              ; 3.06e-10 s                  ; 3.3e-10 s                   ; Yes                        ; Yes                        ; 2.32 V                      ; 5.95e-09 V                  ; 2.38 V             ; -0.016 V           ; 0.22 V                              ; 0.025 V                             ; 3.06e-10 s                 ; 3.3e-10 s                  ; Yes                       ; Yes                       ;
; Regout[4]     ; 2.5 V        ; 0 s                 ; 0 s                 ; 2.32 V                       ; 5.95e-09 V                   ; 2.38 V              ; -0.016 V            ; 0.22 V                               ; 0.025 V                              ; 3.06e-10 s                  ; 3.3e-10 s                   ; Yes                        ; Yes                        ; 2.32 V                      ; 5.95e-09 V                  ; 2.38 V             ; -0.016 V           ; 0.22 V                              ; 0.025 V                             ; 3.06e-10 s                 ; 3.3e-10 s                  ; Yes                       ; Yes                       ;
; Regout[5]     ; 2.5 V        ; 0 s                 ; 0 s                 ; 2.32 V                       ; 5.95e-09 V                   ; 2.38 V              ; -0.016 V            ; 0.22 V                               ; 0.025 V                              ; 3.06e-10 s                  ; 3.3e-10 s                   ; Yes                        ; Yes                        ; 2.32 V                      ; 5.95e-09 V                  ; 2.38 V             ; -0.016 V           ; 0.22 V                              ; 0.025 V                             ; 3.06e-10 s                 ; 3.3e-10 s                  ; Yes                       ; Yes                       ;
; Regout[6]     ; 2.5 V        ; 0 s                 ; 0 s                 ; 2.32 V                       ; 5.95e-09 V                   ; 2.38 V              ; -0.016 V            ; 0.22 V                               ; 0.025 V                              ; 3.06e-10 s                  ; 3.3e-10 s                   ; Yes                        ; Yes                        ; 2.32 V                      ; 5.95e-09 V                  ; 2.38 V             ; -0.016 V           ; 0.22 V                              ; 0.025 V                             ; 3.06e-10 s                 ; 3.3e-10 s                  ; Yes                       ; Yes                       ;
; Regout[7]     ; 2.5 V        ; 0 s                 ; 0 s                 ; 2.32 V                       ; 5.95e-09 V                   ; 2.33 V              ; -0.00616 V          ; 0.191 V                              ; 0.099 V                              ; 2.83e-09 s                  ; 2.56e-09 s                  ; No                         ; Yes                        ; 2.32 V                      ; 5.95e-09 V                  ; 2.33 V             ; -0.00616 V         ; 0.191 V                             ; 0.099 V                             ; 2.83e-09 s                 ; 2.56e-09 s                 ; No                        ; Yes                       ;
; Regout[8]     ; 2.5 V        ; 0 s                 ; 0 s                 ; 2.32 V                       ; 5.95e-09 V                   ; 2.38 V              ; -0.016 V            ; 0.22 V                               ; 0.025 V                              ; 3.06e-10 s                  ; 3.3e-10 s                   ; Yes                        ; Yes                        ; 2.32 V                      ; 5.95e-09 V                  ; 2.38 V             ; -0.016 V           ; 0.22 V                              ; 0.025 V                             ; 3.06e-10 s                 ; 3.3e-10 s                  ; Yes                       ; Yes                       ;
; Regout[9]     ; 2.5 V        ; 0 s                 ; 0 s                 ; 2.32 V                       ; 5.95e-09 V                   ; 2.38 V              ; -0.016 V            ; 0.22 V                               ; 0.025 V                              ; 3.06e-10 s                  ; 3.3e-10 s                   ; Yes                        ; Yes                        ; 2.32 V                      ; 5.95e-09 V                  ; 2.38 V             ; -0.016 V           ; 0.22 V                              ; 0.025 V                             ; 3.06e-10 s                 ; 3.3e-10 s                  ; Yes                       ; Yes                       ;
; Regout[10]    ; 2.5 V        ; 0 s                 ; 0 s                 ; 2.32 V                       ; 5.95e-09 V                   ; 2.38 V              ; -0.016 V            ; 0.22 V                               ; 0.025 V                              ; 3.06e-10 s                  ; 3.3e-10 s                   ; Yes                        ; Yes                        ; 2.32 V                      ; 5.95e-09 V                  ; 2.38 V             ; -0.016 V           ; 0.22 V                              ; 0.025 V                             ; 3.06e-10 s                 ; 3.3e-10 s                  ; Yes                       ; Yes                       ;
; Regout[11]    ; 2.5 V        ; 0 s                 ; 0 s                 ; 2.32 V                       ; 5.95e-09 V                   ; 2.38 V              ; -0.016 V            ; 0.22 V                               ; 0.025 V                              ; 3.06e-10 s                  ; 3.3e-10 s                   ; Yes                        ; Yes                        ; 2.32 V                      ; 5.95e-09 V                  ; 2.38 V             ; -0.016 V           ; 0.22 V                              ; 0.025 V                             ; 3.06e-10 s                 ; 3.3e-10 s                  ; Yes                       ; Yes                       ;
; Regout[12]    ; 2.5 V        ; 0 s                 ; 0 s                 ; 2.32 V                       ; 5.95e-09 V                   ; 2.38 V              ; -0.016 V            ; 0.22 V                               ; 0.025 V                              ; 3.06e-10 s                  ; 3.3e-10 s                   ; Yes                        ; Yes                        ; 2.32 V                      ; 5.95e-09 V                  ; 2.38 V             ; -0.016 V           ; 0.22 V                              ; 0.025 V                             ; 3.06e-10 s                 ; 3.3e-10 s                  ; Yes                       ; Yes                       ;
; Regout[13]    ; 2.5 V        ; 0 s                 ; 0 s                 ; 2.32 V                       ; 5.95e-09 V                   ; 2.38 V              ; -0.016 V            ; 0.22 V                               ; 0.025 V                              ; 3.06e-10 s                  ; 3.3e-10 s                   ; Yes                        ; Yes                        ; 2.32 V                      ; 5.95e-09 V                  ; 2.38 V             ; -0.016 V           ; 0.22 V                              ; 0.025 V                             ; 3.06e-10 s                 ; 3.3e-10 s                  ; Yes                       ; Yes                       ;
; Regout[14]    ; 2.5 V        ; 0 s                 ; 0 s                 ; 2.32 V                       ; 5.95e-09 V                   ; 2.38 V              ; -0.016 V            ; 0.22 V                               ; 0.025 V                              ; 3.06e-10 s                  ; 3.3e-10 s                   ; Yes                        ; Yes                        ; 2.32 V                      ; 5.95e-09 V                  ; 2.38 V             ; -0.016 V           ; 0.22 V                              ; 0.025 V                             ; 3.06e-10 s                 ; 3.3e-10 s                  ; Yes                       ; Yes                       ;
; Regout[15]    ; 2.5 V        ; 0 s                 ; 0 s                 ; 2.32 V                       ; 5.95e-09 V                   ; 2.38 V              ; -0.016 V            ; 0.22 V                               ; 0.025 V                              ; 3.06e-10 s                  ; 3.3e-10 s                   ; Yes                        ; Yes                        ; 2.32 V                      ; 5.95e-09 V                  ; 2.38 V             ; -0.016 V           ; 0.22 V                              ; 0.025 V                             ; 3.06e-10 s                 ; 3.3e-10 s                  ; Yes                       ; Yes                       ;
; Regout[16]    ; 2.5 V        ; 0 s                 ; 0 s                 ; 2.32 V                       ; 5.95e-09 V                   ; 2.38 V              ; -0.016 V            ; 0.22 V                               ; 0.025 V                              ; 3.06e-10 s                  ; 3.3e-10 s                   ; Yes                        ; Yes                        ; 2.32 V                      ; 5.95e-09 V                  ; 2.38 V             ; -0.016 V           ; 0.22 V                              ; 0.025 V                             ; 3.06e-10 s                 ; 3.3e-10 s                  ; Yes                       ; Yes                       ;
; Regout[17]    ; 2.5 V        ; 0 s                 ; 0 s                 ; 2.32 V                       ; 5.95e-09 V                   ; 2.38 V              ; -0.016 V            ; 0.22 V                               ; 0.025 V                              ; 3.06e-10 s                  ; 3.3e-10 s                   ; Yes                        ; Yes                        ; 2.32 V                      ; 5.95e-09 V                  ; 2.38 V             ; -0.016 V           ; 0.22 V                              ; 0.025 V                             ; 3.06e-10 s                 ; 3.3e-10 s                  ; Yes                       ; Yes                       ;
; Regout[18]    ; 2.5 V        ; 0 s                 ; 0 s                 ; 2.32 V                       ; 4.44e-09 V                   ; 2.38 V              ; -0.0145 V           ; 0.169 V                              ; 0.026 V                              ; 4.83e-10 s                  ; 4.71e-10 s                  ; Yes                        ; Yes                        ; 2.32 V                      ; 4.44e-09 V                  ; 2.38 V             ; -0.0145 V          ; 0.169 V                             ; 0.026 V                             ; 4.83e-10 s                 ; 4.71e-10 s                 ; Yes                       ; Yes                       ;
; Regout[19]    ; 2.5 V        ; 0 s                 ; 0 s                 ; 2.32 V                       ; 5.95e-09 V                   ; 2.38 V              ; -0.016 V            ; 0.22 V                               ; 0.025 V                              ; 3.06e-10 s                  ; 3.3e-10 s                   ; Yes                        ; Yes                        ; 2.32 V                      ; 5.95e-09 V                  ; 2.38 V             ; -0.016 V           ; 0.22 V                              ; 0.025 V                             ; 3.06e-10 s                 ; 3.3e-10 s                  ; Yes                       ; Yes                       ;
; Regout[20]    ; 2.5 V        ; 0 s                 ; 0 s                 ; 2.32 V                       ; 5.95e-09 V                   ; 2.38 V              ; -0.016 V            ; 0.22 V                               ; 0.025 V                              ; 3.06e-10 s                  ; 3.3e-10 s                   ; Yes                        ; Yes                        ; 2.32 V                      ; 5.95e-09 V                  ; 2.38 V             ; -0.016 V           ; 0.22 V                              ; 0.025 V                             ; 3.06e-10 s                 ; 3.3e-10 s                  ; Yes                       ; Yes                       ;
; Regout[21]    ; 2.5 V        ; 0 s                 ; 0 s                 ; 2.32 V                       ; 5.95e-09 V                   ; 2.38 V              ; -0.016 V            ; 0.22 V                               ; 0.025 V                              ; 3.06e-10 s                  ; 3.3e-10 s                   ; Yes                        ; Yes                        ; 2.32 V                      ; 5.95e-09 V                  ; 2.38 V             ; -0.016 V           ; 0.22 V                              ; 0.025 V                             ; 3.06e-10 s                 ; 3.3e-10 s                  ; Yes                       ; Yes                       ;
; Regout[22]    ; 2.5 V        ; 0 s                 ; 0 s                 ; 2.32 V                       ; 5.95e-09 V                   ; 2.38 V              ; -0.016 V            ; 0.22 V                               ; 0.025 V                              ; 3.06e-10 s                  ; 3.3e-10 s                   ; Yes                        ; Yes                        ; 2.32 V                      ; 5.95e-09 V                  ; 2.38 V             ; -0.016 V           ; 0.22 V                              ; 0.025 V                             ; 3.06e-10 s                 ; 3.3e-10 s                  ; Yes                       ; Yes                       ;
; Regout[23]    ; 2.5 V        ; 0 s                 ; 0 s                 ; 2.32 V                       ; 5.95e-09 V                   ; 2.38 V              ; -0.016 V            ; 0.22 V                               ; 0.025 V                              ; 3.06e-10 s                  ; 3.3e-10 s                   ; Yes                        ; Yes                        ; 2.32 V                      ; 5.95e-09 V                  ; 2.38 V             ; -0.016 V           ; 0.22 V                              ; 0.025 V                             ; 3.06e-10 s                 ; 3.3e-10 s                  ; Yes                       ; Yes                       ;
; Regout[24]    ; 2.5 V        ; 0 s                 ; 0 s                 ; 2.32 V                       ; 5.95e-09 V                   ; 2.38 V              ; -0.016 V            ; 0.22 V                               ; 0.025 V                              ; 3.06e-10 s                  ; 3.3e-10 s                   ; Yes                        ; Yes                        ; 2.32 V                      ; 5.95e-09 V                  ; 2.38 V             ; -0.016 V           ; 0.22 V                              ; 0.025 V                             ; 3.06e-10 s                 ; 3.3e-10 s                  ; Yes                       ; Yes                       ;
; Regout[25]    ; 2.5 V        ; 0 s                 ; 0 s                 ; 2.32 V                       ; 5.95e-09 V                   ; 2.38 V              ; -0.016 V            ; 0.22 V                               ; 0.025 V                              ; 3.06e-10 s                  ; 3.3e-10 s                   ; Yes                        ; Yes                        ; 2.32 V                      ; 5.95e-09 V                  ; 2.38 V             ; -0.016 V           ; 0.22 V                              ; 0.025 V                             ; 3.06e-10 s                 ; 3.3e-10 s                  ; Yes                       ; Yes                       ;
; Regout[26]    ; 2.5 V        ; 0 s                 ; 0 s                 ; 2.32 V                       ; 5.95e-09 V                   ; 2.38 V              ; -0.016 V            ; 0.22 V                               ; 0.025 V                              ; 3.06e-10 s                  ; 3.3e-10 s                   ; Yes                        ; Yes                        ; 2.32 V                      ; 5.95e-09 V                  ; 2.38 V             ; -0.016 V           ; 0.22 V                              ; 0.025 V                             ; 3.06e-10 s                 ; 3.3e-10 s                  ; Yes                       ; Yes                       ;
; Regout[27]    ; 2.5 V        ; 0 s                 ; 0 s                 ; 2.32 V                       ; 5.95e-09 V                   ; 2.38 V              ; -0.016 V            ; 0.22 V                               ; 0.025 V                              ; 3.06e-10 s                  ; 3.3e-10 s                   ; Yes                        ; Yes                        ; 2.32 V                      ; 5.95e-09 V                  ; 2.38 V             ; -0.016 V           ; 0.22 V                              ; 0.025 V                             ; 3.06e-10 s                 ; 3.3e-10 s                  ; Yes                       ; Yes                       ;
; Regout[28]    ; 2.5 V        ; 0 s                 ; 0 s                 ; 2.32 V                       ; 5.95e-09 V                   ; 2.38 V              ; -0.016 V            ; 0.22 V                               ; 0.025 V                              ; 3.06e-10 s                  ; 3.3e-10 s                   ; Yes                        ; Yes                        ; 2.32 V                      ; 5.95e-09 V                  ; 2.38 V             ; -0.016 V           ; 0.22 V                              ; 0.025 V                             ; 3.06e-10 s                 ; 3.3e-10 s                  ; Yes                       ; Yes                       ;
; Regout[29]    ; 2.5 V        ; 0 s                 ; 0 s                 ; 2.32 V                       ; 5.95e-09 V                   ; 2.38 V              ; -0.016 V            ; 0.22 V                               ; 0.025 V                              ; 3.06e-10 s                  ; 3.3e-10 s                   ; Yes                        ; Yes                        ; 2.32 V                      ; 5.95e-09 V                  ; 2.38 V             ; -0.016 V           ; 0.22 V                              ; 0.025 V                             ; 3.06e-10 s                 ; 3.3e-10 s                  ; Yes                       ; Yes                       ;
; Regout[30]    ; 2.5 V        ; 0 s                 ; 0 s                 ; 2.32 V                       ; 4.44e-09 V                   ; 2.38 V              ; -0.0145 V           ; 0.169 V                              ; 0.026 V                              ; 4.83e-10 s                  ; 4.71e-10 s                  ; Yes                        ; Yes                        ; 2.32 V                      ; 4.44e-09 V                  ; 2.38 V             ; -0.0145 V          ; 0.169 V                             ; 0.026 V                             ; 4.83e-10 s                 ; 4.71e-10 s                 ; Yes                       ; Yes                       ;
; Regout[31]    ; 2.5 V        ; 0 s                 ; 0 s                 ; 2.32 V                       ; 5.95e-09 V                   ; 2.38 V              ; -0.016 V            ; 0.22 V                               ; 0.025 V                              ; 3.06e-10 s                  ; 3.3e-10 s                   ; Yes                        ; Yes                        ; 2.32 V                      ; 5.95e-09 V                  ; 2.38 V             ; -0.016 V           ; 0.22 V                              ; 0.025 V                             ; 3.06e-10 s                 ; 3.3e-10 s                  ; Yes                       ; Yes                       ;
; Estado[0]     ; 2.5 V        ; 0 s                 ; 0 s                 ; 2.32 V                       ; 5.95e-09 V                   ; 2.38 V              ; -0.016 V            ; 0.22 V                               ; 0.025 V                              ; 3.06e-10 s                  ; 3.3e-10 s                   ; Yes                        ; Yes                        ; 2.32 V                      ; 5.95e-09 V                  ; 2.38 V             ; -0.016 V           ; 0.22 V                              ; 0.025 V                             ; 3.06e-10 s                 ; 3.3e-10 s                  ; Yes                       ; Yes                       ;
; Estado[1]     ; 2.5 V        ; 0 s                 ; 0 s                 ; 2.32 V                       ; 4.44e-09 V                   ; 2.38 V              ; -0.0145 V           ; 0.169 V                              ; 0.026 V                              ; 4.83e-10 s                  ; 4.71e-10 s                  ; Yes                        ; Yes                        ; 2.32 V                      ; 4.44e-09 V                  ; 2.38 V             ; -0.0145 V          ; 0.169 V                             ; 0.026 V                             ; 4.83e-10 s                 ; 4.71e-10 s                 ; Yes                       ; Yes                       ;
; Estado[2]     ; 2.5 V        ; 0 s                 ; 0 s                 ; 2.32 V                       ; 5.95e-09 V                   ; 2.38 V              ; -0.016 V            ; 0.22 V                               ; 0.025 V                              ; 3.06e-10 s                  ; 3.3e-10 s                   ; Yes                        ; Yes                        ; 2.32 V                      ; 5.95e-09 V                  ; 2.38 V             ; -0.016 V           ; 0.22 V                              ; 0.025 V                             ; 3.06e-10 s                 ; 3.3e-10 s                  ; Yes                       ; Yes                       ;
; Estado[3]     ; 2.5 V        ; 0 s                 ; 0 s                 ; 2.32 V                       ; 5.95e-09 V                   ; 2.38 V              ; -0.016 V            ; 0.22 V                               ; 0.025 V                              ; 3.06e-10 s                  ; 3.3e-10 s                   ; Yes                        ; Yes                        ; 2.32 V                      ; 5.95e-09 V                  ; 2.38 V             ; -0.016 V           ; 0.22 V                              ; 0.025 V                             ; 3.06e-10 s                 ; 3.3e-10 s                  ; Yes                       ; Yes                       ;
; ~ALTERA_DCLK~ ; 2.5 V        ; 0 s                 ; 0 s                 ; 2.32 V                       ; 3.45e-09 V                   ; 2.38 V              ; -0.0609 V           ; 0.148 V                              ; 0.095 V                              ; 2.82e-10 s                  ; 2.59e-10 s                  ; Yes                        ; Yes                        ; 2.32 V                      ; 3.45e-09 V                  ; 2.38 V             ; -0.0609 V          ; 0.148 V                             ; 0.095 V                             ; 2.82e-10 s                 ; 2.59e-10 s                 ; Yes                       ; Yes                       ;
; ~ALTERA_nCEO~ ; 2.5 V        ; 0 s                 ; 0 s                 ; 2.32 V                       ; 5.61e-09 V                   ; 2.38 V              ; -0.00274 V          ; 0.141 V                              ; 0.006 V                              ; 4.7e-10 s                   ; 6.02e-10 s                  ; Yes                        ; Yes                        ; 2.32 V                      ; 5.61e-09 V                  ; 2.38 V             ; -0.00274 V         ; 0.141 V                             ; 0.006 V                             ; 4.7e-10 s                  ; 6.02e-10 s                 ; Yes                       ; Yes                       ;
+---------------+--------------+---------------------+---------------------+------------------------------+------------------------------+---------------------+---------------------+--------------------------------------+--------------------------------------+-----------------------------+-----------------------------+----------------------------+----------------------------+-----------------------------+-----------------------------+--------------------+--------------------+-------------------------------------+-------------------------------------+----------------------------+----------------------------+---------------------------+---------------------------+


+--------------------------------------------------------------------------------------------------------------------------------------------------------------------------------------------------------------------------------------------------------------------------------------------------------------------------------------------------------------------------------------------------------------------------------------------------------------------------------------------------------------------------------------------------------------------------------------------------------------------------------------------------------------------------------------------+
; Signal Integrity Metrics (Slow 1200mv 85c Model)                                                                                                                                                                                                                                                                                                                                                                                                                                                                                                                                                                                                                                           ;
+---------------+--------------+---------------------+---------------------+------------------------------+------------------------------+---------------------+---------------------+--------------------------------------+--------------------------------------+-----------------------------+-----------------------------+----------------------------+----------------------------+-----------------------------+-----------------------------+--------------------+--------------------+-------------------------------------+-------------------------------------+----------------------------+----------------------------+---------------------------+---------------------------+
; Pin           ; I/O Standard ; Board Delay on Rise ; Board Delay on Fall ; Steady State Voh at FPGA Pin ; Steady State Vol at FPGA Pin ; Voh Max at FPGA Pin ; Vol Min at FPGA Pin ; Ringback Voltage on Rise at FPGA Pin ; Ringback Voltage on Fall at FPGA Pin ; 10-90 Rise Time at FPGA Pin ; 90-10 Fall Time at FPGA Pin ; Monotonic Rise at FPGA Pin ; Monotonic Fall at FPGA Pin ; Steady State Voh at Far-end ; Steady State Vol at Far-end ; Voh Max at Far-end ; Vol Min at Far-end ; Ringback Voltage on Rise at Far-end ; Ringback Voltage on Fall at Far-end ; 10-90 Rise Time at Far-end ; 90-10 Fall Time at Far-end ; Monotonic Rise at Far-end ; Monotonic Fall at Far-end ;
+---------------+--------------+---------------------+---------------------+------------------------------+------------------------------+---------------------+---------------------+--------------------------------------+--------------------------------------+-----------------------------+-----------------------------+----------------------------+----------------------------+-----------------------------+-----------------------------+--------------------+--------------------+-------------------------------------+-------------------------------------+----------------------------+----------------------------+---------------------------+---------------------------+
; ClockDIV      ; 2.5 V        ; 0 s                 ; 0 s                 ; 2.32 V                       ; 7.16e-07 V                   ; 2.36 V              ; -0.00476 V          ; 0.096 V                              ; 0.013 V                              ; 4.39e-10 s                  ; 4.15e-10 s                  ; Yes                        ; Yes                        ; 2.32 V                      ; 7.16e-07 V                  ; 2.36 V             ; -0.00476 V         ; 0.096 V                             ; 0.013 V                             ; 4.39e-10 s                 ; 4.15e-10 s                 ; Yes                       ; Yes                       ;
; PC[0]         ; 2.5 V        ; 0 s                 ; 0 s                 ; 2.32 V                       ; 7.16e-07 V                   ; 2.35 V              ; -0.00832 V          ; 0.101 V                              ; 0.024 V                              ; 6.39e-10 s                  ; 6e-10 s                     ; Yes                        ; Yes                        ; 2.32 V                      ; 7.16e-07 V                  ; 2.35 V             ; -0.00832 V         ; 0.101 V                             ; 0.024 V                             ; 6.39e-10 s                 ; 6e-10 s                    ; Yes                       ; Yes                       ;
; PC[1]         ; 2.5 V        ; 0 s                 ; 0 s                 ; 2.32 V                       ; 7.16e-07 V                   ; 2.35 V              ; -0.00832 V          ; 0.101 V                              ; 0.024 V                              ; 6.39e-10 s                  ; 6e-10 s                     ; Yes                        ; Yes                        ; 2.32 V                      ; 7.16e-07 V                  ; 2.35 V             ; -0.00832 V         ; 0.101 V                             ; 0.024 V                             ; 6.39e-10 s                 ; 6e-10 s                    ; Yes                       ; Yes                       ;
; PC[2]         ; 2.5 V        ; 0 s                 ; 0 s                 ; 2.32 V                       ; 1.06e-06 V                   ; 2.36 V              ; -0.00724 V          ; 0.107 V                              ; 0.02 V                               ; 4.5e-10 s                   ; 4.25e-10 s                  ; Yes                        ; Yes                        ; 2.32 V                      ; 1.06e-06 V                  ; 2.36 V             ; -0.00724 V         ; 0.107 V                             ; 0.02 V                              ; 4.5e-10 s                  ; 4.25e-10 s                 ; Yes                       ; Yes                       ;
; PC[3]         ; 2.5 V        ; 0 s                 ; 0 s                 ; 2.32 V                       ; 7.16e-07 V                   ; 2.36 V              ; -0.00476 V          ; 0.096 V                              ; 0.013 V                              ; 4.39e-10 s                  ; 4.15e-10 s                  ; Yes                        ; Yes                        ; 2.32 V                      ; 7.16e-07 V                  ; 2.36 V             ; -0.00476 V         ; 0.096 V                             ; 0.013 V                             ; 4.39e-10 s                 ; 4.15e-10 s                 ; Yes                       ; Yes                       ;
; PC[4]         ; 2.5 V        ; 0 s                 ; 0 s                 ; 2.32 V                       ; 1.06e-06 V                   ; 2.36 V              ; -0.00724 V          ; 0.107 V                              ; 0.02 V                               ; 4.5e-10 s                   ; 4.25e-10 s                  ; Yes                        ; Yes                        ; 2.32 V                      ; 1.06e-06 V                  ; 2.36 V             ; -0.00724 V         ; 0.107 V                             ; 0.02 V                              ; 4.5e-10 s                  ; 4.25e-10 s                 ; Yes                       ; Yes                       ;
; PC[5]         ; 2.5 V        ; 0 s                 ; 0 s                 ; 2.32 V                       ; 7.16e-07 V                   ; 2.36 V              ; -0.00476 V          ; 0.096 V                              ; 0.013 V                              ; 4.39e-10 s                  ; 4.15e-10 s                  ; Yes                        ; Yes                        ; 2.32 V                      ; 7.16e-07 V                  ; 2.36 V             ; -0.00476 V         ; 0.096 V                             ; 0.013 V                             ; 4.39e-10 s                 ; 4.15e-10 s                 ; Yes                       ; Yes                       ;
; PC[6]         ; 2.5 V        ; 0 s                 ; 0 s                 ; 2.32 V                       ; 1.06e-06 V                   ; 2.36 V              ; -0.00724 V          ; 0.107 V                              ; 0.02 V                               ; 4.5e-10 s                   ; 4.25e-10 s                  ; Yes                        ; Yes                        ; 2.32 V                      ; 1.06e-06 V                  ; 2.36 V             ; -0.00724 V         ; 0.107 V                             ; 0.02 V                              ; 4.5e-10 s                  ; 4.25e-10 s                 ; Yes                       ; Yes                       ;
; PC[7]         ; 2.5 V        ; 0 s                 ; 0 s                 ; 2.32 V                       ; 7.16e-07 V                   ; 2.36 V              ; -0.00476 V          ; 0.096 V                              ; 0.013 V                              ; 4.39e-10 s                  ; 4.15e-10 s                  ; Yes                        ; Yes                        ; 2.32 V                      ; 7.16e-07 V                  ; 2.36 V             ; -0.00476 V         ; 0.096 V                             ; 0.013 V                             ; 4.39e-10 s                 ; 4.15e-10 s                 ; Yes                       ; Yes                       ;
; PC[8]         ; 2.5 V        ; 0 s                 ; 0 s                 ; 2.32 V                       ; 1.06e-06 V                   ; 2.36 V              ; -0.00724 V          ; 0.107 V                              ; 0.02 V                               ; 4.5e-10 s                   ; 4.25e-10 s                  ; Yes                        ; Yes                        ; 2.32 V                      ; 1.06e-06 V                  ; 2.36 V             ; -0.00724 V         ; 0.107 V                             ; 0.02 V                              ; 4.5e-10 s                  ; 4.25e-10 s                 ; Yes                       ; Yes                       ;
; PC[9]         ; 2.5 V        ; 0 s                 ; 0 s                 ; 2.32 V                       ; 1.06e-06 V                   ; 2.36 V              ; -0.00724 V          ; 0.107 V                              ; 0.02 V                               ; 4.5e-10 s                   ; 4.25e-10 s                  ; Yes                        ; Yes                        ; 2.32 V                      ; 1.06e-06 V                  ; 2.36 V             ; -0.00724 V         ; 0.107 V                             ; 0.02 V                              ; 4.5e-10 s                  ; 4.25e-10 s                 ; Yes                       ; Yes                       ;
; PC[10]        ; 2.5 V        ; 0 s                 ; 0 s                 ; 2.32 V                       ; 1.06e-06 V                   ; 2.33 V              ; -0.00344 V          ; 0.134 V                              ; 0.075 V                              ; 3.33e-09 s                  ; 3.16e-09 s                  ; Yes                        ; Yes                        ; 2.32 V                      ; 1.06e-06 V                  ; 2.33 V             ; -0.00344 V         ; 0.134 V                             ; 0.075 V                             ; 3.33e-09 s                 ; 3.16e-09 s                 ; Yes                       ; Yes                       ;
; PC[11]        ; 2.5 V        ; 0 s                 ; 0 s                 ; 2.32 V                       ; 7.16e-07 V                   ; 2.36 V              ; -0.00476 V          ; 0.096 V                              ; 0.013 V                              ; 4.39e-10 s                  ; 4.15e-10 s                  ; Yes                        ; Yes                        ; 2.32 V                      ; 7.16e-07 V                  ; 2.36 V             ; -0.00476 V         ; 0.096 V                             ; 0.013 V                             ; 4.39e-10 s                 ; 4.15e-10 s                 ; Yes                       ; Yes                       ;
; PC[12]        ; 2.5 V        ; 0 s                 ; 0 s                 ; 2.32 V                       ; 7.16e-07 V                   ; 2.35 V              ; -0.00832 V          ; 0.101 V                              ; 0.024 V                              ; 6.39e-10 s                  ; 6e-10 s                     ; Yes                        ; Yes                        ; 2.32 V                      ; 7.16e-07 V                  ; 2.35 V             ; -0.00832 V         ; 0.101 V                             ; 0.024 V                             ; 6.39e-10 s                 ; 6e-10 s                    ; Yes                       ; Yes                       ;
; PC[13]        ; 2.5 V        ; 0 s                 ; 0 s                 ; 2.32 V                       ; 7.16e-07 V                   ; 2.35 V              ; -0.00832 V          ; 0.101 V                              ; 0.024 V                              ; 6.39e-10 s                  ; 6e-10 s                     ; Yes                        ; Yes                        ; 2.32 V                      ; 7.16e-07 V                  ; 2.35 V             ; -0.00832 V         ; 0.101 V                             ; 0.024 V                             ; 6.39e-10 s                 ; 6e-10 s                    ; Yes                       ; Yes                       ;
; PC[14]        ; 2.5 V        ; 0 s                 ; 0 s                 ; 2.32 V                       ; 7.16e-07 V                   ; 2.35 V              ; -0.00832 V          ; 0.101 V                              ; 0.024 V                              ; 6.39e-10 s                  ; 6e-10 s                     ; Yes                        ; Yes                        ; 2.32 V                      ; 7.16e-07 V                  ; 2.35 V             ; -0.00832 V         ; 0.101 V                             ; 0.024 V                             ; 6.39e-10 s                 ; 6e-10 s                    ; Yes                       ; Yes                       ;
; PC[15]        ; 2.5 V        ; 0 s                 ; 0 s                 ; 2.32 V                       ; 7.16e-07 V                   ; 2.33 V              ; -0.00349 V          ; 0.163 V                              ; 0.074 V                              ; 3.33e-09 s                  ; 3.14e-09 s                  ; Yes                        ; Yes                        ; 2.32 V                      ; 7.16e-07 V                  ; 2.33 V             ; -0.00349 V         ; 0.163 V                             ; 0.074 V                             ; 3.33e-09 s                 ; 3.14e-09 s                 ; Yes                       ; Yes                       ;
; PC[16]        ; 2.5 V        ; 0 s                 ; 0 s                 ; 2.32 V                       ; 7.16e-07 V                   ; 2.35 V              ; -0.00832 V          ; 0.101 V                              ; 0.024 V                              ; 6.39e-10 s                  ; 6e-10 s                     ; Yes                        ; Yes                        ; 2.32 V                      ; 7.16e-07 V                  ; 2.35 V             ; -0.00832 V         ; 0.101 V                             ; 0.024 V                             ; 6.39e-10 s                 ; 6e-10 s                    ; Yes                       ; Yes                       ;
; PC[17]        ; 2.5 V        ; 0 s                 ; 0 s                 ; 2.32 V                       ; 7.16e-07 V                   ; 2.35 V              ; -0.00832 V          ; 0.101 V                              ; 0.024 V                              ; 6.39e-10 s                  ; 6e-10 s                     ; Yes                        ; Yes                        ; 2.32 V                      ; 7.16e-07 V                  ; 2.35 V             ; -0.00832 V         ; 0.101 V                             ; 0.024 V                             ; 6.39e-10 s                 ; 6e-10 s                    ; Yes                       ; Yes                       ;
; PC[18]        ; 2.5 V        ; 0 s                 ; 0 s                 ; 2.32 V                       ; 7.16e-07 V                   ; 2.36 V              ; -0.00476 V          ; 0.096 V                              ; 0.013 V                              ; 4.39e-10 s                  ; 4.15e-10 s                  ; Yes                        ; Yes                        ; 2.32 V                      ; 7.16e-07 V                  ; 2.36 V             ; -0.00476 V         ; 0.096 V                             ; 0.013 V                             ; 4.39e-10 s                 ; 4.15e-10 s                 ; Yes                       ; Yes                       ;
; PC[19]        ; 2.5 V        ; 0 s                 ; 0 s                 ; 2.32 V                       ; 7.16e-07 V                   ; 2.35 V              ; -0.00832 V          ; 0.101 V                              ; 0.024 V                              ; 6.39e-10 s                  ; 6e-10 s                     ; Yes                        ; Yes                        ; 2.32 V                      ; 7.16e-07 V                  ; 2.35 V             ; -0.00832 V         ; 0.101 V                             ; 0.024 V                             ; 6.39e-10 s                 ; 6e-10 s                    ; Yes                       ; Yes                       ;
; PC[20]        ; 2.5 V        ; 0 s                 ; 0 s                 ; 2.32 V                       ; 7.16e-07 V                   ; 2.35 V              ; -0.00832 V          ; 0.101 V                              ; 0.024 V                              ; 6.39e-10 s                  ; 6e-10 s                     ; Yes                        ; Yes                        ; 2.32 V                      ; 7.16e-07 V                  ; 2.35 V             ; -0.00832 V         ; 0.101 V                             ; 0.024 V                             ; 6.39e-10 s                 ; 6e-10 s                    ; Yes                       ; Yes                       ;
; PC[21]        ; 2.5 V        ; 0 s                 ; 0 s                 ; 2.32 V                       ; 7.16e-07 V                   ; 2.36 V              ; -0.00476 V          ; 0.096 V                              ; 0.013 V                              ; 4.39e-10 s                  ; 4.15e-10 s                  ; Yes                        ; Yes                        ; 2.32 V                      ; 7.16e-07 V                  ; 2.36 V             ; -0.00476 V         ; 0.096 V                             ; 0.013 V                             ; 4.39e-10 s                 ; 4.15e-10 s                 ; Yes                       ; Yes                       ;
; PC[22]        ; 2.5 V        ; 0 s                 ; 0 s                 ; 2.32 V                       ; 1.06e-06 V                   ; 2.36 V              ; -0.00724 V          ; 0.107 V                              ; 0.02 V                               ; 4.5e-10 s                   ; 4.25e-10 s                  ; Yes                        ; Yes                        ; 2.32 V                      ; 1.06e-06 V                  ; 2.36 V             ; -0.00724 V         ; 0.107 V                             ; 0.02 V                              ; 4.5e-10 s                  ; 4.25e-10 s                 ; Yes                       ; Yes                       ;
; PC[23]        ; 2.5 V        ; 0 s                 ; 0 s                 ; 2.32 V                       ; 7.16e-07 V                   ; 2.35 V              ; -0.00832 V          ; 0.101 V                              ; 0.024 V                              ; 6.39e-10 s                  ; 6e-10 s                     ; Yes                        ; Yes                        ; 2.32 V                      ; 7.16e-07 V                  ; 2.35 V             ; -0.00832 V         ; 0.101 V                             ; 0.024 V                             ; 6.39e-10 s                 ; 6e-10 s                    ; Yes                       ; Yes                       ;
; PC[24]        ; 2.5 V        ; 0 s                 ; 0 s                 ; 2.32 V                       ; 7.16e-07 V                   ; 2.35 V              ; -0.00832 V          ; 0.101 V                              ; 0.024 V                              ; 6.39e-10 s                  ; 6e-10 s                     ; Yes                        ; Yes                        ; 2.32 V                      ; 7.16e-07 V                  ; 2.35 V             ; -0.00832 V         ; 0.101 V                             ; 0.024 V                             ; 6.39e-10 s                 ; 6e-10 s                    ; Yes                       ; Yes                       ;
; PC[25]        ; 2.5 V        ; 0 s                 ; 0 s                 ; 2.32 V                       ; 7.16e-07 V                   ; 2.35 V              ; -0.00832 V          ; 0.101 V                              ; 0.024 V                              ; 6.39e-10 s                  ; 6e-10 s                     ; Yes                        ; Yes                        ; 2.32 V                      ; 7.16e-07 V                  ; 2.35 V             ; -0.00832 V         ; 0.101 V                             ; 0.024 V                             ; 6.39e-10 s                 ; 6e-10 s                    ; Yes                       ; Yes                       ;
; PC[26]        ; 2.5 V        ; 0 s                 ; 0 s                 ; 2.32 V                       ; 7.16e-07 V                   ; 2.33 V              ; -0.00349 V          ; 0.163 V                              ; 0.074 V                              ; 3.33e-09 s                  ; 3.14e-09 s                  ; Yes                        ; Yes                        ; 2.32 V                      ; 7.16e-07 V                  ; 2.33 V             ; -0.00349 V         ; 0.163 V                             ; 0.074 V                             ; 3.33e-09 s                 ; 3.14e-09 s                 ; Yes                       ; Yes                       ;
; PC[27]        ; 2.5 V        ; 0 s                 ; 0 s                 ; 2.32 V                       ; 7.16e-07 V                   ; 2.36 V              ; -0.00476 V          ; 0.096 V                              ; 0.013 V                              ; 4.39e-10 s                  ; 4.15e-10 s                  ; Yes                        ; Yes                        ; 2.32 V                      ; 7.16e-07 V                  ; 2.36 V             ; -0.00476 V         ; 0.096 V                             ; 0.013 V                             ; 4.39e-10 s                 ; 4.15e-10 s                 ; Yes                       ; Yes                       ;
; PC[28]        ; 2.5 V        ; 0 s                 ; 0 s                 ; 2.32 V                       ; 7.16e-07 V                   ; 2.35 V              ; -0.00832 V          ; 0.101 V                              ; 0.024 V                              ; 6.39e-10 s                  ; 6e-10 s                     ; Yes                        ; Yes                        ; 2.32 V                      ; 7.16e-07 V                  ; 2.35 V             ; -0.00832 V         ; 0.101 V                             ; 0.024 V                             ; 6.39e-10 s                 ; 6e-10 s                    ; Yes                       ; Yes                       ;
; PC[29]        ; 2.5 V        ; 0 s                 ; 0 s                 ; 2.32 V                       ; 7.16e-07 V                   ; 2.35 V              ; -0.00832 V          ; 0.101 V                              ; 0.024 V                              ; 6.39e-10 s                  ; 6e-10 s                     ; Yes                        ; Yes                        ; 2.32 V                      ; 7.16e-07 V                  ; 2.35 V             ; -0.00832 V         ; 0.101 V                             ; 0.024 V                             ; 6.39e-10 s                 ; 6e-10 s                    ; Yes                       ; Yes                       ;
; PC[30]        ; 2.5 V        ; 0 s                 ; 0 s                 ; 2.32 V                       ; 7.16e-07 V                   ; 2.36 V              ; -0.00476 V          ; 0.096 V                              ; 0.013 V                              ; 4.39e-10 s                  ; 4.15e-10 s                  ; Yes                        ; Yes                        ; 2.32 V                      ; 7.16e-07 V                  ; 2.36 V             ; -0.00476 V         ; 0.096 V                             ; 0.013 V                             ; 4.39e-10 s                 ; 4.15e-10 s                 ; Yes                       ; Yes                       ;
; PC[31]        ; 2.5 V        ; 0 s                 ; 0 s                 ; 2.32 V                       ; 7.16e-07 V                   ; 2.35 V              ; -0.00832 V          ; 0.101 V                              ; 0.024 V                              ; 6.39e-10 s                  ; 6e-10 s                     ; Yes                        ; Yes                        ; 2.32 V                      ; 7.16e-07 V                  ; 2.35 V             ; -0.00832 V         ; 0.101 V                             ; 0.024 V                             ; 6.39e-10 s                 ; 6e-10 s                    ; Yes                       ; Yes                       ;
; Instr[0]      ; 2.5 V        ; 0 s                 ; 0 s                 ; 2.32 V                       ; 1.06e-06 V                   ; 2.36 V              ; -0.00724 V          ; 0.107 V                              ; 0.02 V                               ; 4.5e-10 s                   ; 4.25e-10 s                  ; Yes                        ; Yes                        ; 2.32 V                      ; 1.06e-06 V                  ; 2.36 V             ; -0.00724 V         ; 0.107 V                             ; 0.02 V                              ; 4.5e-10 s                  ; 4.25e-10 s                 ; Yes                       ; Yes                       ;
; Instr[1]      ; 2.5 V        ; 0 s                 ; 0 s                 ; 2.32 V                       ; 1.06e-06 V                   ; 2.36 V              ; -0.00724 V          ; 0.107 V                              ; 0.02 V                               ; 4.5e-10 s                   ; 4.25e-10 s                  ; Yes                        ; Yes                        ; 2.32 V                      ; 1.06e-06 V                  ; 2.36 V             ; -0.00724 V         ; 0.107 V                             ; 0.02 V                              ; 4.5e-10 s                  ; 4.25e-10 s                 ; Yes                       ; Yes                       ;
; Instr[2]      ; 2.5 V        ; 0 s                 ; 0 s                 ; 2.32 V                       ; 1.06e-06 V                   ; 2.36 V              ; -0.00724 V          ; 0.107 V                              ; 0.02 V                               ; 4.5e-10 s                   ; 4.25e-10 s                  ; Yes                        ; Yes                        ; 2.32 V                      ; 1.06e-06 V                  ; 2.36 V             ; -0.00724 V         ; 0.107 V                             ; 0.02 V                              ; 4.5e-10 s                  ; 4.25e-10 s                 ; Yes                       ; Yes                       ;
; Instr[3]      ; 2.5 V        ; 0 s                 ; 0 s                 ; 2.32 V                       ; 7.16e-07 V                   ; 2.35 V              ; -0.00832 V          ; 0.101 V                              ; 0.024 V                              ; 6.39e-10 s                  ; 6e-10 s                     ; Yes                        ; Yes                        ; 2.32 V                      ; 7.16e-07 V                  ; 2.35 V             ; -0.00832 V         ; 0.101 V                             ; 0.024 V                             ; 6.39e-10 s                 ; 6e-10 s                    ; Yes                       ; Yes                       ;
; Instr[4]      ; 2.5 V        ; 0 s                 ; 0 s                 ; 2.32 V                       ; 7.16e-07 V                   ; 2.36 V              ; -0.00476 V          ; 0.096 V                              ; 0.013 V                              ; 4.39e-10 s                  ; 4.15e-10 s                  ; Yes                        ; Yes                        ; 2.32 V                      ; 7.16e-07 V                  ; 2.36 V             ; -0.00476 V         ; 0.096 V                             ; 0.013 V                             ; 4.39e-10 s                 ; 4.15e-10 s                 ; Yes                       ; Yes                       ;
; Instr[5]      ; 2.5 V        ; 0 s                 ; 0 s                 ; 2.32 V                       ; 7.16e-07 V                   ; 2.35 V              ; -0.00832 V          ; 0.101 V                              ; 0.024 V                              ; 6.39e-10 s                  ; 6e-10 s                     ; Yes                        ; Yes                        ; 2.32 V                      ; 7.16e-07 V                  ; 2.35 V             ; -0.00832 V         ; 0.101 V                             ; 0.024 V                             ; 6.39e-10 s                 ; 6e-10 s                    ; Yes                       ; Yes                       ;
; Instr[6]      ; 2.5 V        ; 0 s                 ; 0 s                 ; 2.32 V                       ; 1.06e-06 V                   ; 2.36 V              ; -0.00724 V          ; 0.107 V                              ; 0.02 V                               ; 4.5e-10 s                   ; 4.25e-10 s                  ; Yes                        ; Yes                        ; 2.32 V                      ; 1.06e-06 V                  ; 2.36 V             ; -0.00724 V         ; 0.107 V                             ; 0.02 V                              ; 4.5e-10 s                  ; 4.25e-10 s                 ; Yes                       ; Yes                       ;
; Instr[7]      ; 2.5 V        ; 0 s                 ; 0 s                 ; 2.32 V                       ; 1.06e-06 V                   ; 2.36 V              ; -0.00724 V          ; 0.107 V                              ; 0.02 V                               ; 4.5e-10 s                   ; 4.25e-10 s                  ; Yes                        ; Yes                        ; 2.32 V                      ; 1.06e-06 V                  ; 2.36 V             ; -0.00724 V         ; 0.107 V                             ; 0.02 V                              ; 4.5e-10 s                  ; 4.25e-10 s                 ; Yes                       ; Yes                       ;
; Instr[8]      ; 2.5 V        ; 0 s                 ; 0 s                 ; 2.32 V                       ; 1.06e-06 V                   ; 2.36 V              ; -0.00724 V          ; 0.107 V                              ; 0.02 V                               ; 4.5e-10 s                   ; 4.25e-10 s                  ; Yes                        ; Yes                        ; 2.32 V                      ; 1.06e-06 V                  ; 2.36 V             ; -0.00724 V         ; 0.107 V                             ; 0.02 V                              ; 4.5e-10 s                  ; 4.25e-10 s                 ; Yes                       ; Yes                       ;
; Instr[9]      ; 2.5 V        ; 0 s                 ; 0 s                 ; 2.32 V                       ; 1.06e-06 V                   ; 2.36 V              ; -0.00724 V          ; 0.107 V                              ; 0.02 V                               ; 4.5e-10 s                   ; 4.25e-10 s                  ; Yes                        ; Yes                        ; 2.32 V                      ; 1.06e-06 V                  ; 2.36 V             ; -0.00724 V         ; 0.107 V                             ; 0.02 V                              ; 4.5e-10 s                  ; 4.25e-10 s                 ; Yes                       ; Yes                       ;
; Instr[10]     ; 2.5 V        ; 0 s                 ; 0 s                 ; 2.32 V                       ; 1.06e-06 V                   ; 2.36 V              ; -0.00724 V          ; 0.107 V                              ; 0.02 V                               ; 4.5e-10 s                   ; 4.25e-10 s                  ; Yes                        ; Yes                        ; 2.32 V                      ; 1.06e-06 V                  ; 2.36 V             ; -0.00724 V         ; 0.107 V                             ; 0.02 V                              ; 4.5e-10 s                  ; 4.25e-10 s                 ; Yes                       ; Yes                       ;
; Instr[11]     ; 2.5 V        ; 0 s                 ; 0 s                 ; 2.32 V                       ; 1.06e-06 V                   ; 2.36 V              ; -0.00724 V          ; 0.107 V                              ; 0.02 V                               ; 4.5e-10 s                   ; 4.25e-10 s                  ; Yes                        ; Yes                        ; 2.32 V                      ; 1.06e-06 V                  ; 2.36 V             ; -0.00724 V         ; 0.107 V                             ; 0.02 V                              ; 4.5e-10 s                  ; 4.25e-10 s                 ; Yes                       ; Yes                       ;
; Instr[12]     ; 2.5 V        ; 0 s                 ; 0 s                 ; 2.32 V                       ; 1.06e-06 V                   ; 2.36 V              ; -0.00724 V          ; 0.107 V                              ; 0.02 V                               ; 4.5e-10 s                   ; 4.25e-10 s                  ; Yes                        ; Yes                        ; 2.32 V                      ; 1.06e-06 V                  ; 2.36 V             ; -0.00724 V         ; 0.107 V                             ; 0.02 V                              ; 4.5e-10 s                  ; 4.25e-10 s                 ; Yes                       ; Yes                       ;
; Instr[13]     ; 2.5 V        ; 0 s                 ; 0 s                 ; 2.32 V                       ; 1.06e-06 V                   ; 2.36 V              ; -0.00724 V          ; 0.107 V                              ; 0.02 V                               ; 4.5e-10 s                   ; 4.25e-10 s                  ; Yes                        ; Yes                        ; 2.32 V                      ; 1.06e-06 V                  ; 2.36 V             ; -0.00724 V         ; 0.107 V                             ; 0.02 V                              ; 4.5e-10 s                  ; 4.25e-10 s                 ; Yes                       ; Yes                       ;
; Instr[14]     ; 2.5 V        ; 0 s                 ; 0 s                 ; 2.32 V                       ; 1.06e-06 V                   ; 2.36 V              ; -0.00724 V          ; 0.107 V                              ; 0.02 V                               ; 4.5e-10 s                   ; 4.25e-10 s                  ; Yes                        ; Yes                        ; 2.32 V                      ; 1.06e-06 V                  ; 2.36 V             ; -0.00724 V         ; 0.107 V                             ; 0.02 V                              ; 4.5e-10 s                  ; 4.25e-10 s                 ; Yes                       ; Yes                       ;
; Instr[15]     ; 2.5 V        ; 0 s                 ; 0 s                 ; 2.32 V                       ; 7.16e-07 V                   ; 2.35 V              ; -0.00832 V          ; 0.101 V                              ; 0.024 V                              ; 6.39e-10 s                  ; 6e-10 s                     ; Yes                        ; Yes                        ; 2.32 V                      ; 7.16e-07 V                  ; 2.35 V             ; -0.00832 V         ; 0.101 V                             ; 0.024 V                             ; 6.39e-10 s                 ; 6e-10 s                    ; Yes                       ; Yes                       ;
; Instr[16]     ; 2.5 V        ; 0 s                 ; 0 s                 ; 2.32 V                       ; 7.16e-07 V                   ; 2.33 V              ; -0.00349 V          ; 0.163 V                              ; 0.074 V                              ; 3.33e-09 s                  ; 3.14e-09 s                  ; Yes                        ; Yes                        ; 2.32 V                      ; 7.16e-07 V                  ; 2.33 V             ; -0.00349 V         ; 0.163 V                             ; 0.074 V                             ; 3.33e-09 s                 ; 3.14e-09 s                 ; Yes                       ; Yes                       ;
; Instr[17]     ; 2.5 V        ; 0 s                 ; 0 s                 ; 2.32 V                       ; 7.16e-07 V                   ; 2.35 V              ; -0.00832 V          ; 0.101 V                              ; 0.024 V                              ; 6.39e-10 s                  ; 6e-10 s                     ; Yes                        ; Yes                        ; 2.32 V                      ; 7.16e-07 V                  ; 2.35 V             ; -0.00832 V         ; 0.101 V                             ; 0.024 V                             ; 6.39e-10 s                 ; 6e-10 s                    ; Yes                       ; Yes                       ;
; Instr[18]     ; 2.5 V        ; 0 s                 ; 0 s                 ; 2.32 V                       ; 1.06e-06 V                   ; 2.33 V              ; -0.00344 V          ; 0.134 V                              ; 0.075 V                              ; 3.33e-09 s                  ; 3.16e-09 s                  ; Yes                        ; Yes                        ; 2.32 V                      ; 1.06e-06 V                  ; 2.33 V             ; -0.00344 V         ; 0.134 V                             ; 0.075 V                             ; 3.33e-09 s                 ; 3.16e-09 s                 ; Yes                       ; Yes                       ;
; Instr[19]     ; 2.5 V        ; 0 s                 ; 0 s                 ; 2.32 V                       ; 7.16e-07 V                   ; 2.35 V              ; -0.00832 V          ; 0.101 V                              ; 0.024 V                              ; 6.39e-10 s                  ; 6e-10 s                     ; Yes                        ; Yes                        ; 2.32 V                      ; 7.16e-07 V                  ; 2.35 V             ; -0.00832 V         ; 0.101 V                             ; 0.024 V                             ; 6.39e-10 s                 ; 6e-10 s                    ; Yes                       ; Yes                       ;
; Instr[20]     ; 2.5 V        ; 0 s                 ; 0 s                 ; 2.32 V                       ; 7.16e-07 V                   ; 2.35 V              ; -0.00832 V          ; 0.101 V                              ; 0.024 V                              ; 6.39e-10 s                  ; 6e-10 s                     ; Yes                        ; Yes                        ; 2.32 V                      ; 7.16e-07 V                  ; 2.35 V             ; -0.00832 V         ; 0.101 V                             ; 0.024 V                             ; 6.39e-10 s                 ; 6e-10 s                    ; Yes                       ; Yes                       ;
; Instr[21]     ; 2.5 V        ; 0 s                 ; 0 s                 ; 2.32 V                       ; 1.06e-06 V                   ; 2.36 V              ; -0.00724 V          ; 0.107 V                              ; 0.02 V                               ; 4.5e-10 s                   ; 4.25e-10 s                  ; Yes                        ; Yes                        ; 2.32 V                      ; 1.06e-06 V                  ; 2.36 V             ; -0.00724 V         ; 0.107 V                             ; 0.02 V                              ; 4.5e-10 s                  ; 4.25e-10 s                 ; Yes                       ; Yes                       ;
; Instr[22]     ; 2.5 V        ; 0 s                 ; 0 s                 ; 2.32 V                       ; 1.06e-06 V                   ; 2.36 V              ; -0.00724 V          ; 0.107 V                              ; 0.02 V                               ; 4.5e-10 s                   ; 4.25e-10 s                  ; Yes                        ; Yes                        ; 2.32 V                      ; 1.06e-06 V                  ; 2.36 V             ; -0.00724 V         ; 0.107 V                             ; 0.02 V                              ; 4.5e-10 s                  ; 4.25e-10 s                 ; Yes                       ; Yes                       ;
; Instr[23]     ; 2.5 V        ; 0 s                 ; 0 s                 ; 2.32 V                       ; 7.16e-07 V                   ; 2.33 V              ; -0.00349 V          ; 0.163 V                              ; 0.074 V                              ; 3.33e-09 s                  ; 3.14e-09 s                  ; Yes                        ; Yes                        ; 2.32 V                      ; 7.16e-07 V                  ; 2.33 V             ; -0.00349 V         ; 0.163 V                             ; 0.074 V                             ; 3.33e-09 s                 ; 3.14e-09 s                 ; Yes                       ; Yes                       ;
; Instr[24]     ; 2.5 V        ; 0 s                 ; 0 s                 ; 2.32 V                       ; 1.06e-06 V                   ; 2.36 V              ; -0.00724 V          ; 0.107 V                              ; 0.02 V                               ; 4.5e-10 s                   ; 4.25e-10 s                  ; Yes                        ; Yes                        ; 2.32 V                      ; 1.06e-06 V                  ; 2.36 V             ; -0.00724 V         ; 0.107 V                             ; 0.02 V                              ; 4.5e-10 s                  ; 4.25e-10 s                 ; Yes                       ; Yes                       ;
; Instr[25]     ; 2.5 V        ; 0 s                 ; 0 s                 ; 2.32 V                       ; 1.06e-06 V                   ; 2.36 V              ; -0.00724 V          ; 0.107 V                              ; 0.02 V                               ; 4.5e-10 s                   ; 4.25e-10 s                  ; Yes                        ; Yes                        ; 2.32 V                      ; 1.06e-06 V                  ; 2.36 V             ; -0.00724 V         ; 0.107 V                             ; 0.02 V                              ; 4.5e-10 s                  ; 4.25e-10 s                 ; Yes                       ; Yes                       ;
; Instr[26]     ; 2.5 V        ; 0 s                 ; 0 s                 ; 2.32 V                       ; 1.06e-06 V                   ; 2.36 V              ; -0.00724 V          ; 0.107 V                              ; 0.02 V                               ; 4.5e-10 s                   ; 4.25e-10 s                  ; Yes                        ; Yes                        ; 2.32 V                      ; 1.06e-06 V                  ; 2.36 V             ; -0.00724 V         ; 0.107 V                             ; 0.02 V                              ; 4.5e-10 s                  ; 4.25e-10 s                 ; Yes                       ; Yes                       ;
; Instr[27]     ; 2.5 V        ; 0 s                 ; 0 s                 ; 2.32 V                       ; 7.16e-07 V                   ; 2.35 V              ; -0.00832 V          ; 0.101 V                              ; 0.024 V                              ; 6.39e-10 s                  ; 6e-10 s                     ; Yes                        ; Yes                        ; 2.32 V                      ; 7.16e-07 V                  ; 2.35 V             ; -0.00832 V         ; 0.101 V                             ; 0.024 V                             ; 6.39e-10 s                 ; 6e-10 s                    ; Yes                       ; Yes                       ;
; Instr[28]     ; 2.5 V        ; 0 s                 ; 0 s                 ; 2.32 V                       ; 7.16e-07 V                   ; 2.36 V              ; -0.00476 V          ; 0.096 V                              ; 0.013 V                              ; 4.39e-10 s                  ; 4.15e-10 s                  ; Yes                        ; Yes                        ; 2.32 V                      ; 7.16e-07 V                  ; 2.36 V             ; -0.00476 V         ; 0.096 V                             ; 0.013 V                             ; 4.39e-10 s                 ; 4.15e-10 s                 ; Yes                       ; Yes                       ;
; Instr[29]     ; 2.5 V        ; 0 s                 ; 0 s                 ; 2.32 V                       ; 7.16e-07 V                   ; 2.36 V              ; -0.00476 V          ; 0.096 V                              ; 0.013 V                              ; 4.39e-10 s                  ; 4.15e-10 s                  ; Yes                        ; Yes                        ; 2.32 V                      ; 7.16e-07 V                  ; 2.36 V             ; -0.00476 V         ; 0.096 V                             ; 0.013 V                             ; 4.39e-10 s                 ; 4.15e-10 s                 ; Yes                       ; Yes                       ;
; Instr[30]     ; 2.5 V        ; 0 s                 ; 0 s                 ; 2.32 V                       ; 7.16e-07 V                   ; 2.36 V              ; -0.00476 V          ; 0.096 V                              ; 0.013 V                              ; 4.39e-10 s                  ; 4.15e-10 s                  ; Yes                        ; Yes                        ; 2.32 V                      ; 7.16e-07 V                  ; 2.36 V             ; -0.00476 V         ; 0.096 V                             ; 0.013 V                             ; 4.39e-10 s                 ; 4.15e-10 s                 ; Yes                       ; Yes                       ;
; Instr[31]     ; 2.5 V        ; 0 s                 ; 0 s                 ; 2.32 V                       ; 7.16e-07 V                   ; 2.36 V              ; -0.00476 V          ; 0.096 V                              ; 0.013 V                              ; 4.39e-10 s                  ; 4.15e-10 s                  ; Yes                        ; Yes                        ; 2.32 V                      ; 7.16e-07 V                  ; 2.36 V             ; -0.00476 V         ; 0.096 V                             ; 0.013 V                             ; 4.39e-10 s                 ; 4.15e-10 s                 ; Yes                       ; Yes                       ;
; Regout[0]     ; 2.5 V        ; 0 s                 ; 0 s                 ; 2.32 V                       ; 1.06e-06 V                   ; 2.36 V              ; -0.00724 V          ; 0.107 V                              ; 0.02 V                               ; 4.5e-10 s                   ; 4.25e-10 s                  ; Yes                        ; Yes                        ; 2.32 V                      ; 1.06e-06 V                  ; 2.36 V             ; -0.00724 V         ; 0.107 V                             ; 0.02 V                              ; 4.5e-10 s                  ; 4.25e-10 s                 ; Yes                       ; Yes                       ;
; Regout[1]     ; 2.5 V        ; 0 s                 ; 0 s                 ; 2.32 V                       ; 1.06e-06 V                   ; 2.36 V              ; -0.00724 V          ; 0.107 V                              ; 0.02 V                               ; 4.5e-10 s                   ; 4.25e-10 s                  ; Yes                        ; Yes                        ; 2.32 V                      ; 1.06e-06 V                  ; 2.36 V             ; -0.00724 V         ; 0.107 V                             ; 0.02 V                              ; 4.5e-10 s                  ; 4.25e-10 s                 ; Yes                       ; Yes                       ;
; Regout[2]     ; 2.5 V        ; 0 s                 ; 0 s                 ; 2.32 V                       ; 1.06e-06 V                   ; 2.36 V              ; -0.00724 V          ; 0.107 V                              ; 0.02 V                               ; 4.5e-10 s                   ; 4.25e-10 s                  ; Yes                        ; Yes                        ; 2.32 V                      ; 1.06e-06 V                  ; 2.36 V             ; -0.00724 V         ; 0.107 V                             ; 0.02 V                              ; 4.5e-10 s                  ; 4.25e-10 s                 ; Yes                       ; Yes                       ;
; Regout[3]     ; 2.5 V        ; 0 s                 ; 0 s                 ; 2.32 V                       ; 1.06e-06 V                   ; 2.36 V              ; -0.00724 V          ; 0.107 V                              ; 0.02 V                               ; 4.5e-10 s                   ; 4.25e-10 s                  ; Yes                        ; Yes                        ; 2.32 V                      ; 1.06e-06 V                  ; 2.36 V             ; -0.00724 V         ; 0.107 V                             ; 0.02 V                              ; 4.5e-10 s                  ; 4.25e-10 s                 ; Yes                       ; Yes                       ;
; Regout[4]     ; 2.5 V        ; 0 s                 ; 0 s                 ; 2.32 V                       ; 1.06e-06 V                   ; 2.36 V              ; -0.00724 V          ; 0.107 V                              ; 0.02 V                               ; 4.5e-10 s                   ; 4.25e-10 s                  ; Yes                        ; Yes                        ; 2.32 V                      ; 1.06e-06 V                  ; 2.36 V             ; -0.00724 V         ; 0.107 V                             ; 0.02 V                              ; 4.5e-10 s                  ; 4.25e-10 s                 ; Yes                       ; Yes                       ;
; Regout[5]     ; 2.5 V        ; 0 s                 ; 0 s                 ; 2.32 V                       ; 1.06e-06 V                   ; 2.36 V              ; -0.00724 V          ; 0.107 V                              ; 0.02 V                               ; 4.5e-10 s                   ; 4.25e-10 s                  ; Yes                        ; Yes                        ; 2.32 V                      ; 1.06e-06 V                  ; 2.36 V             ; -0.00724 V         ; 0.107 V                             ; 0.02 V                              ; 4.5e-10 s                  ; 4.25e-10 s                 ; Yes                       ; Yes                       ;
; Regout[6]     ; 2.5 V        ; 0 s                 ; 0 s                 ; 2.32 V                       ; 1.06e-06 V                   ; 2.36 V              ; -0.00724 V          ; 0.107 V                              ; 0.02 V                               ; 4.5e-10 s                   ; 4.25e-10 s                  ; Yes                        ; Yes                        ; 2.32 V                      ; 1.06e-06 V                  ; 2.36 V             ; -0.00724 V         ; 0.107 V                             ; 0.02 V                              ; 4.5e-10 s                  ; 4.25e-10 s                 ; Yes                       ; Yes                       ;
; Regout[7]     ; 2.5 V        ; 0 s                 ; 0 s                 ; 2.32 V                       ; 1.06e-06 V                   ; 2.33 V              ; -0.00344 V          ; 0.134 V                              ; 0.075 V                              ; 3.33e-09 s                  ; 3.16e-09 s                  ; Yes                        ; Yes                        ; 2.32 V                      ; 1.06e-06 V                  ; 2.33 V             ; -0.00344 V         ; 0.134 V                             ; 0.075 V                             ; 3.33e-09 s                 ; 3.16e-09 s                 ; Yes                       ; Yes                       ;
; Regout[8]     ; 2.5 V        ; 0 s                 ; 0 s                 ; 2.32 V                       ; 1.06e-06 V                   ; 2.36 V              ; -0.00724 V          ; 0.107 V                              ; 0.02 V                               ; 4.5e-10 s                   ; 4.25e-10 s                  ; Yes                        ; Yes                        ; 2.32 V                      ; 1.06e-06 V                  ; 2.36 V             ; -0.00724 V         ; 0.107 V                             ; 0.02 V                              ; 4.5e-10 s                  ; 4.25e-10 s                 ; Yes                       ; Yes                       ;
; Regout[9]     ; 2.5 V        ; 0 s                 ; 0 s                 ; 2.32 V                       ; 1.06e-06 V                   ; 2.36 V              ; -0.00724 V          ; 0.107 V                              ; 0.02 V                               ; 4.5e-10 s                   ; 4.25e-10 s                  ; Yes                        ; Yes                        ; 2.32 V                      ; 1.06e-06 V                  ; 2.36 V             ; -0.00724 V         ; 0.107 V                             ; 0.02 V                              ; 4.5e-10 s                  ; 4.25e-10 s                 ; Yes                       ; Yes                       ;
; Regout[10]    ; 2.5 V        ; 0 s                 ; 0 s                 ; 2.32 V                       ; 1.06e-06 V                   ; 2.36 V              ; -0.00724 V          ; 0.107 V                              ; 0.02 V                               ; 4.5e-10 s                   ; 4.25e-10 s                  ; Yes                        ; Yes                        ; 2.32 V                      ; 1.06e-06 V                  ; 2.36 V             ; -0.00724 V         ; 0.107 V                             ; 0.02 V                              ; 4.5e-10 s                  ; 4.25e-10 s                 ; Yes                       ; Yes                       ;
; Regout[11]    ; 2.5 V        ; 0 s                 ; 0 s                 ; 2.32 V                       ; 1.06e-06 V                   ; 2.36 V              ; -0.00724 V          ; 0.107 V                              ; 0.02 V                               ; 4.5e-10 s                   ; 4.25e-10 s                  ; Yes                        ; Yes                        ; 2.32 V                      ; 1.06e-06 V                  ; 2.36 V             ; -0.00724 V         ; 0.107 V                             ; 0.02 V                              ; 4.5e-10 s                  ; 4.25e-10 s                 ; Yes                       ; Yes                       ;
; Regout[12]    ; 2.5 V        ; 0 s                 ; 0 s                 ; 2.32 V                       ; 1.06e-06 V                   ; 2.36 V              ; -0.00724 V          ; 0.107 V                              ; 0.02 V                               ; 4.5e-10 s                   ; 4.25e-10 s                  ; Yes                        ; Yes                        ; 2.32 V                      ; 1.06e-06 V                  ; 2.36 V             ; -0.00724 V         ; 0.107 V                             ; 0.02 V                              ; 4.5e-10 s                  ; 4.25e-10 s                 ; Yes                       ; Yes                       ;
; Regout[13]    ; 2.5 V        ; 0 s                 ; 0 s                 ; 2.32 V                       ; 1.06e-06 V                   ; 2.36 V              ; -0.00724 V          ; 0.107 V                              ; 0.02 V                               ; 4.5e-10 s                   ; 4.25e-10 s                  ; Yes                        ; Yes                        ; 2.32 V                      ; 1.06e-06 V                  ; 2.36 V             ; -0.00724 V         ; 0.107 V                             ; 0.02 V                              ; 4.5e-10 s                  ; 4.25e-10 s                 ; Yes                       ; Yes                       ;
; Regout[14]    ; 2.5 V        ; 0 s                 ; 0 s                 ; 2.32 V                       ; 1.06e-06 V                   ; 2.36 V              ; -0.00724 V          ; 0.107 V                              ; 0.02 V                               ; 4.5e-10 s                   ; 4.25e-10 s                  ; Yes                        ; Yes                        ; 2.32 V                      ; 1.06e-06 V                  ; 2.36 V             ; -0.00724 V         ; 0.107 V                             ; 0.02 V                              ; 4.5e-10 s                  ; 4.25e-10 s                 ; Yes                       ; Yes                       ;
; Regout[15]    ; 2.5 V        ; 0 s                 ; 0 s                 ; 2.32 V                       ; 1.06e-06 V                   ; 2.36 V              ; -0.00724 V          ; 0.107 V                              ; 0.02 V                               ; 4.5e-10 s                   ; 4.25e-10 s                  ; Yes                        ; Yes                        ; 2.32 V                      ; 1.06e-06 V                  ; 2.36 V             ; -0.00724 V         ; 0.107 V                             ; 0.02 V                              ; 4.5e-10 s                  ; 4.25e-10 s                 ; Yes                       ; Yes                       ;
; Regout[16]    ; 2.5 V        ; 0 s                 ; 0 s                 ; 2.32 V                       ; 1.06e-06 V                   ; 2.36 V              ; -0.00724 V          ; 0.107 V                              ; 0.02 V                               ; 4.5e-10 s                   ; 4.25e-10 s                  ; Yes                        ; Yes                        ; 2.32 V                      ; 1.06e-06 V                  ; 2.36 V             ; -0.00724 V         ; 0.107 V                             ; 0.02 V                              ; 4.5e-10 s                  ; 4.25e-10 s                 ; Yes                       ; Yes                       ;
; Regout[17]    ; 2.5 V        ; 0 s                 ; 0 s                 ; 2.32 V                       ; 1.06e-06 V                   ; 2.36 V              ; -0.00724 V          ; 0.107 V                              ; 0.02 V                               ; 4.5e-10 s                   ; 4.25e-10 s                  ; Yes                        ; Yes                        ; 2.32 V                      ; 1.06e-06 V                  ; 2.36 V             ; -0.00724 V         ; 0.107 V                             ; 0.02 V                              ; 4.5e-10 s                  ; 4.25e-10 s                 ; Yes                       ; Yes                       ;
; Regout[18]    ; 2.5 V        ; 0 s                 ; 0 s                 ; 2.32 V                       ; 7.16e-07 V                   ; 2.35 V              ; -0.00832 V          ; 0.101 V                              ; 0.024 V                              ; 6.39e-10 s                  ; 6e-10 s                     ; Yes                        ; Yes                        ; 2.32 V                      ; 7.16e-07 V                  ; 2.35 V             ; -0.00832 V         ; 0.101 V                             ; 0.024 V                             ; 6.39e-10 s                 ; 6e-10 s                    ; Yes                       ; Yes                       ;
; Regout[19]    ; 2.5 V        ; 0 s                 ; 0 s                 ; 2.32 V                       ; 1.06e-06 V                   ; 2.36 V              ; -0.00724 V          ; 0.107 V                              ; 0.02 V                               ; 4.5e-10 s                   ; 4.25e-10 s                  ; Yes                        ; Yes                        ; 2.32 V                      ; 1.06e-06 V                  ; 2.36 V             ; -0.00724 V         ; 0.107 V                             ; 0.02 V                              ; 4.5e-10 s                  ; 4.25e-10 s                 ; Yes                       ; Yes                       ;
; Regout[20]    ; 2.5 V        ; 0 s                 ; 0 s                 ; 2.32 V                       ; 1.06e-06 V                   ; 2.36 V              ; -0.00724 V          ; 0.107 V                              ; 0.02 V                               ; 4.5e-10 s                   ; 4.25e-10 s                  ; Yes                        ; Yes                        ; 2.32 V                      ; 1.06e-06 V                  ; 2.36 V             ; -0.00724 V         ; 0.107 V                             ; 0.02 V                              ; 4.5e-10 s                  ; 4.25e-10 s                 ; Yes                       ; Yes                       ;
; Regout[21]    ; 2.5 V        ; 0 s                 ; 0 s                 ; 2.32 V                       ; 1.06e-06 V                   ; 2.36 V              ; -0.00724 V          ; 0.107 V                              ; 0.02 V                               ; 4.5e-10 s                   ; 4.25e-10 s                  ; Yes                        ; Yes                        ; 2.32 V                      ; 1.06e-06 V                  ; 2.36 V             ; -0.00724 V         ; 0.107 V                             ; 0.02 V                              ; 4.5e-10 s                  ; 4.25e-10 s                 ; Yes                       ; Yes                       ;
; Regout[22]    ; 2.5 V        ; 0 s                 ; 0 s                 ; 2.32 V                       ; 1.06e-06 V                   ; 2.36 V              ; -0.00724 V          ; 0.107 V                              ; 0.02 V                               ; 4.5e-10 s                   ; 4.25e-10 s                  ; Yes                        ; Yes                        ; 2.32 V                      ; 1.06e-06 V                  ; 2.36 V             ; -0.00724 V         ; 0.107 V                             ; 0.02 V                              ; 4.5e-10 s                  ; 4.25e-10 s                 ; Yes                       ; Yes                       ;
; Regout[23]    ; 2.5 V        ; 0 s                 ; 0 s                 ; 2.32 V                       ; 1.06e-06 V                   ; 2.36 V              ; -0.00724 V          ; 0.107 V                              ; 0.02 V                               ; 4.5e-10 s                   ; 4.25e-10 s                  ; Yes                        ; Yes                        ; 2.32 V                      ; 1.06e-06 V                  ; 2.36 V             ; -0.00724 V         ; 0.107 V                             ; 0.02 V                              ; 4.5e-10 s                  ; 4.25e-10 s                 ; Yes                       ; Yes                       ;
; Regout[24]    ; 2.5 V        ; 0 s                 ; 0 s                 ; 2.32 V                       ; 1.06e-06 V                   ; 2.36 V              ; -0.00724 V          ; 0.107 V                              ; 0.02 V                               ; 4.5e-10 s                   ; 4.25e-10 s                  ; Yes                        ; Yes                        ; 2.32 V                      ; 1.06e-06 V                  ; 2.36 V             ; -0.00724 V         ; 0.107 V                             ; 0.02 V                              ; 4.5e-10 s                  ; 4.25e-10 s                 ; Yes                       ; Yes                       ;
; Regout[25]    ; 2.5 V        ; 0 s                 ; 0 s                 ; 2.32 V                       ; 1.06e-06 V                   ; 2.36 V              ; -0.00724 V          ; 0.107 V                              ; 0.02 V                               ; 4.5e-10 s                   ; 4.25e-10 s                  ; Yes                        ; Yes                        ; 2.32 V                      ; 1.06e-06 V                  ; 2.36 V             ; -0.00724 V         ; 0.107 V                             ; 0.02 V                              ; 4.5e-10 s                  ; 4.25e-10 s                 ; Yes                       ; Yes                       ;
; Regout[26]    ; 2.5 V        ; 0 s                 ; 0 s                 ; 2.32 V                       ; 1.06e-06 V                   ; 2.36 V              ; -0.00724 V          ; 0.107 V                              ; 0.02 V                               ; 4.5e-10 s                   ; 4.25e-10 s                  ; Yes                        ; Yes                        ; 2.32 V                      ; 1.06e-06 V                  ; 2.36 V             ; -0.00724 V         ; 0.107 V                             ; 0.02 V                              ; 4.5e-10 s                  ; 4.25e-10 s                 ; Yes                       ; Yes                       ;
; Regout[27]    ; 2.5 V        ; 0 s                 ; 0 s                 ; 2.32 V                       ; 1.06e-06 V                   ; 2.36 V              ; -0.00724 V          ; 0.107 V                              ; 0.02 V                               ; 4.5e-10 s                   ; 4.25e-10 s                  ; Yes                        ; Yes                        ; 2.32 V                      ; 1.06e-06 V                  ; 2.36 V             ; -0.00724 V         ; 0.107 V                             ; 0.02 V                              ; 4.5e-10 s                  ; 4.25e-10 s                 ; Yes                       ; Yes                       ;
; Regout[28]    ; 2.5 V        ; 0 s                 ; 0 s                 ; 2.32 V                       ; 1.06e-06 V                   ; 2.36 V              ; -0.00724 V          ; 0.107 V                              ; 0.02 V                               ; 4.5e-10 s                   ; 4.25e-10 s                  ; Yes                        ; Yes                        ; 2.32 V                      ; 1.06e-06 V                  ; 2.36 V             ; -0.00724 V         ; 0.107 V                             ; 0.02 V                              ; 4.5e-10 s                  ; 4.25e-10 s                 ; Yes                       ; Yes                       ;
; Regout[29]    ; 2.5 V        ; 0 s                 ; 0 s                 ; 2.32 V                       ; 1.06e-06 V                   ; 2.36 V              ; -0.00724 V          ; 0.107 V                              ; 0.02 V                               ; 4.5e-10 s                   ; 4.25e-10 s                  ; Yes                        ; Yes                        ; 2.32 V                      ; 1.06e-06 V                  ; 2.36 V             ; -0.00724 V         ; 0.107 V                             ; 0.02 V                              ; 4.5e-10 s                  ; 4.25e-10 s                 ; Yes                       ; Yes                       ;
; Regout[30]    ; 2.5 V        ; 0 s                 ; 0 s                 ; 2.32 V                       ; 7.16e-07 V                   ; 2.35 V              ; -0.00832 V          ; 0.101 V                              ; 0.024 V                              ; 6.39e-10 s                  ; 6e-10 s                     ; Yes                        ; Yes                        ; 2.32 V                      ; 7.16e-07 V                  ; 2.35 V             ; -0.00832 V         ; 0.101 V                             ; 0.024 V                             ; 6.39e-10 s                 ; 6e-10 s                    ; Yes                       ; Yes                       ;
; Regout[31]    ; 2.5 V        ; 0 s                 ; 0 s                 ; 2.32 V                       ; 1.06e-06 V                   ; 2.36 V              ; -0.00724 V          ; 0.107 V                              ; 0.02 V                               ; 4.5e-10 s                   ; 4.25e-10 s                  ; Yes                        ; Yes                        ; 2.32 V                      ; 1.06e-06 V                  ; 2.36 V             ; -0.00724 V         ; 0.107 V                             ; 0.02 V                              ; 4.5e-10 s                  ; 4.25e-10 s                 ; Yes                       ; Yes                       ;
; Estado[0]     ; 2.5 V        ; 0 s                 ; 0 s                 ; 2.32 V                       ; 1.06e-06 V                   ; 2.36 V              ; -0.00724 V          ; 0.107 V                              ; 0.02 V                               ; 4.5e-10 s                   ; 4.25e-10 s                  ; Yes                        ; Yes                        ; 2.32 V                      ; 1.06e-06 V                  ; 2.36 V             ; -0.00724 V         ; 0.107 V                             ; 0.02 V                              ; 4.5e-10 s                  ; 4.25e-10 s                 ; Yes                       ; Yes                       ;
; Estado[1]     ; 2.5 V        ; 0 s                 ; 0 s                 ; 2.32 V                       ; 7.16e-07 V                   ; 2.35 V              ; -0.00832 V          ; 0.101 V                              ; 0.024 V                              ; 6.39e-10 s                  ; 6e-10 s                     ; Yes                        ; Yes                        ; 2.32 V                      ; 7.16e-07 V                  ; 2.35 V             ; -0.00832 V         ; 0.101 V                             ; 0.024 V                             ; 6.39e-10 s                 ; 6e-10 s                    ; Yes                       ; Yes                       ;
; Estado[2]     ; 2.5 V        ; 0 s                 ; 0 s                 ; 2.32 V                       ; 1.06e-06 V                   ; 2.36 V              ; -0.00724 V          ; 0.107 V                              ; 0.02 V                               ; 4.5e-10 s                   ; 4.25e-10 s                  ; Yes                        ; Yes                        ; 2.32 V                      ; 1.06e-06 V                  ; 2.36 V             ; -0.00724 V         ; 0.107 V                             ; 0.02 V                              ; 4.5e-10 s                  ; 4.25e-10 s                 ; Yes                       ; Yes                       ;
; Estado[3]     ; 2.5 V        ; 0 s                 ; 0 s                 ; 2.32 V                       ; 1.06e-06 V                   ; 2.36 V              ; -0.00724 V          ; 0.107 V                              ; 0.02 V                               ; 4.5e-10 s                   ; 4.25e-10 s                  ; Yes                        ; Yes                        ; 2.32 V                      ; 1.06e-06 V                  ; 2.36 V             ; -0.00724 V         ; 0.107 V                             ; 0.02 V                              ; 4.5e-10 s                  ; 4.25e-10 s                 ; Yes                       ; Yes                       ;
; ~ALTERA_DCLK~ ; 2.5 V        ; 0 s                 ; 0 s                 ; 2.32 V                       ; 5.74e-07 V                   ; 2.36 V              ; -0.0201 V           ; 0.072 V                              ; 0.033 V                              ; 4.04e-10 s                  ; 3.29e-10 s                  ; Yes                        ; Yes                        ; 2.32 V                      ; 5.74e-07 V                  ; 2.36 V             ; -0.0201 V          ; 0.072 V                             ; 0.033 V                             ; 4.04e-10 s                 ; 3.29e-10 s                 ; Yes                       ; Yes                       ;
; ~ALTERA_nCEO~ ; 2.5 V        ; 0 s                 ; 0 s                 ; 2.32 V                       ; 9.45e-07 V                   ; 2.35 V              ; -0.00643 V          ; 0.081 V                              ; 0.031 V                              ; 5.31e-10 s                  ; 7.59e-10 s                  ; Yes                        ; Yes                        ; 2.32 V                      ; 9.45e-07 V                  ; 2.35 V             ; -0.00643 V         ; 0.081 V                             ; 0.031 V                             ; 5.31e-10 s                 ; 7.59e-10 s                 ; Yes                       ; Yes                       ;
+---------------+--------------+---------------------+---------------------+------------------------------+------------------------------+---------------------+---------------------+--------------------------------------+--------------------------------------+-----------------------------+-----------------------------+----------------------------+----------------------------+-----------------------------+-----------------------------+--------------------+--------------------+-------------------------------------+-------------------------------------+----------------------------+----------------------------+---------------------------+---------------------------+


+--------------------------------------------------------------------------------------------------------------------------------------------------------------------------------------------------------------------------------------------------------------------------------------------------------------------------------------------------------------------------------------------------------------------------------------------------------------------------------------------------------------------------------------------------------------------------------------------------------------------------------------------------------------------------------------------+
; Signal Integrity Metrics (Fast 1200mv 0c Model)                                                                                                                                                                                                                                                                                                                                                                                                                                                                                                                                                                                                                                            ;
+---------------+--------------+---------------------+---------------------+------------------------------+------------------------------+---------------------+---------------------+--------------------------------------+--------------------------------------+-----------------------------+-----------------------------+----------------------------+----------------------------+-----------------------------+-----------------------------+--------------------+--------------------+-------------------------------------+-------------------------------------+----------------------------+----------------------------+---------------------------+---------------------------+
; Pin           ; I/O Standard ; Board Delay on Rise ; Board Delay on Fall ; Steady State Voh at FPGA Pin ; Steady State Vol at FPGA Pin ; Voh Max at FPGA Pin ; Vol Min at FPGA Pin ; Ringback Voltage on Rise at FPGA Pin ; Ringback Voltage on Fall at FPGA Pin ; 10-90 Rise Time at FPGA Pin ; 90-10 Fall Time at FPGA Pin ; Monotonic Rise at FPGA Pin ; Monotonic Fall at FPGA Pin ; Steady State Voh at Far-end ; Steady State Vol at Far-end ; Voh Max at Far-end ; Vol Min at Far-end ; Ringback Voltage on Rise at Far-end ; Ringback Voltage on Fall at Far-end ; 10-90 Rise Time at Far-end ; 90-10 Fall Time at Far-end ; Monotonic Rise at Far-end ; Monotonic Fall at Far-end ;
+---------------+--------------+---------------------+---------------------+------------------------------+------------------------------+---------------------+---------------------+--------------------------------------+--------------------------------------+-----------------------------+-----------------------------+----------------------------+----------------------------+-----------------------------+-----------------------------+--------------------+--------------------+-------------------------------------+-------------------------------------+----------------------------+----------------------------+---------------------------+---------------------------+
; ClockDIV      ; 2.5 V        ; 0 s                 ; 0 s                 ; 2.62 V                       ; 2.74e-08 V                   ; 2.73 V              ; -0.0384 V           ; 0.169 V                              ; 0.089 V                              ; 2.7e-10 s                   ; 2.62e-10 s                  ; Yes                        ; Yes                        ; 2.62 V                      ; 2.74e-08 V                  ; 2.73 V             ; -0.0384 V          ; 0.169 V                             ; 0.089 V                             ; 2.7e-10 s                  ; 2.62e-10 s                 ; Yes                       ; Yes                       ;
; PC[0]         ; 2.5 V        ; 0 s                 ; 0 s                 ; 2.62 V                       ; 2.74e-08 V                   ; 2.71 V              ; -0.0317 V           ; 0.148 V                              ; 0.064 V                              ; 4.51e-10 s                  ; 4.15e-10 s                  ; No                         ; Yes                        ; 2.62 V                      ; 2.74e-08 V                  ; 2.71 V             ; -0.0317 V          ; 0.148 V                             ; 0.064 V                             ; 4.51e-10 s                 ; 4.15e-10 s                 ; No                        ; Yes                       ;
; PC[1]         ; 2.5 V        ; 0 s                 ; 0 s                 ; 2.62 V                       ; 2.74e-08 V                   ; 2.71 V              ; -0.0317 V           ; 0.148 V                              ; 0.064 V                              ; 4.51e-10 s                  ; 4.15e-10 s                  ; No                         ; Yes                        ; 2.62 V                      ; 2.74e-08 V                  ; 2.71 V             ; -0.0317 V          ; 0.148 V                             ; 0.064 V                             ; 4.51e-10 s                 ; 4.15e-10 s                 ; No                        ; Yes                       ;
; PC[2]         ; 2.5 V        ; 0 s                 ; 0 s                 ; 2.62 V                       ; 4.05e-08 V                   ; 2.72 V              ; -0.0349 V           ; 0.173 V                              ; 0.1 V                                ; 2.72e-10 s                  ; 2.69e-10 s                  ; Yes                        ; Yes                        ; 2.62 V                      ; 4.05e-08 V                  ; 2.72 V             ; -0.0349 V          ; 0.173 V                             ; 0.1 V                               ; 2.72e-10 s                 ; 2.69e-10 s                 ; Yes                       ; Yes                       ;
; PC[3]         ; 2.5 V        ; 0 s                 ; 0 s                 ; 2.62 V                       ; 2.74e-08 V                   ; 2.73 V              ; -0.0384 V           ; 0.169 V                              ; 0.089 V                              ; 2.7e-10 s                   ; 2.62e-10 s                  ; Yes                        ; Yes                        ; 2.62 V                      ; 2.74e-08 V                  ; 2.73 V             ; -0.0384 V          ; 0.169 V                             ; 0.089 V                             ; 2.7e-10 s                  ; 2.62e-10 s                 ; Yes                       ; Yes                       ;
; PC[4]         ; 2.5 V        ; 0 s                 ; 0 s                 ; 2.62 V                       ; 4.05e-08 V                   ; 2.72 V              ; -0.0349 V           ; 0.173 V                              ; 0.1 V                                ; 2.72e-10 s                  ; 2.69e-10 s                  ; Yes                        ; Yes                        ; 2.62 V                      ; 4.05e-08 V                  ; 2.72 V             ; -0.0349 V          ; 0.173 V                             ; 0.1 V                               ; 2.72e-10 s                 ; 2.69e-10 s                 ; Yes                       ; Yes                       ;
; PC[5]         ; 2.5 V        ; 0 s                 ; 0 s                 ; 2.62 V                       ; 2.74e-08 V                   ; 2.73 V              ; -0.0384 V           ; 0.169 V                              ; 0.089 V                              ; 2.7e-10 s                   ; 2.62e-10 s                  ; Yes                        ; Yes                        ; 2.62 V                      ; 2.74e-08 V                  ; 2.73 V             ; -0.0384 V          ; 0.169 V                             ; 0.089 V                             ; 2.7e-10 s                  ; 2.62e-10 s                 ; Yes                       ; Yes                       ;
; PC[6]         ; 2.5 V        ; 0 s                 ; 0 s                 ; 2.62 V                       ; 4.05e-08 V                   ; 2.72 V              ; -0.0349 V           ; 0.173 V                              ; 0.1 V                                ; 2.72e-10 s                  ; 2.69e-10 s                  ; Yes                        ; Yes                        ; 2.62 V                      ; 4.05e-08 V                  ; 2.72 V             ; -0.0349 V          ; 0.173 V                             ; 0.1 V                               ; 2.72e-10 s                 ; 2.69e-10 s                 ; Yes                       ; Yes                       ;
; PC[7]         ; 2.5 V        ; 0 s                 ; 0 s                 ; 2.62 V                       ; 2.74e-08 V                   ; 2.73 V              ; -0.0384 V           ; 0.169 V                              ; 0.089 V                              ; 2.7e-10 s                   ; 2.62e-10 s                  ; Yes                        ; Yes                        ; 2.62 V                      ; 2.74e-08 V                  ; 2.73 V             ; -0.0384 V          ; 0.169 V                             ; 0.089 V                             ; 2.7e-10 s                  ; 2.62e-10 s                 ; Yes                       ; Yes                       ;
; PC[8]         ; 2.5 V        ; 0 s                 ; 0 s                 ; 2.62 V                       ; 4.05e-08 V                   ; 2.72 V              ; -0.0349 V           ; 0.173 V                              ; 0.1 V                                ; 2.72e-10 s                  ; 2.69e-10 s                  ; Yes                        ; Yes                        ; 2.62 V                      ; 4.05e-08 V                  ; 2.72 V             ; -0.0349 V          ; 0.173 V                             ; 0.1 V                               ; 2.72e-10 s                 ; 2.69e-10 s                 ; Yes                       ; Yes                       ;
; PC[9]         ; 2.5 V        ; 0 s                 ; 0 s                 ; 2.62 V                       ; 4.05e-08 V                   ; 2.72 V              ; -0.0349 V           ; 0.173 V                              ; 0.1 V                                ; 2.72e-10 s                  ; 2.69e-10 s                  ; Yes                        ; Yes                        ; 2.62 V                      ; 4.05e-08 V                  ; 2.72 V             ; -0.0349 V          ; 0.173 V                             ; 0.1 V                               ; 2.72e-10 s                 ; 2.69e-10 s                 ; Yes                       ; Yes                       ;
; PC[10]        ; 2.5 V        ; 0 s                 ; 0 s                 ; 2.62 V                       ; 4.05e-08 V                   ; 2.64 V              ; -0.0113 V           ; 0.208 V                              ; 0.179 V                              ; 2.38e-09 s                  ; 2.23e-09 s                  ; No                         ; Yes                        ; 2.62 V                      ; 4.05e-08 V                  ; 2.64 V             ; -0.0113 V          ; 0.208 V                             ; 0.179 V                             ; 2.38e-09 s                 ; 2.23e-09 s                 ; No                        ; Yes                       ;
; PC[11]        ; 2.5 V        ; 0 s                 ; 0 s                 ; 2.62 V                       ; 2.74e-08 V                   ; 2.73 V              ; -0.0384 V           ; 0.169 V                              ; 0.089 V                              ; 2.7e-10 s                   ; 2.62e-10 s                  ; Yes                        ; Yes                        ; 2.62 V                      ; 2.74e-08 V                  ; 2.73 V             ; -0.0384 V          ; 0.169 V                             ; 0.089 V                             ; 2.7e-10 s                  ; 2.62e-10 s                 ; Yes                       ; Yes                       ;
; PC[12]        ; 2.5 V        ; 0 s                 ; 0 s                 ; 2.62 V                       ; 2.74e-08 V                   ; 2.71 V              ; -0.0317 V           ; 0.148 V                              ; 0.064 V                              ; 4.51e-10 s                  ; 4.15e-10 s                  ; No                         ; Yes                        ; 2.62 V                      ; 2.74e-08 V                  ; 2.71 V             ; -0.0317 V          ; 0.148 V                             ; 0.064 V                             ; 4.51e-10 s                 ; 4.15e-10 s                 ; No                        ; Yes                       ;
; PC[13]        ; 2.5 V        ; 0 s                 ; 0 s                 ; 2.62 V                       ; 2.74e-08 V                   ; 2.71 V              ; -0.0317 V           ; 0.148 V                              ; 0.064 V                              ; 4.51e-10 s                  ; 4.15e-10 s                  ; No                         ; Yes                        ; 2.62 V                      ; 2.74e-08 V                  ; 2.71 V             ; -0.0317 V          ; 0.148 V                             ; 0.064 V                             ; 4.51e-10 s                 ; 4.15e-10 s                 ; No                        ; Yes                       ;
; PC[14]        ; 2.5 V        ; 0 s                 ; 0 s                 ; 2.62 V                       ; 2.74e-08 V                   ; 2.71 V              ; -0.0317 V           ; 0.148 V                              ; 0.064 V                              ; 4.51e-10 s                  ; 4.15e-10 s                  ; No                         ; Yes                        ; 2.62 V                      ; 2.74e-08 V                  ; 2.71 V             ; -0.0317 V          ; 0.148 V                             ; 0.064 V                             ; 4.51e-10 s                 ; 4.15e-10 s                 ; No                        ; Yes                       ;
; PC[15]        ; 2.5 V        ; 0 s                 ; 0 s                 ; 2.62 V                       ; 2.74e-08 V                   ; 2.64 V              ; -0.0117 V           ; 0.202 V                              ; 0.176 V                              ; 2.38e-09 s                  ; 2.22e-09 s                  ; No                         ; Yes                        ; 2.62 V                      ; 2.74e-08 V                  ; 2.64 V             ; -0.0117 V          ; 0.202 V                             ; 0.176 V                             ; 2.38e-09 s                 ; 2.22e-09 s                 ; No                        ; Yes                       ;
; PC[16]        ; 2.5 V        ; 0 s                 ; 0 s                 ; 2.62 V                       ; 2.74e-08 V                   ; 2.71 V              ; -0.0317 V           ; 0.148 V                              ; 0.064 V                              ; 4.51e-10 s                  ; 4.15e-10 s                  ; No                         ; Yes                        ; 2.62 V                      ; 2.74e-08 V                  ; 2.71 V             ; -0.0317 V          ; 0.148 V                             ; 0.064 V                             ; 4.51e-10 s                 ; 4.15e-10 s                 ; No                        ; Yes                       ;
; PC[17]        ; 2.5 V        ; 0 s                 ; 0 s                 ; 2.62 V                       ; 2.74e-08 V                   ; 2.71 V              ; -0.0317 V           ; 0.148 V                              ; 0.064 V                              ; 4.51e-10 s                  ; 4.15e-10 s                  ; No                         ; Yes                        ; 2.62 V                      ; 2.74e-08 V                  ; 2.71 V             ; -0.0317 V          ; 0.148 V                             ; 0.064 V                             ; 4.51e-10 s                 ; 4.15e-10 s                 ; No                        ; Yes                       ;
; PC[18]        ; 2.5 V        ; 0 s                 ; 0 s                 ; 2.62 V                       ; 2.74e-08 V                   ; 2.73 V              ; -0.0384 V           ; 0.169 V                              ; 0.089 V                              ; 2.7e-10 s                   ; 2.62e-10 s                  ; Yes                        ; Yes                        ; 2.62 V                      ; 2.74e-08 V                  ; 2.73 V             ; -0.0384 V          ; 0.169 V                             ; 0.089 V                             ; 2.7e-10 s                  ; 2.62e-10 s                 ; Yes                       ; Yes                       ;
; PC[19]        ; 2.5 V        ; 0 s                 ; 0 s                 ; 2.62 V                       ; 2.74e-08 V                   ; 2.71 V              ; -0.0317 V           ; 0.148 V                              ; 0.064 V                              ; 4.51e-10 s                  ; 4.15e-10 s                  ; No                         ; Yes                        ; 2.62 V                      ; 2.74e-08 V                  ; 2.71 V             ; -0.0317 V          ; 0.148 V                             ; 0.064 V                             ; 4.51e-10 s                 ; 4.15e-10 s                 ; No                        ; Yes                       ;
; PC[20]        ; 2.5 V        ; 0 s                 ; 0 s                 ; 2.62 V                       ; 2.74e-08 V                   ; 2.71 V              ; -0.0317 V           ; 0.148 V                              ; 0.064 V                              ; 4.51e-10 s                  ; 4.15e-10 s                  ; No                         ; Yes                        ; 2.62 V                      ; 2.74e-08 V                  ; 2.71 V             ; -0.0317 V          ; 0.148 V                             ; 0.064 V                             ; 4.51e-10 s                 ; 4.15e-10 s                 ; No                        ; Yes                       ;
; PC[21]        ; 2.5 V        ; 0 s                 ; 0 s                 ; 2.62 V                       ; 2.74e-08 V                   ; 2.73 V              ; -0.0384 V           ; 0.169 V                              ; 0.089 V                              ; 2.7e-10 s                   ; 2.62e-10 s                  ; Yes                        ; Yes                        ; 2.62 V                      ; 2.74e-08 V                  ; 2.73 V             ; -0.0384 V          ; 0.169 V                             ; 0.089 V                             ; 2.7e-10 s                  ; 2.62e-10 s                 ; Yes                       ; Yes                       ;
; PC[22]        ; 2.5 V        ; 0 s                 ; 0 s                 ; 2.62 V                       ; 4.05e-08 V                   ; 2.72 V              ; -0.0349 V           ; 0.173 V                              ; 0.1 V                                ; 2.72e-10 s                  ; 2.69e-10 s                  ; Yes                        ; Yes                        ; 2.62 V                      ; 4.05e-08 V                  ; 2.72 V             ; -0.0349 V          ; 0.173 V                             ; 0.1 V                               ; 2.72e-10 s                 ; 2.69e-10 s                 ; Yes                       ; Yes                       ;
; PC[23]        ; 2.5 V        ; 0 s                 ; 0 s                 ; 2.62 V                       ; 2.74e-08 V                   ; 2.71 V              ; -0.0317 V           ; 0.148 V                              ; 0.064 V                              ; 4.51e-10 s                  ; 4.15e-10 s                  ; No                         ; Yes                        ; 2.62 V                      ; 2.74e-08 V                  ; 2.71 V             ; -0.0317 V          ; 0.148 V                             ; 0.064 V                             ; 4.51e-10 s                 ; 4.15e-10 s                 ; No                        ; Yes                       ;
; PC[24]        ; 2.5 V        ; 0 s                 ; 0 s                 ; 2.62 V                       ; 2.74e-08 V                   ; 2.71 V              ; -0.0317 V           ; 0.148 V                              ; 0.064 V                              ; 4.51e-10 s                  ; 4.15e-10 s                  ; No                         ; Yes                        ; 2.62 V                      ; 2.74e-08 V                  ; 2.71 V             ; -0.0317 V          ; 0.148 V                             ; 0.064 V                             ; 4.51e-10 s                 ; 4.15e-10 s                 ; No                        ; Yes                       ;
; PC[25]        ; 2.5 V        ; 0 s                 ; 0 s                 ; 2.62 V                       ; 2.74e-08 V                   ; 2.71 V              ; -0.0317 V           ; 0.148 V                              ; 0.064 V                              ; 4.51e-10 s                  ; 4.15e-10 s                  ; No                         ; Yes                        ; 2.62 V                      ; 2.74e-08 V                  ; 2.71 V             ; -0.0317 V          ; 0.148 V                             ; 0.064 V                             ; 4.51e-10 s                 ; 4.15e-10 s                 ; No                        ; Yes                       ;
; PC[26]        ; 2.5 V        ; 0 s                 ; 0 s                 ; 2.62 V                       ; 2.74e-08 V                   ; 2.64 V              ; -0.0117 V           ; 0.202 V                              ; 0.176 V                              ; 2.38e-09 s                  ; 2.22e-09 s                  ; No                         ; Yes                        ; 2.62 V                      ; 2.74e-08 V                  ; 2.64 V             ; -0.0117 V          ; 0.202 V                             ; 0.176 V                             ; 2.38e-09 s                 ; 2.22e-09 s                 ; No                        ; Yes                       ;
; PC[27]        ; 2.5 V        ; 0 s                 ; 0 s                 ; 2.62 V                       ; 2.74e-08 V                   ; 2.73 V              ; -0.0384 V           ; 0.169 V                              ; 0.089 V                              ; 2.7e-10 s                   ; 2.62e-10 s                  ; Yes                        ; Yes                        ; 2.62 V                      ; 2.74e-08 V                  ; 2.73 V             ; -0.0384 V          ; 0.169 V                             ; 0.089 V                             ; 2.7e-10 s                  ; 2.62e-10 s                 ; Yes                       ; Yes                       ;
; PC[28]        ; 2.5 V        ; 0 s                 ; 0 s                 ; 2.62 V                       ; 2.74e-08 V                   ; 2.71 V              ; -0.0317 V           ; 0.148 V                              ; 0.064 V                              ; 4.51e-10 s                  ; 4.15e-10 s                  ; No                         ; Yes                        ; 2.62 V                      ; 2.74e-08 V                  ; 2.71 V             ; -0.0317 V          ; 0.148 V                             ; 0.064 V                             ; 4.51e-10 s                 ; 4.15e-10 s                 ; No                        ; Yes                       ;
; PC[29]        ; 2.5 V        ; 0 s                 ; 0 s                 ; 2.62 V                       ; 2.74e-08 V                   ; 2.71 V              ; -0.0317 V           ; 0.148 V                              ; 0.064 V                              ; 4.51e-10 s                  ; 4.15e-10 s                  ; No                         ; Yes                        ; 2.62 V                      ; 2.74e-08 V                  ; 2.71 V             ; -0.0317 V          ; 0.148 V                             ; 0.064 V                             ; 4.51e-10 s                 ; 4.15e-10 s                 ; No                        ; Yes                       ;
; PC[30]        ; 2.5 V        ; 0 s                 ; 0 s                 ; 2.62 V                       ; 2.74e-08 V                   ; 2.73 V              ; -0.0384 V           ; 0.169 V                              ; 0.089 V                              ; 2.7e-10 s                   ; 2.62e-10 s                  ; Yes                        ; Yes                        ; 2.62 V                      ; 2.74e-08 V                  ; 2.73 V             ; -0.0384 V          ; 0.169 V                             ; 0.089 V                             ; 2.7e-10 s                  ; 2.62e-10 s                 ; Yes                       ; Yes                       ;
; PC[31]        ; 2.5 V        ; 0 s                 ; 0 s                 ; 2.62 V                       ; 2.74e-08 V                   ; 2.71 V              ; -0.0317 V           ; 0.148 V                              ; 0.064 V                              ; 4.51e-10 s                  ; 4.15e-10 s                  ; No                         ; Yes                        ; 2.62 V                      ; 2.74e-08 V                  ; 2.71 V             ; -0.0317 V          ; 0.148 V                             ; 0.064 V                             ; 4.51e-10 s                 ; 4.15e-10 s                 ; No                        ; Yes                       ;
; Instr[0]      ; 2.5 V        ; 0 s                 ; 0 s                 ; 2.62 V                       ; 4.05e-08 V                   ; 2.72 V              ; -0.0349 V           ; 0.173 V                              ; 0.1 V                                ; 2.72e-10 s                  ; 2.69e-10 s                  ; Yes                        ; Yes                        ; 2.62 V                      ; 4.05e-08 V                  ; 2.72 V             ; -0.0349 V          ; 0.173 V                             ; 0.1 V                               ; 2.72e-10 s                 ; 2.69e-10 s                 ; Yes                       ; Yes                       ;
; Instr[1]      ; 2.5 V        ; 0 s                 ; 0 s                 ; 2.62 V                       ; 4.05e-08 V                   ; 2.72 V              ; -0.0349 V           ; 0.173 V                              ; 0.1 V                                ; 2.72e-10 s                  ; 2.69e-10 s                  ; Yes                        ; Yes                        ; 2.62 V                      ; 4.05e-08 V                  ; 2.72 V             ; -0.0349 V          ; 0.173 V                             ; 0.1 V                               ; 2.72e-10 s                 ; 2.69e-10 s                 ; Yes                       ; Yes                       ;
; Instr[2]      ; 2.5 V        ; 0 s                 ; 0 s                 ; 2.62 V                       ; 4.05e-08 V                   ; 2.72 V              ; -0.0349 V           ; 0.173 V                              ; 0.1 V                                ; 2.72e-10 s                  ; 2.69e-10 s                  ; Yes                        ; Yes                        ; 2.62 V                      ; 4.05e-08 V                  ; 2.72 V             ; -0.0349 V          ; 0.173 V                             ; 0.1 V                               ; 2.72e-10 s                 ; 2.69e-10 s                 ; Yes                       ; Yes                       ;
; Instr[3]      ; 2.5 V        ; 0 s                 ; 0 s                 ; 2.62 V                       ; 2.74e-08 V                   ; 2.71 V              ; -0.0317 V           ; 0.148 V                              ; 0.064 V                              ; 4.51e-10 s                  ; 4.15e-10 s                  ; No                         ; Yes                        ; 2.62 V                      ; 2.74e-08 V                  ; 2.71 V             ; -0.0317 V          ; 0.148 V                             ; 0.064 V                             ; 4.51e-10 s                 ; 4.15e-10 s                 ; No                        ; Yes                       ;
; Instr[4]      ; 2.5 V        ; 0 s                 ; 0 s                 ; 2.62 V                       ; 2.74e-08 V                   ; 2.73 V              ; -0.0384 V           ; 0.169 V                              ; 0.089 V                              ; 2.7e-10 s                   ; 2.62e-10 s                  ; Yes                        ; Yes                        ; 2.62 V                      ; 2.74e-08 V                  ; 2.73 V             ; -0.0384 V          ; 0.169 V                             ; 0.089 V                             ; 2.7e-10 s                  ; 2.62e-10 s                 ; Yes                       ; Yes                       ;
; Instr[5]      ; 2.5 V        ; 0 s                 ; 0 s                 ; 2.62 V                       ; 2.74e-08 V                   ; 2.71 V              ; -0.0317 V           ; 0.148 V                              ; 0.064 V                              ; 4.51e-10 s                  ; 4.15e-10 s                  ; No                         ; Yes                        ; 2.62 V                      ; 2.74e-08 V                  ; 2.71 V             ; -0.0317 V          ; 0.148 V                             ; 0.064 V                             ; 4.51e-10 s                 ; 4.15e-10 s                 ; No                        ; Yes                       ;
; Instr[6]      ; 2.5 V        ; 0 s                 ; 0 s                 ; 2.62 V                       ; 4.05e-08 V                   ; 2.72 V              ; -0.0349 V           ; 0.173 V                              ; 0.1 V                                ; 2.72e-10 s                  ; 2.69e-10 s                  ; Yes                        ; Yes                        ; 2.62 V                      ; 4.05e-08 V                  ; 2.72 V             ; -0.0349 V          ; 0.173 V                             ; 0.1 V                               ; 2.72e-10 s                 ; 2.69e-10 s                 ; Yes                       ; Yes                       ;
; Instr[7]      ; 2.5 V        ; 0 s                 ; 0 s                 ; 2.62 V                       ; 4.05e-08 V                   ; 2.72 V              ; -0.0349 V           ; 0.173 V                              ; 0.1 V                                ; 2.72e-10 s                  ; 2.69e-10 s                  ; Yes                        ; Yes                        ; 2.62 V                      ; 4.05e-08 V                  ; 2.72 V             ; -0.0349 V          ; 0.173 V                             ; 0.1 V                               ; 2.72e-10 s                 ; 2.69e-10 s                 ; Yes                       ; Yes                       ;
; Instr[8]      ; 2.5 V        ; 0 s                 ; 0 s                 ; 2.62 V                       ; 4.05e-08 V                   ; 2.72 V              ; -0.0349 V           ; 0.173 V                              ; 0.1 V                                ; 2.72e-10 s                  ; 2.69e-10 s                  ; Yes                        ; Yes                        ; 2.62 V                      ; 4.05e-08 V                  ; 2.72 V             ; -0.0349 V          ; 0.173 V                             ; 0.1 V                               ; 2.72e-10 s                 ; 2.69e-10 s                 ; Yes                       ; Yes                       ;
; Instr[9]      ; 2.5 V        ; 0 s                 ; 0 s                 ; 2.62 V                       ; 4.05e-08 V                   ; 2.72 V              ; -0.0349 V           ; 0.173 V                              ; 0.1 V                                ; 2.72e-10 s                  ; 2.69e-10 s                  ; Yes                        ; Yes                        ; 2.62 V                      ; 4.05e-08 V                  ; 2.72 V             ; -0.0349 V          ; 0.173 V                             ; 0.1 V                               ; 2.72e-10 s                 ; 2.69e-10 s                 ; Yes                       ; Yes                       ;
; Instr[10]     ; 2.5 V        ; 0 s                 ; 0 s                 ; 2.62 V                       ; 4.05e-08 V                   ; 2.72 V              ; -0.0349 V           ; 0.173 V                              ; 0.1 V                                ; 2.72e-10 s                  ; 2.69e-10 s                  ; Yes                        ; Yes                        ; 2.62 V                      ; 4.05e-08 V                  ; 2.72 V             ; -0.0349 V          ; 0.173 V                             ; 0.1 V                               ; 2.72e-10 s                 ; 2.69e-10 s                 ; Yes                       ; Yes                       ;
; Instr[11]     ; 2.5 V        ; 0 s                 ; 0 s                 ; 2.62 V                       ; 4.05e-08 V                   ; 2.72 V              ; -0.0349 V           ; 0.173 V                              ; 0.1 V                                ; 2.72e-10 s                  ; 2.69e-10 s                  ; Yes                        ; Yes                        ; 2.62 V                      ; 4.05e-08 V                  ; 2.72 V             ; -0.0349 V          ; 0.173 V                             ; 0.1 V                               ; 2.72e-10 s                 ; 2.69e-10 s                 ; Yes                       ; Yes                       ;
; Instr[12]     ; 2.5 V        ; 0 s                 ; 0 s                 ; 2.62 V                       ; 4.05e-08 V                   ; 2.72 V              ; -0.0349 V           ; 0.173 V                              ; 0.1 V                                ; 2.72e-10 s                  ; 2.69e-10 s                  ; Yes                        ; Yes                        ; 2.62 V                      ; 4.05e-08 V                  ; 2.72 V             ; -0.0349 V          ; 0.173 V                             ; 0.1 V                               ; 2.72e-10 s                 ; 2.69e-10 s                 ; Yes                       ; Yes                       ;
; Instr[13]     ; 2.5 V        ; 0 s                 ; 0 s                 ; 2.62 V                       ; 4.05e-08 V                   ; 2.72 V              ; -0.0349 V           ; 0.173 V                              ; 0.1 V                                ; 2.72e-10 s                  ; 2.69e-10 s                  ; Yes                        ; Yes                        ; 2.62 V                      ; 4.05e-08 V                  ; 2.72 V             ; -0.0349 V          ; 0.173 V                             ; 0.1 V                               ; 2.72e-10 s                 ; 2.69e-10 s                 ; Yes                       ; Yes                       ;
; Instr[14]     ; 2.5 V        ; 0 s                 ; 0 s                 ; 2.62 V                       ; 4.05e-08 V                   ; 2.72 V              ; -0.0349 V           ; 0.173 V                              ; 0.1 V                                ; 2.72e-10 s                  ; 2.69e-10 s                  ; Yes                        ; Yes                        ; 2.62 V                      ; 4.05e-08 V                  ; 2.72 V             ; -0.0349 V          ; 0.173 V                             ; 0.1 V                               ; 2.72e-10 s                 ; 2.69e-10 s                 ; Yes                       ; Yes                       ;
; Instr[15]     ; 2.5 V        ; 0 s                 ; 0 s                 ; 2.62 V                       ; 2.74e-08 V                   ; 2.71 V              ; -0.0317 V           ; 0.148 V                              ; 0.064 V                              ; 4.51e-10 s                  ; 4.15e-10 s                  ; No                         ; Yes                        ; 2.62 V                      ; 2.74e-08 V                  ; 2.71 V             ; -0.0317 V          ; 0.148 V                             ; 0.064 V                             ; 4.51e-10 s                 ; 4.15e-10 s                 ; No                        ; Yes                       ;
; Instr[16]     ; 2.5 V        ; 0 s                 ; 0 s                 ; 2.62 V                       ; 2.74e-08 V                   ; 2.64 V              ; -0.0117 V           ; 0.202 V                              ; 0.176 V                              ; 2.38e-09 s                  ; 2.22e-09 s                  ; No                         ; Yes                        ; 2.62 V                      ; 2.74e-08 V                  ; 2.64 V             ; -0.0117 V          ; 0.202 V                             ; 0.176 V                             ; 2.38e-09 s                 ; 2.22e-09 s                 ; No                        ; Yes                       ;
; Instr[17]     ; 2.5 V        ; 0 s                 ; 0 s                 ; 2.62 V                       ; 2.74e-08 V                   ; 2.71 V              ; -0.0317 V           ; 0.148 V                              ; 0.064 V                              ; 4.51e-10 s                  ; 4.15e-10 s                  ; No                         ; Yes                        ; 2.62 V                      ; 2.74e-08 V                  ; 2.71 V             ; -0.0317 V          ; 0.148 V                             ; 0.064 V                             ; 4.51e-10 s                 ; 4.15e-10 s                 ; No                        ; Yes                       ;
; Instr[18]     ; 2.5 V        ; 0 s                 ; 0 s                 ; 2.62 V                       ; 4.05e-08 V                   ; 2.64 V              ; -0.0113 V           ; 0.208 V                              ; 0.179 V                              ; 2.38e-09 s                  ; 2.23e-09 s                  ; No                         ; Yes                        ; 2.62 V                      ; 4.05e-08 V                  ; 2.64 V             ; -0.0113 V          ; 0.208 V                             ; 0.179 V                             ; 2.38e-09 s                 ; 2.23e-09 s                 ; No                        ; Yes                       ;
; Instr[19]     ; 2.5 V        ; 0 s                 ; 0 s                 ; 2.62 V                       ; 2.74e-08 V                   ; 2.71 V              ; -0.0317 V           ; 0.148 V                              ; 0.064 V                              ; 4.51e-10 s                  ; 4.15e-10 s                  ; No                         ; Yes                        ; 2.62 V                      ; 2.74e-08 V                  ; 2.71 V             ; -0.0317 V          ; 0.148 V                             ; 0.064 V                             ; 4.51e-10 s                 ; 4.15e-10 s                 ; No                        ; Yes                       ;
; Instr[20]     ; 2.5 V        ; 0 s                 ; 0 s                 ; 2.62 V                       ; 2.74e-08 V                   ; 2.71 V              ; -0.0317 V           ; 0.148 V                              ; 0.064 V                              ; 4.51e-10 s                  ; 4.15e-10 s                  ; No                         ; Yes                        ; 2.62 V                      ; 2.74e-08 V                  ; 2.71 V             ; -0.0317 V          ; 0.148 V                             ; 0.064 V                             ; 4.51e-10 s                 ; 4.15e-10 s                 ; No                        ; Yes                       ;
; Instr[21]     ; 2.5 V        ; 0 s                 ; 0 s                 ; 2.62 V                       ; 4.05e-08 V                   ; 2.72 V              ; -0.0349 V           ; 0.173 V                              ; 0.1 V                                ; 2.72e-10 s                  ; 2.69e-10 s                  ; Yes                        ; Yes                        ; 2.62 V                      ; 4.05e-08 V                  ; 2.72 V             ; -0.0349 V          ; 0.173 V                             ; 0.1 V                               ; 2.72e-10 s                 ; 2.69e-10 s                 ; Yes                       ; Yes                       ;
; Instr[22]     ; 2.5 V        ; 0 s                 ; 0 s                 ; 2.62 V                       ; 4.05e-08 V                   ; 2.72 V              ; -0.0349 V           ; 0.173 V                              ; 0.1 V                                ; 2.72e-10 s                  ; 2.69e-10 s                  ; Yes                        ; Yes                        ; 2.62 V                      ; 4.05e-08 V                  ; 2.72 V             ; -0.0349 V          ; 0.173 V                             ; 0.1 V                               ; 2.72e-10 s                 ; 2.69e-10 s                 ; Yes                       ; Yes                       ;
; Instr[23]     ; 2.5 V        ; 0 s                 ; 0 s                 ; 2.62 V                       ; 2.74e-08 V                   ; 2.64 V              ; -0.0117 V           ; 0.202 V                              ; 0.176 V                              ; 2.38e-09 s                  ; 2.22e-09 s                  ; No                         ; Yes                        ; 2.62 V                      ; 2.74e-08 V                  ; 2.64 V             ; -0.0117 V          ; 0.202 V                             ; 0.176 V                             ; 2.38e-09 s                 ; 2.22e-09 s                 ; No                        ; Yes                       ;
; Instr[24]     ; 2.5 V        ; 0 s                 ; 0 s                 ; 2.62 V                       ; 4.05e-08 V                   ; 2.72 V              ; -0.0349 V           ; 0.173 V                              ; 0.1 V                                ; 2.72e-10 s                  ; 2.69e-10 s                  ; Yes                        ; Yes                        ; 2.62 V                      ; 4.05e-08 V                  ; 2.72 V             ; -0.0349 V          ; 0.173 V                             ; 0.1 V                               ; 2.72e-10 s                 ; 2.69e-10 s                 ; Yes                       ; Yes                       ;
; Instr[25]     ; 2.5 V        ; 0 s                 ; 0 s                 ; 2.62 V                       ; 4.05e-08 V                   ; 2.72 V              ; -0.0349 V           ; 0.173 V                              ; 0.1 V                                ; 2.72e-10 s                  ; 2.69e-10 s                  ; Yes                        ; Yes                        ; 2.62 V                      ; 4.05e-08 V                  ; 2.72 V             ; -0.0349 V          ; 0.173 V                             ; 0.1 V                               ; 2.72e-10 s                 ; 2.69e-10 s                 ; Yes                       ; Yes                       ;
; Instr[26]     ; 2.5 V        ; 0 s                 ; 0 s                 ; 2.62 V                       ; 4.05e-08 V                   ; 2.72 V              ; -0.0349 V           ; 0.173 V                              ; 0.1 V                                ; 2.72e-10 s                  ; 2.69e-10 s                  ; Yes                        ; Yes                        ; 2.62 V                      ; 4.05e-08 V                  ; 2.72 V             ; -0.0349 V          ; 0.173 V                             ; 0.1 V                               ; 2.72e-10 s                 ; 2.69e-10 s                 ; Yes                       ; Yes                       ;
; Instr[27]     ; 2.5 V        ; 0 s                 ; 0 s                 ; 2.62 V                       ; 2.74e-08 V                   ; 2.71 V              ; -0.0317 V           ; 0.148 V                              ; 0.064 V                              ; 4.51e-10 s                  ; 4.15e-10 s                  ; No                         ; Yes                        ; 2.62 V                      ; 2.74e-08 V                  ; 2.71 V             ; -0.0317 V          ; 0.148 V                             ; 0.064 V                             ; 4.51e-10 s                 ; 4.15e-10 s                 ; No                        ; Yes                       ;
; Instr[28]     ; 2.5 V        ; 0 s                 ; 0 s                 ; 2.62 V                       ; 2.74e-08 V                   ; 2.73 V              ; -0.0384 V           ; 0.169 V                              ; 0.089 V                              ; 2.7e-10 s                   ; 2.62e-10 s                  ; Yes                        ; Yes                        ; 2.62 V                      ; 2.74e-08 V                  ; 2.73 V             ; -0.0384 V          ; 0.169 V                             ; 0.089 V                             ; 2.7e-10 s                  ; 2.62e-10 s                 ; Yes                       ; Yes                       ;
; Instr[29]     ; 2.5 V        ; 0 s                 ; 0 s                 ; 2.62 V                       ; 2.74e-08 V                   ; 2.73 V              ; -0.0384 V           ; 0.169 V                              ; 0.089 V                              ; 2.7e-10 s                   ; 2.62e-10 s                  ; Yes                        ; Yes                        ; 2.62 V                      ; 2.74e-08 V                  ; 2.73 V             ; -0.0384 V          ; 0.169 V                             ; 0.089 V                             ; 2.7e-10 s                  ; 2.62e-10 s                 ; Yes                       ; Yes                       ;
; Instr[30]     ; 2.5 V        ; 0 s                 ; 0 s                 ; 2.62 V                       ; 2.74e-08 V                   ; 2.73 V              ; -0.0384 V           ; 0.169 V                              ; 0.089 V                              ; 2.7e-10 s                   ; 2.62e-10 s                  ; Yes                        ; Yes                        ; 2.62 V                      ; 2.74e-08 V                  ; 2.73 V             ; -0.0384 V          ; 0.169 V                             ; 0.089 V                             ; 2.7e-10 s                  ; 2.62e-10 s                 ; Yes                       ; Yes                       ;
; Instr[31]     ; 2.5 V        ; 0 s                 ; 0 s                 ; 2.62 V                       ; 2.74e-08 V                   ; 2.73 V              ; -0.0384 V           ; 0.169 V                              ; 0.089 V                              ; 2.7e-10 s                   ; 2.62e-10 s                  ; Yes                        ; Yes                        ; 2.62 V                      ; 2.74e-08 V                  ; 2.73 V             ; -0.0384 V          ; 0.169 V                             ; 0.089 V                             ; 2.7e-10 s                  ; 2.62e-10 s                 ; Yes                       ; Yes                       ;
; Regout[0]     ; 2.5 V        ; 0 s                 ; 0 s                 ; 2.62 V                       ; 4.05e-08 V                   ; 2.72 V              ; -0.0349 V           ; 0.173 V                              ; 0.1 V                                ; 2.72e-10 s                  ; 2.69e-10 s                  ; Yes                        ; Yes                        ; 2.62 V                      ; 4.05e-08 V                  ; 2.72 V             ; -0.0349 V          ; 0.173 V                             ; 0.1 V                               ; 2.72e-10 s                 ; 2.69e-10 s                 ; Yes                       ; Yes                       ;
; Regout[1]     ; 2.5 V        ; 0 s                 ; 0 s                 ; 2.62 V                       ; 4.05e-08 V                   ; 2.72 V              ; -0.0349 V           ; 0.173 V                              ; 0.1 V                                ; 2.72e-10 s                  ; 2.69e-10 s                  ; Yes                        ; Yes                        ; 2.62 V                      ; 4.05e-08 V                  ; 2.72 V             ; -0.0349 V          ; 0.173 V                             ; 0.1 V                               ; 2.72e-10 s                 ; 2.69e-10 s                 ; Yes                       ; Yes                       ;
; Regout[2]     ; 2.5 V        ; 0 s                 ; 0 s                 ; 2.62 V                       ; 4.05e-08 V                   ; 2.72 V              ; -0.0349 V           ; 0.173 V                              ; 0.1 V                                ; 2.72e-10 s                  ; 2.69e-10 s                  ; Yes                        ; Yes                        ; 2.62 V                      ; 4.05e-08 V                  ; 2.72 V             ; -0.0349 V          ; 0.173 V                             ; 0.1 V                               ; 2.72e-10 s                 ; 2.69e-10 s                 ; Yes                       ; Yes                       ;
; Regout[3]     ; 2.5 V        ; 0 s                 ; 0 s                 ; 2.62 V                       ; 4.05e-08 V                   ; 2.72 V              ; -0.0349 V           ; 0.173 V                              ; 0.1 V                                ; 2.72e-10 s                  ; 2.69e-10 s                  ; Yes                        ; Yes                        ; 2.62 V                      ; 4.05e-08 V                  ; 2.72 V             ; -0.0349 V          ; 0.173 V                             ; 0.1 V                               ; 2.72e-10 s                 ; 2.69e-10 s                 ; Yes                       ; Yes                       ;
; Regout[4]     ; 2.5 V        ; 0 s                 ; 0 s                 ; 2.62 V                       ; 4.05e-08 V                   ; 2.72 V              ; -0.0349 V           ; 0.173 V                              ; 0.1 V                                ; 2.72e-10 s                  ; 2.69e-10 s                  ; Yes                        ; Yes                        ; 2.62 V                      ; 4.05e-08 V                  ; 2.72 V             ; -0.0349 V          ; 0.173 V                             ; 0.1 V                               ; 2.72e-10 s                 ; 2.69e-10 s                 ; Yes                       ; Yes                       ;
; Regout[5]     ; 2.5 V        ; 0 s                 ; 0 s                 ; 2.62 V                       ; 4.05e-08 V                   ; 2.72 V              ; -0.0349 V           ; 0.173 V                              ; 0.1 V                                ; 2.72e-10 s                  ; 2.69e-10 s                  ; Yes                        ; Yes                        ; 2.62 V                      ; 4.05e-08 V                  ; 2.72 V             ; -0.0349 V          ; 0.173 V                             ; 0.1 V                               ; 2.72e-10 s                 ; 2.69e-10 s                 ; Yes                       ; Yes                       ;
; Regout[6]     ; 2.5 V        ; 0 s                 ; 0 s                 ; 2.62 V                       ; 4.05e-08 V                   ; 2.72 V              ; -0.0349 V           ; 0.173 V                              ; 0.1 V                                ; 2.72e-10 s                  ; 2.69e-10 s                  ; Yes                        ; Yes                        ; 2.62 V                      ; 4.05e-08 V                  ; 2.72 V             ; -0.0349 V          ; 0.173 V                             ; 0.1 V                               ; 2.72e-10 s                 ; 2.69e-10 s                 ; Yes                       ; Yes                       ;
; Regout[7]     ; 2.5 V        ; 0 s                 ; 0 s                 ; 2.62 V                       ; 4.05e-08 V                   ; 2.64 V              ; -0.0113 V           ; 0.208 V                              ; 0.179 V                              ; 2.38e-09 s                  ; 2.23e-09 s                  ; No                         ; Yes                        ; 2.62 V                      ; 4.05e-08 V                  ; 2.64 V             ; -0.0113 V          ; 0.208 V                             ; 0.179 V                             ; 2.38e-09 s                 ; 2.23e-09 s                 ; No                        ; Yes                       ;
; Regout[8]     ; 2.5 V        ; 0 s                 ; 0 s                 ; 2.62 V                       ; 4.05e-08 V                   ; 2.72 V              ; -0.0349 V           ; 0.173 V                              ; 0.1 V                                ; 2.72e-10 s                  ; 2.69e-10 s                  ; Yes                        ; Yes                        ; 2.62 V                      ; 4.05e-08 V                  ; 2.72 V             ; -0.0349 V          ; 0.173 V                             ; 0.1 V                               ; 2.72e-10 s                 ; 2.69e-10 s                 ; Yes                       ; Yes                       ;
; Regout[9]     ; 2.5 V        ; 0 s                 ; 0 s                 ; 2.62 V                       ; 4.05e-08 V                   ; 2.72 V              ; -0.0349 V           ; 0.173 V                              ; 0.1 V                                ; 2.72e-10 s                  ; 2.69e-10 s                  ; Yes                        ; Yes                        ; 2.62 V                      ; 4.05e-08 V                  ; 2.72 V             ; -0.0349 V          ; 0.173 V                             ; 0.1 V                               ; 2.72e-10 s                 ; 2.69e-10 s                 ; Yes                       ; Yes                       ;
; Regout[10]    ; 2.5 V        ; 0 s                 ; 0 s                 ; 2.62 V                       ; 4.05e-08 V                   ; 2.72 V              ; -0.0349 V           ; 0.173 V                              ; 0.1 V                                ; 2.72e-10 s                  ; 2.69e-10 s                  ; Yes                        ; Yes                        ; 2.62 V                      ; 4.05e-08 V                  ; 2.72 V             ; -0.0349 V          ; 0.173 V                             ; 0.1 V                               ; 2.72e-10 s                 ; 2.69e-10 s                 ; Yes                       ; Yes                       ;
; Regout[11]    ; 2.5 V        ; 0 s                 ; 0 s                 ; 2.62 V                       ; 4.05e-08 V                   ; 2.72 V              ; -0.0349 V           ; 0.173 V                              ; 0.1 V                                ; 2.72e-10 s                  ; 2.69e-10 s                  ; Yes                        ; Yes                        ; 2.62 V                      ; 4.05e-08 V                  ; 2.72 V             ; -0.0349 V          ; 0.173 V                             ; 0.1 V                               ; 2.72e-10 s                 ; 2.69e-10 s                 ; Yes                       ; Yes                       ;
; Regout[12]    ; 2.5 V        ; 0 s                 ; 0 s                 ; 2.62 V                       ; 4.05e-08 V                   ; 2.72 V              ; -0.0349 V           ; 0.173 V                              ; 0.1 V                                ; 2.72e-10 s                  ; 2.69e-10 s                  ; Yes                        ; Yes                        ; 2.62 V                      ; 4.05e-08 V                  ; 2.72 V             ; -0.0349 V          ; 0.173 V                             ; 0.1 V                               ; 2.72e-10 s                 ; 2.69e-10 s                 ; Yes                       ; Yes                       ;
; Regout[13]    ; 2.5 V        ; 0 s                 ; 0 s                 ; 2.62 V                       ; 4.05e-08 V                   ; 2.72 V              ; -0.0349 V           ; 0.173 V                              ; 0.1 V                                ; 2.72e-10 s                  ; 2.69e-10 s                  ; Yes                        ; Yes                        ; 2.62 V                      ; 4.05e-08 V                  ; 2.72 V             ; -0.0349 V          ; 0.173 V                             ; 0.1 V                               ; 2.72e-10 s                 ; 2.69e-10 s                 ; Yes                       ; Yes                       ;
; Regout[14]    ; 2.5 V        ; 0 s                 ; 0 s                 ; 2.62 V                       ; 4.05e-08 V                   ; 2.72 V              ; -0.0349 V           ; 0.173 V                              ; 0.1 V                                ; 2.72e-10 s                  ; 2.69e-10 s                  ; Yes                        ; Yes                        ; 2.62 V                      ; 4.05e-08 V                  ; 2.72 V             ; -0.0349 V          ; 0.173 V                             ; 0.1 V                               ; 2.72e-10 s                 ; 2.69e-10 s                 ; Yes                       ; Yes                       ;
; Regout[15]    ; 2.5 V        ; 0 s                 ; 0 s                 ; 2.62 V                       ; 4.05e-08 V                   ; 2.72 V              ; -0.0349 V           ; 0.173 V                              ; 0.1 V                                ; 2.72e-10 s                  ; 2.69e-10 s                  ; Yes                        ; Yes                        ; 2.62 V                      ; 4.05e-08 V                  ; 2.72 V             ; -0.0349 V          ; 0.173 V                             ; 0.1 V                               ; 2.72e-10 s                 ; 2.69e-10 s                 ; Yes                       ; Yes                       ;
; Regout[16]    ; 2.5 V        ; 0 s                 ; 0 s                 ; 2.62 V                       ; 4.05e-08 V                   ; 2.72 V              ; -0.0349 V           ; 0.173 V                              ; 0.1 V                                ; 2.72e-10 s                  ; 2.69e-10 s                  ; Yes                        ; Yes                        ; 2.62 V                      ; 4.05e-08 V                  ; 2.72 V             ; -0.0349 V          ; 0.173 V                             ; 0.1 V                               ; 2.72e-10 s                 ; 2.69e-10 s                 ; Yes                       ; Yes                       ;
; Regout[17]    ; 2.5 V        ; 0 s                 ; 0 s                 ; 2.62 V                       ; 4.05e-08 V                   ; 2.72 V              ; -0.0349 V           ; 0.173 V                              ; 0.1 V                                ; 2.72e-10 s                  ; 2.69e-10 s                  ; Yes                        ; Yes                        ; 2.62 V                      ; 4.05e-08 V                  ; 2.72 V             ; -0.0349 V          ; 0.173 V                             ; 0.1 V                               ; 2.72e-10 s                 ; 2.69e-10 s                 ; Yes                       ; Yes                       ;
; Regout[18]    ; 2.5 V        ; 0 s                 ; 0 s                 ; 2.62 V                       ; 2.74e-08 V                   ; 2.71 V              ; -0.0317 V           ; 0.148 V                              ; 0.064 V                              ; 4.51e-10 s                  ; 4.15e-10 s                  ; No                         ; Yes                        ; 2.62 V                      ; 2.74e-08 V                  ; 2.71 V             ; -0.0317 V          ; 0.148 V                             ; 0.064 V                             ; 4.51e-10 s                 ; 4.15e-10 s                 ; No                        ; Yes                       ;
; Regout[19]    ; 2.5 V        ; 0 s                 ; 0 s                 ; 2.62 V                       ; 4.05e-08 V                   ; 2.72 V              ; -0.0349 V           ; 0.173 V                              ; 0.1 V                                ; 2.72e-10 s                  ; 2.69e-10 s                  ; Yes                        ; Yes                        ; 2.62 V                      ; 4.05e-08 V                  ; 2.72 V             ; -0.0349 V          ; 0.173 V                             ; 0.1 V                               ; 2.72e-10 s                 ; 2.69e-10 s                 ; Yes                       ; Yes                       ;
; Regout[20]    ; 2.5 V        ; 0 s                 ; 0 s                 ; 2.62 V                       ; 4.05e-08 V                   ; 2.72 V              ; -0.0349 V           ; 0.173 V                              ; 0.1 V                                ; 2.72e-10 s                  ; 2.69e-10 s                  ; Yes                        ; Yes                        ; 2.62 V                      ; 4.05e-08 V                  ; 2.72 V             ; -0.0349 V          ; 0.173 V                             ; 0.1 V                               ; 2.72e-10 s                 ; 2.69e-10 s                 ; Yes                       ; Yes                       ;
; Regout[21]    ; 2.5 V        ; 0 s                 ; 0 s                 ; 2.62 V                       ; 4.05e-08 V                   ; 2.72 V              ; -0.0349 V           ; 0.173 V                              ; 0.1 V                                ; 2.72e-10 s                  ; 2.69e-10 s                  ; Yes                        ; Yes                        ; 2.62 V                      ; 4.05e-08 V                  ; 2.72 V             ; -0.0349 V          ; 0.173 V                             ; 0.1 V                               ; 2.72e-10 s                 ; 2.69e-10 s                 ; Yes                       ; Yes                       ;
; Regout[22]    ; 2.5 V        ; 0 s                 ; 0 s                 ; 2.62 V                       ; 4.05e-08 V                   ; 2.72 V              ; -0.0349 V           ; 0.173 V                              ; 0.1 V                                ; 2.72e-10 s                  ; 2.69e-10 s                  ; Yes                        ; Yes                        ; 2.62 V                      ; 4.05e-08 V                  ; 2.72 V             ; -0.0349 V          ; 0.173 V                             ; 0.1 V                               ; 2.72e-10 s                 ; 2.69e-10 s                 ; Yes                       ; Yes                       ;
; Regout[23]    ; 2.5 V        ; 0 s                 ; 0 s                 ; 2.62 V                       ; 4.05e-08 V                   ; 2.72 V              ; -0.0349 V           ; 0.173 V                              ; 0.1 V                                ; 2.72e-10 s                  ; 2.69e-10 s                  ; Yes                        ; Yes                        ; 2.62 V                      ; 4.05e-08 V                  ; 2.72 V             ; -0.0349 V          ; 0.173 V                             ; 0.1 V                               ; 2.72e-10 s                 ; 2.69e-10 s                 ; Yes                       ; Yes                       ;
; Regout[24]    ; 2.5 V        ; 0 s                 ; 0 s                 ; 2.62 V                       ; 4.05e-08 V                   ; 2.72 V              ; -0.0349 V           ; 0.173 V                              ; 0.1 V                                ; 2.72e-10 s                  ; 2.69e-10 s                  ; Yes                        ; Yes                        ; 2.62 V                      ; 4.05e-08 V                  ; 2.72 V             ; -0.0349 V          ; 0.173 V                             ; 0.1 V                               ; 2.72e-10 s                 ; 2.69e-10 s                 ; Yes                       ; Yes                       ;
; Regout[25]    ; 2.5 V        ; 0 s                 ; 0 s                 ; 2.62 V                       ; 4.05e-08 V                   ; 2.72 V              ; -0.0349 V           ; 0.173 V                              ; 0.1 V                                ; 2.72e-10 s                  ; 2.69e-10 s                  ; Yes                        ; Yes                        ; 2.62 V                      ; 4.05e-08 V                  ; 2.72 V             ; -0.0349 V          ; 0.173 V                             ; 0.1 V                               ; 2.72e-10 s                 ; 2.69e-10 s                 ; Yes                       ; Yes                       ;
; Regout[26]    ; 2.5 V        ; 0 s                 ; 0 s                 ; 2.62 V                       ; 4.05e-08 V                   ; 2.72 V              ; -0.0349 V           ; 0.173 V                              ; 0.1 V                                ; 2.72e-10 s                  ; 2.69e-10 s                  ; Yes                        ; Yes                        ; 2.62 V                      ; 4.05e-08 V                  ; 2.72 V             ; -0.0349 V          ; 0.173 V                             ; 0.1 V                               ; 2.72e-10 s                 ; 2.69e-10 s                 ; Yes                       ; Yes                       ;
; Regout[27]    ; 2.5 V        ; 0 s                 ; 0 s                 ; 2.62 V                       ; 4.05e-08 V                   ; 2.72 V              ; -0.0349 V           ; 0.173 V                              ; 0.1 V                                ; 2.72e-10 s                  ; 2.69e-10 s                  ; Yes                        ; Yes                        ; 2.62 V                      ; 4.05e-08 V                  ; 2.72 V             ; -0.0349 V          ; 0.173 V                             ; 0.1 V                               ; 2.72e-10 s                 ; 2.69e-10 s                 ; Yes                       ; Yes                       ;
; Regout[28]    ; 2.5 V        ; 0 s                 ; 0 s                 ; 2.62 V                       ; 4.05e-08 V                   ; 2.72 V              ; -0.0349 V           ; 0.173 V                              ; 0.1 V                                ; 2.72e-10 s                  ; 2.69e-10 s                  ; Yes                        ; Yes                        ; 2.62 V                      ; 4.05e-08 V                  ; 2.72 V             ; -0.0349 V          ; 0.173 V                             ; 0.1 V                               ; 2.72e-10 s                 ; 2.69e-10 s                 ; Yes                       ; Yes                       ;
; Regout[29]    ; 2.5 V        ; 0 s                 ; 0 s                 ; 2.62 V                       ; 4.05e-08 V                   ; 2.72 V              ; -0.0349 V           ; 0.173 V                              ; 0.1 V                                ; 2.72e-10 s                  ; 2.69e-10 s                  ; Yes                        ; Yes                        ; 2.62 V                      ; 4.05e-08 V                  ; 2.72 V             ; -0.0349 V          ; 0.173 V                             ; 0.1 V                               ; 2.72e-10 s                 ; 2.69e-10 s                 ; Yes                       ; Yes                       ;
; Regout[30]    ; 2.5 V        ; 0 s                 ; 0 s                 ; 2.62 V                       ; 2.74e-08 V                   ; 2.71 V              ; -0.0317 V           ; 0.148 V                              ; 0.064 V                              ; 4.51e-10 s                  ; 4.15e-10 s                  ; No                         ; Yes                        ; 2.62 V                      ; 2.74e-08 V                  ; 2.71 V             ; -0.0317 V          ; 0.148 V                             ; 0.064 V                             ; 4.51e-10 s                 ; 4.15e-10 s                 ; No                        ; Yes                       ;
; Regout[31]    ; 2.5 V        ; 0 s                 ; 0 s                 ; 2.62 V                       ; 4.05e-08 V                   ; 2.72 V              ; -0.0349 V           ; 0.173 V                              ; 0.1 V                                ; 2.72e-10 s                  ; 2.69e-10 s                  ; Yes                        ; Yes                        ; 2.62 V                      ; 4.05e-08 V                  ; 2.72 V             ; -0.0349 V          ; 0.173 V                             ; 0.1 V                               ; 2.72e-10 s                 ; 2.69e-10 s                 ; Yes                       ; Yes                       ;
; Estado[0]     ; 2.5 V        ; 0 s                 ; 0 s                 ; 2.62 V                       ; 4.05e-08 V                   ; 2.72 V              ; -0.0349 V           ; 0.173 V                              ; 0.1 V                                ; 2.72e-10 s                  ; 2.69e-10 s                  ; Yes                        ; Yes                        ; 2.62 V                      ; 4.05e-08 V                  ; 2.72 V             ; -0.0349 V          ; 0.173 V                             ; 0.1 V                               ; 2.72e-10 s                 ; 2.69e-10 s                 ; Yes                       ; Yes                       ;
; Estado[1]     ; 2.5 V        ; 0 s                 ; 0 s                 ; 2.62 V                       ; 2.74e-08 V                   ; 2.71 V              ; -0.0317 V           ; 0.148 V                              ; 0.064 V                              ; 4.51e-10 s                  ; 4.15e-10 s                  ; No                         ; Yes                        ; 2.62 V                      ; 2.74e-08 V                  ; 2.71 V             ; -0.0317 V          ; 0.148 V                             ; 0.064 V                             ; 4.51e-10 s                 ; 4.15e-10 s                 ; No                        ; Yes                       ;
; Estado[2]     ; 2.5 V        ; 0 s                 ; 0 s                 ; 2.62 V                       ; 4.05e-08 V                   ; 2.72 V              ; -0.0349 V           ; 0.173 V                              ; 0.1 V                                ; 2.72e-10 s                  ; 2.69e-10 s                  ; Yes                        ; Yes                        ; 2.62 V                      ; 4.05e-08 V                  ; 2.72 V             ; -0.0349 V          ; 0.173 V                             ; 0.1 V                               ; 2.72e-10 s                 ; 2.69e-10 s                 ; Yes                       ; Yes                       ;
; Estado[3]     ; 2.5 V        ; 0 s                 ; 0 s                 ; 2.62 V                       ; 4.05e-08 V                   ; 2.72 V              ; -0.0349 V           ; 0.173 V                              ; 0.1 V                                ; 2.72e-10 s                  ; 2.69e-10 s                  ; Yes                        ; Yes                        ; 2.62 V                      ; 4.05e-08 V                  ; 2.72 V             ; -0.0349 V          ; 0.173 V                             ; 0.1 V                               ; 2.72e-10 s                 ; 2.69e-10 s                 ; Yes                       ; Yes                       ;
; ~ALTERA_DCLK~ ; 2.5 V        ; 0 s                 ; 0 s                 ; 2.62 V                       ; 2.22e-08 V                   ; 2.74 V              ; -0.06 V             ; 0.158 V                              ; 0.08 V                               ; 2.68e-10 s                  ; 2.19e-10 s                  ; Yes                        ; Yes                        ; 2.62 V                      ; 2.22e-08 V                  ; 2.74 V             ; -0.06 V            ; 0.158 V                             ; 0.08 V                              ; 2.68e-10 s                 ; 2.19e-10 s                 ; Yes                       ; Yes                       ;
; ~ALTERA_nCEO~ ; 2.5 V        ; 0 s                 ; 0 s                 ; 2.62 V                       ; 3.54e-08 V                   ; 2.7 V               ; -0.00943 V          ; 0.276 V                              ; 0.035 V                              ; 3.19e-10 s                  ; 4.99e-10 s                  ; No                         ; Yes                        ; 2.62 V                      ; 3.54e-08 V                  ; 2.7 V              ; -0.00943 V         ; 0.276 V                             ; 0.035 V                             ; 3.19e-10 s                 ; 4.99e-10 s                 ; No                        ; Yes                       ;
+---------------+--------------+---------------------+---------------------+------------------------------+------------------------------+---------------------+---------------------+--------------------------------------+--------------------------------------+-----------------------------+-----------------------------+----------------------------+----------------------------+-----------------------------+-----------------------------+--------------------+--------------------+-------------------------------------+-------------------------------------+----------------------------+----------------------------+---------------------------+---------------------------+


+-----------------------------------------------------------------------------------+
; Setup Transfers                                                                   ;
+-------------------+-------------------+----------+----------+----------+----------+
; From Clock        ; To Clock          ; RR Paths ; FR Paths ; RF Paths ; FF Paths ;
+-------------------+-------------------+----------+----------+----------+----------+
; CLOCK             ; CLOCK             ; 78028    ; 0        ; 0        ; 0        ;
; ClockDIV_internal ; CLOCK             ; 1        ; 40713    ; 0        ; 0        ;
; CLOCK             ; ClockDIV_internal ; 0        ; 0        ; 3849920  ; 0        ;
; ClockDIV_internal ; ClockDIV_internal ; 0        ; 0        ; 0        ; 2184449  ;
+-------------------+-------------------+----------+----------+----------+----------+
Entries labeled "false path" only account for clock-to-clock false paths and not path-based false paths. As a result, actual path counts may be lower than reported.


+-----------------------------------------------------------------------------------+
; Hold Transfers                                                                    ;
+-------------------+-------------------+----------+----------+----------+----------+
; From Clock        ; To Clock          ; RR Paths ; FR Paths ; RF Paths ; FF Paths ;
+-------------------+-------------------+----------+----------+----------+----------+
; CLOCK             ; CLOCK             ; 78028    ; 0        ; 0        ; 0        ;
; ClockDIV_internal ; CLOCK             ; 1        ; 40713    ; 0        ; 0        ;
; CLOCK             ; ClockDIV_internal ; 0        ; 0        ; 3849920  ; 0        ;
; ClockDIV_internal ; ClockDIV_internal ; 0        ; 0        ; 0        ; 2184449  ;
+-------------------+-------------------+----------+----------+----------+----------+
Entries labeled "false path" only account for clock-to-clock false paths and not path-based false paths. As a result, actual path counts may be lower than reported.


---------------
; Report TCCS ;
---------------
No dedicated SERDES Transmitter circuitry present in device or used in design


---------------
; Report RSKM ;
---------------
No non-DPA dedicated SERDES Receiver circuitry present in device or used in design


+------------------------------------------------+
; Unconstrained Paths Summary                    ;
+---------------------------------+-------+------+
; Property                        ; Setup ; Hold ;
+---------------------------------+-------+------+
; Illegal Clocks                  ; 0     ; 0    ;
; Unconstrained Clocks            ; 0     ; 0    ;
; Unconstrained Input Ports       ; 6     ; 6    ;
; Unconstrained Input Port Paths  ; 1184  ; 1184 ;
; Unconstrained Output Ports      ; 97    ; 97   ;
; Unconstrained Output Port Paths ; 1217  ; 1217 ;
+---------------------------------+-------+------+


+------------------------------------------------------------+
; Clock Status Summary                                       ;
+-------------------+-------------------+------+-------------+
; Target            ; Clock             ; Type ; Status      ;
+-------------------+-------------------+------+-------------+
; CLOCK             ; CLOCK             ; Base ; Constrained ;
; ClockDIV_internal ; ClockDIV_internal ; Base ; Constrained ;
+-------------------+-------------------+------+-------------+


+---------------------------------------------------------------------------------------------------+
; Unconstrained Input Ports                                                                         ;
+------------+--------------------------------------------------------------------------------------+
; Input Port ; Comment                                                                              ;
+------------+--------------------------------------------------------------------------------------+
; Regin[0]   ; No input delay, min/max delays, false-path exceptions, or max skew assignments found ;
; Regin[1]   ; No input delay, min/max delays, false-path exceptions, or max skew assignments found ;
; Regin[2]   ; No input delay, min/max delays, false-path exceptions, or max skew assignments found ;
; Regin[3]   ; No input delay, min/max delays, false-path exceptions, or max skew assignments found ;
; Regin[4]   ; No input delay, min/max delays, false-path exceptions, or max skew assignments found ;
; Reset      ; No input delay, min/max delays, false-path exceptions, or max skew assignments found ;
+------------+--------------------------------------------------------------------------------------+


+-----------------------------------------------------------------------------------------------------+
; Unconstrained Output Ports                                                                          ;
+-------------+---------------------------------------------------------------------------------------+
; Output Port ; Comment                                                                               ;
+-------------+---------------------------------------------------------------------------------------+
; ClockDIV    ; No output delay, min/max delays, false-path exceptions, or max skew assignments found ;
; Instr[0]    ; No output delay, min/max delays, false-path exceptions, or max skew assignments found ;
; Instr[1]    ; No output delay, min/max delays, false-path exceptions, or max skew assignments found ;
; Instr[2]    ; No output delay, min/max delays, false-path exceptions, or max skew assignments found ;
; Instr[3]    ; No output delay, min/max delays, false-path exceptions, or max skew assignments found ;
; Instr[4]    ; No output delay, min/max delays, false-path exceptions, or max skew assignments found ;
; Instr[5]    ; No output delay, min/max delays, false-path exceptions, or max skew assignments found ;
; Instr[6]    ; No output delay, min/max delays, false-path exceptions, or max skew assignments found ;
; Instr[7]    ; No output delay, min/max delays, false-path exceptions, or max skew assignments found ;
; Instr[8]    ; No output delay, min/max delays, false-path exceptions, or max skew assignments found ;
; Instr[9]    ; No output delay, min/max delays, false-path exceptions, or max skew assignments found ;
; Instr[10]   ; No output delay, min/max delays, false-path exceptions, or max skew assignments found ;
; Instr[11]   ; No output delay, min/max delays, false-path exceptions, or max skew assignments found ;
; Instr[12]   ; No output delay, min/max delays, false-path exceptions, or max skew assignments found ;
; Instr[13]   ; No output delay, min/max delays, false-path exceptions, or max skew assignments found ;
; Instr[14]   ; No output delay, min/max delays, false-path exceptions, or max skew assignments found ;
; Instr[15]   ; No output delay, min/max delays, false-path exceptions, or max skew assignments found ;
; Instr[16]   ; No output delay, min/max delays, false-path exceptions, or max skew assignments found ;
; Instr[17]   ; No output delay, min/max delays, false-path exceptions, or max skew assignments found ;
; Instr[18]   ; No output delay, min/max delays, false-path exceptions, or max skew assignments found ;
; Instr[19]   ; No output delay, min/max delays, false-path exceptions, or max skew assignments found ;
; Instr[20]   ; No output delay, min/max delays, false-path exceptions, or max skew assignments found ;
; Instr[21]   ; No output delay, min/max delays, false-path exceptions, or max skew assignments found ;
; Instr[22]   ; No output delay, min/max delays, false-path exceptions, or max skew assignments found ;
; Instr[23]   ; No output delay, min/max delays, false-path exceptions, or max skew assignments found ;
; Instr[24]   ; No output delay, min/max delays, false-path exceptions, or max skew assignments found ;
; Instr[25]   ; No output delay, min/max delays, false-path exceptions, or max skew assignments found ;
; Instr[26]   ; No output delay, min/max delays, false-path exceptions, or max skew assignments found ;
; Instr[27]   ; No output delay, min/max delays, false-path exceptions, or max skew assignments found ;
; Instr[28]   ; No output delay, min/max delays, false-path exceptions, or max skew assignments found ;
; Instr[29]   ; No output delay, min/max delays, false-path exceptions, or max skew assignments found ;
; Instr[30]   ; No output delay, min/max delays, false-path exceptions, or max skew assignments found ;
; Instr[31]   ; No output delay, min/max delays, false-path exceptions, or max skew assignments found ;
; PC[0]       ; No output delay, min/max delays, false-path exceptions, or max skew assignments found ;
; PC[1]       ; No output delay, min/max delays, false-path exceptions, or max skew assignments found ;
; PC[2]       ; No output delay, min/max delays, false-path exceptions, or max skew assignments found ;
; PC[3]       ; No output delay, min/max delays, false-path exceptions, or max skew assignments found ;
; PC[4]       ; No output delay, min/max delays, false-path exceptions, or max skew assignments found ;
; PC[5]       ; No output delay, min/max delays, false-path exceptions, or max skew assignments found ;
; PC[6]       ; No output delay, min/max delays, false-path exceptions, or max skew assignments found ;
; PC[7]       ; No output delay, min/max delays, false-path exceptions, or max skew assignments found ;
; PC[8]       ; No output delay, min/max delays, false-path exceptions, or max skew assignments found ;
; PC[9]       ; No output delay, min/max delays, false-path exceptions, or max skew assignments found ;
; PC[10]      ; No output delay, min/max delays, false-path exceptions, or max skew assignments found ;
; PC[11]      ; No output delay, min/max delays, false-path exceptions, or max skew assignments found ;
; PC[12]      ; No output delay, min/max delays, false-path exceptions, or max skew assignments found ;
; PC[13]      ; No output delay, min/max delays, false-path exceptions, or max skew assignments found ;
; PC[14]      ; No output delay, min/max delays, false-path exceptions, or max skew assignments found ;
; PC[15]      ; No output delay, min/max delays, false-path exceptions, or max skew assignments found ;
; PC[16]      ; No output delay, min/max delays, false-path exceptions, or max skew assignments found ;
; PC[17]      ; No output delay, min/max delays, false-path exceptions, or max skew assignments found ;
; PC[18]      ; No output delay, min/max delays, false-path exceptions, or max skew assignments found ;
; PC[19]      ; No output delay, min/max delays, false-path exceptions, or max skew assignments found ;
; PC[20]      ; No output delay, min/max delays, false-path exceptions, or max skew assignments found ;
; PC[21]      ; No output delay, min/max delays, false-path exceptions, or max skew assignments found ;
; PC[22]      ; No output delay, min/max delays, false-path exceptions, or max skew assignments found ;
; PC[23]      ; No output delay, min/max delays, false-path exceptions, or max skew assignments found ;
; PC[24]      ; No output delay, min/max delays, false-path exceptions, or max skew assignments found ;
; PC[25]      ; No output delay, min/max delays, false-path exceptions, or max skew assignments found ;
; PC[26]      ; No output delay, min/max delays, false-path exceptions, or max skew assignments found ;
; PC[27]      ; No output delay, min/max delays, false-path exceptions, or max skew assignments found ;
; PC[28]      ; No output delay, min/max delays, false-path exceptions, or max skew assignments found ;
; PC[29]      ; No output delay, min/max delays, false-path exceptions, or max skew assignments found ;
; PC[30]      ; No output delay, min/max delays, false-path exceptions, or max skew assignments found ;
; PC[31]      ; No output delay, min/max delays, false-path exceptions, or max skew assignments found ;
; Regout[0]   ; No output delay, min/max delays, false-path exceptions, or max skew assignments found ;
; Regout[1]   ; No output delay, min/max delays, false-path exceptions, or max skew assignments found ;
; Regout[2]   ; No output delay, min/max delays, false-path exceptions, or max skew assignments found ;
; Regout[3]   ; No output delay, min/max delays, false-path exceptions, or max skew assignments found ;
; Regout[4]   ; No output delay, min/max delays, false-path exceptions, or max skew assignments found ;
; Regout[5]   ; No output delay, min/max delays, false-path exceptions, or max skew assignments found ;
; Regout[6]   ; No output delay, min/max delays, false-path exceptions, or max skew assignments found ;
; Regout[7]   ; No output delay, min/max delays, false-path exceptions, or max skew assignments found ;
; Regout[8]   ; No output delay, min/max delays, false-path exceptions, or max skew assignments found ;
; Regout[9]   ; No output delay, min/max delays, false-path exceptions, or max skew assignments found ;
; Regout[10]  ; No output delay, min/max delays, false-path exceptions, or max skew assignments found ;
; Regout[11]  ; No output delay, min/max delays, false-path exceptions, or max skew assignments found ;
; Regout[12]  ; No output delay, min/max delays, false-path exceptions, or max skew assignments found ;
; Regout[13]  ; No output delay, min/max delays, false-path exceptions, or max skew assignments found ;
; Regout[14]  ; No output delay, min/max delays, false-path exceptions, or max skew assignments found ;
; Regout[15]  ; No output delay, min/max delays, false-path exceptions, or max skew assignments found ;
; Regout[16]  ; No output delay, min/max delays, false-path exceptions, or max skew assignments found ;
; Regout[17]  ; No output delay, min/max delays, false-path exceptions, or max skew assignments found ;
; Regout[18]  ; No output delay, min/max delays, false-path exceptions, or max skew assignments found ;
; Regout[19]  ; No output delay, min/max delays, false-path exceptions, or max skew assignments found ;
; Regout[20]  ; No output delay, min/max delays, false-path exceptions, or max skew assignments found ;
; Regout[21]  ; No output delay, min/max delays, false-path exceptions, or max skew assignments found ;
; Regout[22]  ; No output delay, min/max delays, false-path exceptions, or max skew assignments found ;
; Regout[23]  ; No output delay, min/max delays, false-path exceptions, or max skew assignments found ;
; Regout[24]  ; No output delay, min/max delays, false-path exceptions, or max skew assignments found ;
; Regout[25]  ; No output delay, min/max delays, false-path exceptions, or max skew assignments found ;
; Regout[26]  ; No output delay, min/max delays, false-path exceptions, or max skew assignments found ;
; Regout[27]  ; No output delay, min/max delays, false-path exceptions, or max skew assignments found ;
; Regout[28]  ; No output delay, min/max delays, false-path exceptions, or max skew assignments found ;
; Regout[29]  ; No output delay, min/max delays, false-path exceptions, or max skew assignments found ;
; Regout[30]  ; No output delay, min/max delays, false-path exceptions, or max skew assignments found ;
; Regout[31]  ; No output delay, min/max delays, false-path exceptions, or max skew assignments found ;
+-------------+---------------------------------------------------------------------------------------+


+---------------------------------------------------------------------------------------------------+
; Unconstrained Input Ports                                                                         ;
+------------+--------------------------------------------------------------------------------------+
; Input Port ; Comment                                                                              ;
+------------+--------------------------------------------------------------------------------------+
; Regin[0]   ; No input delay, min/max delays, false-path exceptions, or max skew assignments found ;
; Regin[1]   ; No input delay, min/max delays, false-path exceptions, or max skew assignments found ;
; Regin[2]   ; No input delay, min/max delays, false-path exceptions, or max skew assignments found ;
; Regin[3]   ; No input delay, min/max delays, false-path exceptions, or max skew assignments found ;
; Regin[4]   ; No input delay, min/max delays, false-path exceptions, or max skew assignments found ;
; Reset      ; No input delay, min/max delays, false-path exceptions, or max skew assignments found ;
+------------+--------------------------------------------------------------------------------------+


+-----------------------------------------------------------------------------------------------------+
; Unconstrained Output Ports                                                                          ;
+-------------+---------------------------------------------------------------------------------------+
; Output Port ; Comment                                                                               ;
+-------------+---------------------------------------------------------------------------------------+
; ClockDIV    ; No output delay, min/max delays, false-path exceptions, or max skew assignments found ;
; Instr[0]    ; No output delay, min/max delays, false-path exceptions, or max skew assignments found ;
; Instr[1]    ; No output delay, min/max delays, false-path exceptions, or max skew assignments found ;
; Instr[2]    ; No output delay, min/max delays, false-path exceptions, or max skew assignments found ;
; Instr[3]    ; No output delay, min/max delays, false-path exceptions, or max skew assignments found ;
; Instr[4]    ; No output delay, min/max delays, false-path exceptions, or max skew assignments found ;
; Instr[5]    ; No output delay, min/max delays, false-path exceptions, or max skew assignments found ;
; Instr[6]    ; No output delay, min/max delays, false-path exceptions, or max skew assignments found ;
; Instr[7]    ; No output delay, min/max delays, false-path exceptions, or max skew assignments found ;
; Instr[8]    ; No output delay, min/max delays, false-path exceptions, or max skew assignments found ;
; Instr[9]    ; No output delay, min/max delays, false-path exceptions, or max skew assignments found ;
; Instr[10]   ; No output delay, min/max delays, false-path exceptions, or max skew assignments found ;
; Instr[11]   ; No output delay, min/max delays, false-path exceptions, or max skew assignments found ;
; Instr[12]   ; No output delay, min/max delays, false-path exceptions, or max skew assignments found ;
; Instr[13]   ; No output delay, min/max delays, false-path exceptions, or max skew assignments found ;
; Instr[14]   ; No output delay, min/max delays, false-path exceptions, or max skew assignments found ;
; Instr[15]   ; No output delay, min/max delays, false-path exceptions, or max skew assignments found ;
; Instr[16]   ; No output delay, min/max delays, false-path exceptions, or max skew assignments found ;
; Instr[17]   ; No output delay, min/max delays, false-path exceptions, or max skew assignments found ;
; Instr[18]   ; No output delay, min/max delays, false-path exceptions, or max skew assignments found ;
; Instr[19]   ; No output delay, min/max delays, false-path exceptions, or max skew assignments found ;
; Instr[20]   ; No output delay, min/max delays, false-path exceptions, or max skew assignments found ;
; Instr[21]   ; No output delay, min/max delays, false-path exceptions, or max skew assignments found ;
; Instr[22]   ; No output delay, min/max delays, false-path exceptions, or max skew assignments found ;
; Instr[23]   ; No output delay, min/max delays, false-path exceptions, or max skew assignments found ;
; Instr[24]   ; No output delay, min/max delays, false-path exceptions, or max skew assignments found ;
; Instr[25]   ; No output delay, min/max delays, false-path exceptions, or max skew assignments found ;
; Instr[26]   ; No output delay, min/max delays, false-path exceptions, or max skew assignments found ;
; Instr[27]   ; No output delay, min/max delays, false-path exceptions, or max skew assignments found ;
; Instr[28]   ; No output delay, min/max delays, false-path exceptions, or max skew assignments found ;
; Instr[29]   ; No output delay, min/max delays, false-path exceptions, or max skew assignments found ;
; Instr[30]   ; No output delay, min/max delays, false-path exceptions, or max skew assignments found ;
; Instr[31]   ; No output delay, min/max delays, false-path exceptions, or max skew assignments found ;
; PC[0]       ; No output delay, min/max delays, false-path exceptions, or max skew assignments found ;
; PC[1]       ; No output delay, min/max delays, false-path exceptions, or max skew assignments found ;
; PC[2]       ; No output delay, min/max delays, false-path exceptions, or max skew assignments found ;
; PC[3]       ; No output delay, min/max delays, false-path exceptions, or max skew assignments found ;
; PC[4]       ; No output delay, min/max delays, false-path exceptions, or max skew assignments found ;
; PC[5]       ; No output delay, min/max delays, false-path exceptions, or max skew assignments found ;
; PC[6]       ; No output delay, min/max delays, false-path exceptions, or max skew assignments found ;
; PC[7]       ; No output delay, min/max delays, false-path exceptions, or max skew assignments found ;
; PC[8]       ; No output delay, min/max delays, false-path exceptions, or max skew assignments found ;
; PC[9]       ; No output delay, min/max delays, false-path exceptions, or max skew assignments found ;
; PC[10]      ; No output delay, min/max delays, false-path exceptions, or max skew assignments found ;
; PC[11]      ; No output delay, min/max delays, false-path exceptions, or max skew assignments found ;
; PC[12]      ; No output delay, min/max delays, false-path exceptions, or max skew assignments found ;
; PC[13]      ; No output delay, min/max delays, false-path exceptions, or max skew assignments found ;
; PC[14]      ; No output delay, min/max delays, false-path exceptions, or max skew assignments found ;
; PC[15]      ; No output delay, min/max delays, false-path exceptions, or max skew assignments found ;
; PC[16]      ; No output delay, min/max delays, false-path exceptions, or max skew assignments found ;
; PC[17]      ; No output delay, min/max delays, false-path exceptions, or max skew assignments found ;
; PC[18]      ; No output delay, min/max delays, false-path exceptions, or max skew assignments found ;
; PC[19]      ; No output delay, min/max delays, false-path exceptions, or max skew assignments found ;
; PC[20]      ; No output delay, min/max delays, false-path exceptions, or max skew assignments found ;
; PC[21]      ; No output delay, min/max delays, false-path exceptions, or max skew assignments found ;
; PC[22]      ; No output delay, min/max delays, false-path exceptions, or max skew assignments found ;
; PC[23]      ; No output delay, min/max delays, false-path exceptions, or max skew assignments found ;
; PC[24]      ; No output delay, min/max delays, false-path exceptions, or max skew assignments found ;
; PC[25]      ; No output delay, min/max delays, false-path exceptions, or max skew assignments found ;
; PC[26]      ; No output delay, min/max delays, false-path exceptions, or max skew assignments found ;
; PC[27]      ; No output delay, min/max delays, false-path exceptions, or max skew assignments found ;
; PC[28]      ; No output delay, min/max delays, false-path exceptions, or max skew assignments found ;
; PC[29]      ; No output delay, min/max delays, false-path exceptions, or max skew assignments found ;
; PC[30]      ; No output delay, min/max delays, false-path exceptions, or max skew assignments found ;
; PC[31]      ; No output delay, min/max delays, false-path exceptions, or max skew assignments found ;
; Regout[0]   ; No output delay, min/max delays, false-path exceptions, or max skew assignments found ;
; Regout[1]   ; No output delay, min/max delays, false-path exceptions, or max skew assignments found ;
; Regout[2]   ; No output delay, min/max delays, false-path exceptions, or max skew assignments found ;
; Regout[3]   ; No output delay, min/max delays, false-path exceptions, or max skew assignments found ;
; Regout[4]   ; No output delay, min/max delays, false-path exceptions, or max skew assignments found ;
; Regout[5]   ; No output delay, min/max delays, false-path exceptions, or max skew assignments found ;
; Regout[6]   ; No output delay, min/max delays, false-path exceptions, or max skew assignments found ;
; Regout[7]   ; No output delay, min/max delays, false-path exceptions, or max skew assignments found ;
; Regout[8]   ; No output delay, min/max delays, false-path exceptions, or max skew assignments found ;
; Regout[9]   ; No output delay, min/max delays, false-path exceptions, or max skew assignments found ;
; Regout[10]  ; No output delay, min/max delays, false-path exceptions, or max skew assignments found ;
; Regout[11]  ; No output delay, min/max delays, false-path exceptions, or max skew assignments found ;
; Regout[12]  ; No output delay, min/max delays, false-path exceptions, or max skew assignments found ;
; Regout[13]  ; No output delay, min/max delays, false-path exceptions, or max skew assignments found ;
; Regout[14]  ; No output delay, min/max delays, false-path exceptions, or max skew assignments found ;
; Regout[15]  ; No output delay, min/max delays, false-path exceptions, or max skew assignments found ;
; Regout[16]  ; No output delay, min/max delays, false-path exceptions, or max skew assignments found ;
; Regout[17]  ; No output delay, min/max delays, false-path exceptions, or max skew assignments found ;
; Regout[18]  ; No output delay, min/max delays, false-path exceptions, or max skew assignments found ;
; Regout[19]  ; No output delay, min/max delays, false-path exceptions, or max skew assignments found ;
; Regout[20]  ; No output delay, min/max delays, false-path exceptions, or max skew assignments found ;
; Regout[21]  ; No output delay, min/max delays, false-path exceptions, or max skew assignments found ;
; Regout[22]  ; No output delay, min/max delays, false-path exceptions, or max skew assignments found ;
; Regout[23]  ; No output delay, min/max delays, false-path exceptions, or max skew assignments found ;
; Regout[24]  ; No output delay, min/max delays, false-path exceptions, or max skew assignments found ;
; Regout[25]  ; No output delay, min/max delays, false-path exceptions, or max skew assignments found ;
; Regout[26]  ; No output delay, min/max delays, false-path exceptions, or max skew assignments found ;
; Regout[27]  ; No output delay, min/max delays, false-path exceptions, or max skew assignments found ;
; Regout[28]  ; No output delay, min/max delays, false-path exceptions, or max skew assignments found ;
; Regout[29]  ; No output delay, min/max delays, false-path exceptions, or max skew assignments found ;
; Regout[30]  ; No output delay, min/max delays, false-path exceptions, or max skew assignments found ;
; Regout[31]  ; No output delay, min/max delays, false-path exceptions, or max skew assignments found ;
+-------------+---------------------------------------------------------------------------------------+


+--------------------------+
; Timing Analyzer Messages ;
+--------------------------+
Info: *******************************************************************
Info: Running Quartus Prime Timing Analyzer
    Info: Version 24.1std.0 Build 1077 03/04/2025 SC Lite Edition
    Info: Processing started: Sun Jun  8 16:42:31 2025
Info: Command: quartus_sta riscv -c riscv
Info: qsta_default_script.tcl version: #1
Warning (18236): Number of processors has not been specified which may cause overloading on shared machines.  Set the global assignment NUM_PARALLEL_PROCESSORS in your QSF to an appropriate value for best performance.
Info (20030): Parallel compilation is enabled and will use 12 of the 12 processors detected
Info (21076): High junction temperature operating condition is not set. Assuming a default value of '85'.
Info (21076): Low junction temperature operating condition is not set. Assuming a default value of '0'.
Critical Warning (332012): Synopsys Design Constraints File file not found: 'riscv.sdc'. A Synopsys Design Constraints File is required by the Timing Analyzer to get proper timing constraints. Without it, the Compiler will not properly optimize the design.
Info (332142): No user constrained base clocks found in the design. Calling "derive_clocks -period 1.0"
Info (332105): Deriving Clocks
    Info (332105): create_clock -period 1.000 -name ClockDIV_internal ClockDIV_internal
    Info (332105): create_clock -period 1.000 -name CLOCK CLOCK
Info (332143): No user constrained clock uncertainty found in the design. Calling "derive_clock_uncertainty"
Info (332123): Deriving Clock Uncertainty. Please refer to report_sdc in the Timing Analyzer to see clock uncertainties.
Info: Found TIMING_ANALYZER_REPORT_SCRIPT_INCLUDE_DEFAULT_ANALYSIS = ON
Info: Analyzing Slow 1200mV 85C Model
Critical Warning (332148): Timing requirements not met
    Info (11105): For recommendations on closing timing, run Report Timing Closure Recommendations in the Timing Analyzer.
Info (332146): Worst-case setup slack is -14.326
    Info (332119):     Slack       End Point TNS Clock 
    Info (332119): ========= =================== =====================
    Info (332119):   -14.326          -13298.114 ClockDIV_internal 
    Info (332119):   -10.968             -97.540 CLOCK 
Info (332146): Worst-case hold slack is 0.355
    Info (332119):     Slack       End Point TNS Clock 
    Info (332119): ========= =================== =====================
    Info (332119):     0.355               0.000 ClockDIV_internal 
    Info (332119):     0.466               0.000 CLOCK 
Info (332140): No Recovery paths to report
Info (332140): No Removal paths to report
Info (332146): Worst-case minimum pulse width slack is -3.000
    Info (332119):     Slack       End Point TNS Clock 
    Info (332119): ========= =================== =====================
    Info (332119):    -3.000             -47.480 CLOCK 
    Info (332119):    -1.000           -1024.000 ClockDIV_internal 
Info: Analyzing Slow 1200mV 0C Model
Info (334003): Started post-fitting delay annotation
Info (334004): Delay annotation completed successfully
Info (332123): Deriving Clock Uncertainty. Please refer to report_sdc in the Timing Analyzer to see clock uncertainties.
Critical Warning (332148): Timing requirements not met
    Info (11105): For recommendations on closing timing, run Report Timing Closure Recommendations in the Timing Analyzer.
Info (332146): Worst-case setup slack is -12.827
    Info (332119):     Slack       End Point TNS Clock 
    Info (332119): ========= =================== =====================
    Info (332119):   -12.827          -11967.839 ClockDIV_internal 
    Info (332119):    -9.826             -86.386 CLOCK 
Info (332146): Worst-case hold slack is 0.312
    Info (332119):     Slack       End Point TNS Clock 
    Info (332119): ========= =================== =====================
    Info (332119):     0.312               0.000 ClockDIV_internal 
    Info (332119):     0.412               0.000 CLOCK 
Info (332140): No Recovery paths to report
Info (332140): No Removal paths to report
Info (332146): Worst-case minimum pulse width slack is -3.000
    Info (332119):     Slack       End Point TNS Clock 
    Info (332119): ========= =================== =====================
    Info (332119):    -3.000             -47.480 CLOCK 
    Info (332119):    -1.000           -1024.000 ClockDIV_internal 
Info: Analyzing Fast 1200mV 0C Model
Info (332123): Deriving Clock Uncertainty. Please refer to report_sdc in the Timing Analyzer to see clock uncertainties.
Critical Warning (332148): Timing requirements not met
    Info (11105): For recommendations on closing timing, run Report Timing Closure Recommendations in the Timing Analyzer.
Info (332146): Worst-case setup slack is -7.947
    Info (332119):     Slack       End Point TNS Clock 
    Info (332119): ========= =================== =====================
    Info (332119):    -7.947           -7289.474 ClockDIV_internal 
    Info (332119):    -5.678             -48.315 CLOCK 
Info (332146): Worst-case hold slack is 0.184
    Info (332119):     Slack       End Point TNS Clock 
    Info (332119): ========= =================== =====================
    Info (332119):     0.184               0.000 ClockDIV_internal 
    Info (332119):     0.235               0.000 CLOCK 
Info (332140): No Recovery paths to report
Info (332140): No Removal paths to report
Info (332146): Worst-case minimum pulse width slack is -3.000
    Info (332119):     Slack       End Point TNS Clock 
    Info (332119): ========= =================== =====================
    Info (332119):    -3.000             -26.609 CLOCK 
    Info (332119):    -1.000           -1024.000 ClockDIV_internal 
Info (332102): Design is not fully constrained for setup requirements
Info (332102): Design is not fully constrained for hold requirements
Info: Quartus Prime Timing Analyzer was successful. 0 errors, 5 warnings
    Info: Peak virtual memory: 4919 megabytes
    Info: Processing ended: Sun Jun  8 16:42:33 2025
    Info: Elapsed time: 00:00:02
    Info: Total CPU time (on all processors): 00:00:03


